"Session_ID","Round","Algorithm_Used","Arm","Device_Type","Time_of_Day","Reward","True_CTR","Cumulative_Reward","Regret","Cumulative_Regret"
1,1,"Random (Pure Exploration)","Ad_A","Tablet","Morning",0,0.05,0,0.07,0.07
2,2,"Random (Pure Exploration)","Ad_A","Tablet","Morning",0,0.05,0,0.07,0.14
3,3,"Random (Pure Exploration)","Ad_B","Desktop","Evening",0,0.08,0,0.04,0.18
4,4,"Random (Pure Exploration)","Ad_B","Desktop","Morning",0,0.08,0,0.04,0.22
5,5,"Random (Pure Exploration)","Ad_A","Desktop","Evening",0,0.05,0,0.07,0.29
6,6,"Random (Pure Exploration)","Ad_C","Mobile","Evening",0,0.12,0,0,0.29
7,7,"Random (Pure Exploration)","Ad_C","Tablet","Evening",0,0.12,0,0,0.29
8,8,"Random (Pure Exploration)","Ad_A","Tablet","Afternoon",0,0.05,0,0.07,0.36
9,9,"Random (Pure Exploration)","Ad_B","Mobile","Afternoon",0,0.08,0,0.04,0.4
10,10,"Random (Pure Exploration)","Ad_B","Desktop","Morning",0,0.08,0,0.04,0.44
11,11,"Random (Pure Exploration)","Ad_C","Mobile","Morning",0,0.12,0,0,0.44
12,12,"Random (Pure Exploration)","Ad_A","Desktop","Morning",0,0.05,0,0.07,0.51
13,13,"Random (Pure Exploration)","Ad_C","Tablet","Morning",0,0.12,0,0,0.51
14,14,"Random (Pure Exploration)","Ad_A","Desktop","Afternoon",0,0.05,0,0.07,0.58
15,15,"Random (Pure Exploration)","Ad_A","Mobile","Morning",0,0.05,0,0.07,0.65
16,16,"Random (Pure Exploration)","Ad_D","Tablet","Afternoon",0,0.1,0,0.02,0.67
17,17,"Random (Pure Exploration)","Ad_D","Mobile","Morning",0,0.1,0,0.02,0.69
18,18,"Random (Pure Exploration)","Ad_C","Mobile","Morning",0,0.12,0,0,0.69
19,19,"Random (Pure Exploration)","Ad_A","Desktop","Morning",0,0.05,0,0.07,0.76
20,20,"Random (Pure Exploration)","Ad_D","Tablet","Evening",0,0.1,0,0.02,0.78
21,21,"Random (Pure Exploration)","Ad_C","Tablet","Morning",0,0.12,0,0,0.78
22,22,"Random (Pure Exploration)","Ad_B","Desktop","Evening",1,0.08,1,0.04,0.82
23,23,"Random (Pure Exploration)","Ad_D","Desktop","Afternoon",1,0.1,2,0.02,0.84
24,24,"Random (Pure Exploration)","Ad_D","Mobile","Afternoon",0,0.1,2,0.02,0.86
25,25,"Random (Pure Exploration)","Ad_B","Mobile","Evening",0,0.08,2,0.04,0.9
26,26,"Random (Pure Exploration)","Ad_D","Mobile","Morning",0,0.1,2,0.02,0.92
27,27,"Random (Pure Exploration)","Ad_D","Desktop","Evening",0,0.1,2,0.02,0.94
28,28,"Random (Pure Exploration)","Ad_D","Mobile","Morning",0,0.1,2,0.02,0.96
29,29,"Random (Pure Exploration)","Ad_C","Tablet","Morning",0,0.12,2,0,0.96
30,30,"Random (Pure Exploration)","Ad_C","Desktop","Morning",0,0.12,2,0,0.96
31,31,"Random (Pure Exploration)","Ad_A","Desktop","Evening",1,0.05,3,0.07,1.03
32,32,"Random (Pure Exploration)","Ad_B","Desktop","Morning",0,0.08,3,0.04,1.07
33,33,"Random (Pure Exploration)","Ad_B","Mobile","Afternoon",0,0.08,3,0.04,1.11
34,34,"Random (Pure Exploration)","Ad_D","Desktop","Afternoon",0,0.1,3,0.02,1.13
35,35,"Random (Pure Exploration)","Ad_B","Desktop","Evening",0,0.08,3,0.04,1.17
36,36,"Random (Pure Exploration)","Ad_B","Mobile","Morning",0,0.08,3,0.04,1.21
37,37,"Random (Pure Exploration)","Ad_B","Mobile","Afternoon",0,0.08,3,0.04,1.25
38,38,"Random (Pure Exploration)","Ad_B","Mobile","Evening",0,0.08,3,0.04,1.29
39,39,"Random (Pure Exploration)","Ad_A","Tablet","Evening",0,0.05,3,0.07,1.36
40,40,"Random (Pure Exploration)","Ad_A","Desktop","Afternoon",0,0.05,3,0.07,1.43
41,41,"Random (Pure Exploration)","Ad_D","Desktop","Afternoon",0,0.1,3,0.02,1.45
42,42,"Random (Pure Exploration)","Ad_B","Desktop","Afternoon",0,0.08,3,0.04,1.49
43,43,"Random (Pure Exploration)","Ad_A","Desktop","Evening",0,0.05,3,0.07,1.56
44,44,"Random (Pure Exploration)","Ad_D","Desktop","Afternoon",0,0.1,3,0.02,1.58
45,45,"Random (Pure Exploration)","Ad_C","Tablet","Morning",0,0.12,3,0,1.58
46,46,"Random (Pure Exploration)","Ad_A","Tablet","Morning",0,0.05,3,0.07,1.65
47,47,"Random (Pure Exploration)","Ad_A","Desktop","Morning",0,0.05,3,0.07,1.72
48,48,"Random (Pure Exploration)","Ad_D","Desktop","Afternoon",0,0.1,3,0.02,1.74
49,49,"Random (Pure Exploration)","Ad_A","Desktop","Afternoon",0,0.05,3,0.07,1.81
50,50,"Random (Pure Exploration)","Ad_B","Tablet","Afternoon",0,0.08,3,0.04,1.85
51,51,"Random (Pure Exploration)","Ad_B","Tablet","Evening",0,0.08,3,0.04,1.89
52,52,"Random (Pure Exploration)","Ad_A","Tablet","Evening",0,0.05,3,0.07,1.96
53,53,"Random (Pure Exploration)","Ad_A","Mobile","Morning",1,0.05,4,0.07,2.03
54,54,"Random (Pure Exploration)","Ad_D","Mobile","Evening",0,0.1,4,0.02,2.05
55,55,"Random (Pure Exploration)","Ad_D","Desktop","Morning",0,0.1,4,0.02,2.07
56,56,"Random (Pure Exploration)","Ad_D","Mobile","Morning",0,0.1,4,0.02,2.09
57,57,"Random (Pure Exploration)","Ad_D","Tablet","Morning",0,0.1,4,0.02,2.11
58,58,"Random (Pure Exploration)","Ad_B","Mobile","Evening",0,0.08,4,0.04,2.15
59,59,"Random (Pure Exploration)","Ad_C","Tablet","Evening",0,0.12,4,0,2.15
60,60,"Random (Pure Exploration)","Ad_A","Tablet","Evening",0,0.05,4,0.07,2.22
61,61,"Random (Pure Exploration)","Ad_C","Tablet","Evening",0,0.12,4,0,2.22
62,62,"Random (Pure Exploration)","Ad_D","Tablet","Morning",0,0.1,4,0.02,2.24
63,63,"Random (Pure Exploration)","Ad_D","Mobile","Afternoon",0,0.1,4,0.02,2.26
64,64,"Random (Pure Exploration)","Ad_A","Tablet","Morning",1,0.05,5,0.07,2.33
65,65,"Random (Pure Exploration)","Ad_A","Tablet","Evening",0,0.05,5,0.07,2.4
66,66,"Random (Pure Exploration)","Ad_A","Tablet","Morning",0,0.05,5,0.07,2.47
67,67,"Random (Pure Exploration)","Ad_C","Mobile","Afternoon",1,0.12,6,0,2.47
68,68,"Random (Pure Exploration)","Ad_B","Tablet","Morning",0,0.08,6,0.04,2.51
69,69,"Random (Pure Exploration)","Ad_D","Desktop","Evening",0,0.1,6,0.02,2.53
70,70,"Random (Pure Exploration)","Ad_C","Mobile","Afternoon",0,0.12,6,0,2.53
71,71,"Random (Pure Exploration)","Ad_A","Desktop","Evening",0,0.05,6,0.07,2.6
72,72,"Random (Pure Exploration)","Ad_B","Mobile","Afternoon",0,0.08,6,0.04,2.64
73,73,"Random (Pure Exploration)","Ad_A","Tablet","Afternoon",0,0.05,6,0.07,2.71
74,74,"Random (Pure Exploration)","Ad_D","Mobile","Afternoon",1,0.1,7,0.02,2.73
75,75,"Random (Pure Exploration)","Ad_C","Mobile","Morning",0,0.12,7,0,2.73
76,76,"Random (Pure Exploration)","Ad_B","Mobile","Evening",0,0.08,7,0.04,2.77
77,77,"Random (Pure Exploration)","Ad_A","Desktop","Afternoon",0,0.05,7,0.07,2.84
78,78,"Random (Pure Exploration)","Ad_A","Tablet","Morning",0,0.05,7,0.07,2.91
79,79,"Random (Pure Exploration)","Ad_A","Mobile","Morning",0,0.05,7,0.07,2.98
80,80,"Random (Pure Exploration)","Ad_C","Mobile","Afternoon",0,0.12,7,0,2.98
81,81,"Random (Pure Exploration)","Ad_A","Tablet","Evening",0,0.05,7,0.07,3.05
82,82,"Random (Pure Exploration)","Ad_B","Tablet","Morning",0,0.08,7,0.04,3.09
83,83,"Random (Pure Exploration)","Ad_B","Desktop","Afternoon",0,0.08,7,0.04,3.13
84,84,"Random (Pure Exploration)","Ad_C","Tablet","Afternoon",0,0.12,7,0,3.13
85,85,"Random (Pure Exploration)","Ad_B","Mobile","Morning",0,0.08,7,0.04,3.17
86,86,"Random (Pure Exploration)","Ad_D","Desktop","Afternoon",0,0.1,7,0.02,3.19
87,87,"Random (Pure Exploration)","Ad_D","Mobile","Morning",0,0.1,7,0.02,3.21
88,88,"Random (Pure Exploration)","Ad_A","Mobile","Afternoon",0,0.05,7,0.07,3.28
89,89,"Random (Pure Exploration)","Ad_C","Tablet","Afternoon",0,0.12,7,0,3.28
90,90,"Random (Pure Exploration)","Ad_B","Tablet","Morning",0,0.08,7,0.04,3.32
91,91,"Random (Pure Exploration)","Ad_B","Mobile","Evening",0,0.08,7,0.04,3.36
92,92,"Random (Pure Exploration)","Ad_B","Tablet","Evening",0,0.08,7,0.04,3.4
93,93,"Random (Pure Exploration)","Ad_B","Desktop","Morning",0,0.08,7,0.04,3.44
94,94,"Random (Pure Exploration)","Ad_D","Tablet","Morning",0,0.1,7,0.02,3.46
95,95,"Random (Pure Exploration)","Ad_B","Mobile","Morning",0,0.08,7,0.04,3.5
96,96,"Random (Pure Exploration)","Ad_C","Tablet","Afternoon",0,0.12,7,0,3.5
97,97,"Random (Pure Exploration)","Ad_B","Desktop","Afternoon",0,0.08,7,0.04,3.54
98,98,"Random (Pure Exploration)","Ad_D","Desktop","Afternoon",0,0.1,7,0.02,3.56
99,99,"Random (Pure Exploration)","Ad_A","Tablet","Evening",0,0.05,7,0.07,3.63
100,100,"Random (Pure Exploration)","Ad_B","Mobile","Afternoon",0,0.08,7,0.04,3.67
101,101,"Random (Pure Exploration)","Ad_D","Mobile","Evening",0,0.1,7,0.02,3.69
102,102,"Random (Pure Exploration)","Ad_A","Desktop","Evening",0,0.05,7,0.07,3.76
103,103,"Random (Pure Exploration)","Ad_C","Mobile","Evening",0,0.12,7,0,3.76
104,104,"Random (Pure Exploration)","Ad_B","Tablet","Afternoon",0,0.08,7,0.04,3.8
105,105,"Random (Pure Exploration)","Ad_B","Mobile","Morning",0,0.08,7,0.04,3.84
106,106,"Random (Pure Exploration)","Ad_B","Desktop","Afternoon",0,0.08,7,0.04,3.88
107,107,"Random (Pure Exploration)","Ad_D","Tablet","Afternoon",0,0.1,7,0.02,3.9
108,108,"Random (Pure Exploration)","Ad_B","Desktop","Evening",0,0.08,7,0.04,3.94
109,109,"Random (Pure Exploration)","Ad_D","Tablet","Evening",0,0.1,7,0.02,3.96
110,110,"Random (Pure Exploration)","Ad_A","Mobile","Afternoon",0,0.05,7,0.07,4.03
111,111,"Random (Pure Exploration)","Ad_A","Desktop","Afternoon",0,0.05,7,0.07,4.1
112,112,"Random (Pure Exploration)","Ad_A","Desktop","Afternoon",1,0.05,8,0.07,4.17
113,113,"Random (Pure Exploration)","Ad_B","Tablet","Afternoon",0,0.08,8,0.04,4.21
114,114,"Random (Pure Exploration)","Ad_D","Tablet","Afternoon",0,0.1,8,0.02,4.23
115,115,"Random (Pure Exploration)","Ad_A","Mobile","Evening",0,0.05,8,0.07,4.3
116,116,"Random (Pure Exploration)","Ad_C","Desktop","Evening",0,0.12,8,0,4.3
117,117,"Random (Pure Exploration)","Ad_B","Desktop","Morning",0,0.08,8,0.04,4.34
118,118,"Random (Pure Exploration)","Ad_C","Mobile","Morning",0,0.12,8,0,4.34
119,119,"Random (Pure Exploration)","Ad_C","Mobile","Afternoon",0,0.12,8,0,4.34
120,120,"Random (Pure Exploration)","Ad_B","Desktop","Morning",0,0.08,8,0.04,4.38
121,121,"Random (Pure Exploration)","Ad_A","Desktop","Afternoon",0,0.05,8,0.07,4.45
122,122,"Random (Pure Exploration)","Ad_C","Mobile","Morning",0,0.12,8,0,4.45
123,123,"Random (Pure Exploration)","Ad_D","Tablet","Afternoon",0,0.1,8,0.02,4.47
124,124,"Random (Pure Exploration)","Ad_D","Mobile","Morning",0,0.1,8,0.02,4.49
125,125,"Random (Pure Exploration)","Ad_A","Mobile","Morning",0,0.05,8,0.07,4.56
126,126,"Random (Pure Exploration)","Ad_A","Desktop","Morning",0,0.05,8,0.07,4.63
127,127,"Random (Pure Exploration)","Ad_A","Tablet","Evening",0,0.05,8,0.07,4.7
128,128,"Random (Pure Exploration)","Ad_B","Mobile","Afternoon",0,0.08,8,0.04,4.74
129,129,"Random (Pure Exploration)","Ad_C","Mobile","Evening",0,0.12,8,0,4.74
130,130,"Random (Pure Exploration)","Ad_A","Mobile","Afternoon",0,0.05,8,0.07,4.81
131,131,"Random (Pure Exploration)","Ad_A","Mobile","Morning",0,0.05,8,0.07,4.88
132,132,"Random (Pure Exploration)","Ad_A","Tablet","Morning",0,0.05,8,0.07,4.95
133,133,"Random (Pure Exploration)","Ad_B","Tablet","Afternoon",0,0.08,8,0.04,4.99
134,134,"Random (Pure Exploration)","Ad_D","Desktop","Evening",0,0.1,8,0.02,5.01
135,135,"Random (Pure Exploration)","Ad_D","Tablet","Evening",0,0.1,8,0.02,5.03
136,136,"Random (Pure Exploration)","Ad_A","Mobile","Morning",0,0.05,8,0.07,5.1
137,137,"Random (Pure Exploration)","Ad_D","Desktop","Afternoon",0,0.1,8,0.02,5.12
138,138,"Random (Pure Exploration)","Ad_B","Tablet","Evening",0,0.08,8,0.04,5.16
139,139,"Random (Pure Exploration)","Ad_D","Desktop","Morning",0,0.1,8,0.02,5.18
140,140,"Random (Pure Exploration)","Ad_A","Desktop","Evening",0,0.05,8,0.07,5.25
141,141,"Random (Pure Exploration)","Ad_D","Tablet","Evening",0,0.1,8,0.02,5.27
142,142,"Random (Pure Exploration)","Ad_C","Tablet","Evening",1,0.12,9,0,5.27
143,143,"Random (Pure Exploration)","Ad_B","Mobile","Afternoon",0,0.08,9,0.04,5.31
144,144,"Random (Pure Exploration)","Ad_C","Mobile","Morning",0,0.12,9,0,5.31
145,145,"Random (Pure Exploration)","Ad_A","Desktop","Morning",0,0.05,9,0.07,5.38
146,146,"Random (Pure Exploration)","Ad_C","Tablet","Afternoon",0,0.12,9,0,5.38
147,147,"Random (Pure Exploration)","Ad_A","Tablet","Afternoon",0,0.05,9,0.07,5.45
148,148,"Random (Pure Exploration)","Ad_D","Desktop","Evening",0,0.1,9,0.02,5.47
149,149,"Random (Pure Exploration)","Ad_C","Tablet","Morning",0,0.12,9,0,5.47
150,150,"Random (Pure Exploration)","Ad_A","Desktop","Afternoon",0,0.05,9,0.07,5.54
151,151,"Random (Pure Exploration)","Ad_A","Mobile","Evening",0,0.05,9,0.07,5.61
152,152,"Random (Pure Exploration)","Ad_B","Tablet","Evening",0,0.08,9,0.04,5.65
153,153,"Random (Pure Exploration)","Ad_A","Mobile","Afternoon",0,0.05,9,0.07,5.72
154,154,"Random (Pure Exploration)","Ad_B","Mobile","Morning",0,0.08,9,0.04,5.76
155,155,"Random (Pure Exploration)","Ad_A","Desktop","Evening",0,0.05,9,0.07,5.83
156,156,"Random (Pure Exploration)","Ad_B","Desktop","Afternoon",1,0.08,10,0.04,5.87
157,157,"Random (Pure Exploration)","Ad_B","Tablet","Afternoon",0,0.08,10,0.04,5.91
158,158,"Random (Pure Exploration)","Ad_C","Desktop","Morning",1,0.12,11,0,5.91
159,159,"Random (Pure Exploration)","Ad_C","Desktop","Evening",0,0.12,11,0,5.91
160,160,"Random (Pure Exploration)","Ad_A","Desktop","Morning",1,0.05,12,0.07,5.98
161,161,"Random (Pure Exploration)","Ad_C","Mobile","Afternoon",0,0.12,12,0,5.98
162,162,"Random (Pure Exploration)","Ad_A","Tablet","Morning",0,0.05,12,0.07,6.05
163,163,"Random (Pure Exploration)","Ad_A","Mobile","Morning",0,0.05,12,0.07,6.12
164,164,"Random (Pure Exploration)","Ad_A","Tablet","Morning",0,0.05,12,0.07,6.19
165,165,"Random (Pure Exploration)","Ad_D","Mobile","Afternoon",0,0.1,12,0.02,6.21
166,166,"Random (Pure Exploration)","Ad_C","Mobile","Evening",0,0.12,12,0,6.21
167,167,"Random (Pure Exploration)","Ad_B","Desktop","Afternoon",0,0.08,12,0.04,6.25
168,168,"Random (Pure Exploration)","Ad_B","Desktop","Evening",0,0.08,12,0.04,6.29
169,169,"Random (Pure Exploration)","Ad_B","Desktop","Afternoon",0,0.08,12,0.04,6.33
170,170,"Random (Pure Exploration)","Ad_D","Desktop","Evening",0,0.1,12,0.02,6.35
171,171,"Random (Pure Exploration)","Ad_A","Desktop","Morning",0,0.05,12,0.07,6.42
172,172,"Random (Pure Exploration)","Ad_A","Tablet","Morning",0,0.05,12,0.07,6.49
173,173,"Random (Pure Exploration)","Ad_B","Desktop","Afternoon",0,0.08,12,0.04,6.53
174,174,"Random (Pure Exploration)","Ad_B","Tablet","Evening",0,0.08,12,0.04,6.57
175,175,"Random (Pure Exploration)","Ad_B","Desktop","Evening",0,0.08,12,0.04,6.61
176,176,"Random (Pure Exploration)","Ad_A","Tablet","Morning",0,0.05,12,0.07,6.68
177,177,"Random (Pure Exploration)","Ad_D","Tablet","Evening",0,0.1,12,0.02,6.7
178,178,"Random (Pure Exploration)","Ad_B","Mobile","Afternoon",0,0.08,12,0.04,6.74
179,179,"Random (Pure Exploration)","Ad_C","Desktop","Evening",1,0.12,13,0,6.74
180,180,"Random (Pure Exploration)","Ad_B","Mobile","Evening",0,0.08,13,0.04,6.78
181,181,"Random (Pure Exploration)","Ad_A","Tablet","Evening",0,0.05,13,0.07,6.85
182,182,"Random (Pure Exploration)","Ad_C","Tablet","Afternoon",1,0.12,14,0,6.85
183,183,"Random (Pure Exploration)","Ad_A","Tablet","Evening",0,0.05,14,0.07,6.92
184,184,"Random (Pure Exploration)","Ad_B","Mobile","Morning",1,0.08,15,0.04,6.96
185,185,"Random (Pure Exploration)","Ad_A","Mobile","Morning",0,0.05,15,0.07,7.03
186,186,"Random (Pure Exploration)","Ad_C","Mobile","Evening",0,0.12,15,0,7.03
187,187,"Random (Pure Exploration)","Ad_B","Mobile","Afternoon",0,0.08,15,0.04,7.07
188,188,"Random (Pure Exploration)","Ad_A","Desktop","Morning",1,0.05,16,0.07,7.14
189,189,"Random (Pure Exploration)","Ad_A","Tablet","Morning",0,0.05,16,0.07,7.21
190,190,"Random (Pure Exploration)","Ad_C","Tablet","Afternoon",0,0.12,16,0,7.21
191,191,"Random (Pure Exploration)","Ad_B","Desktop","Afternoon",0,0.08,16,0.04,7.25
192,192,"Random (Pure Exploration)","Ad_B","Tablet","Evening",0,0.08,16,0.04,7.29
193,193,"Random (Pure Exploration)","Ad_C","Tablet","Afternoon",0,0.12,16,0,7.29
194,194,"Random (Pure Exploration)","Ad_D","Tablet","Afternoon",1,0.1,17,0.02,7.31
195,195,"Random (Pure Exploration)","Ad_C","Tablet","Afternoon",0,0.12,17,0,7.31
196,196,"Random (Pure Exploration)","Ad_A","Tablet","Morning",0,0.05,17,0.07,7.38
197,197,"Random (Pure Exploration)","Ad_A","Tablet","Afternoon",0,0.05,17,0.07,7.45
198,198,"Random (Pure Exploration)","Ad_C","Mobile","Morning",0,0.12,17,0,7.45
199,199,"Random (Pure Exploration)","Ad_C","Mobile","Afternoon",1,0.12,18,0,7.45
200,200,"Random (Pure Exploration)","Ad_C","Desktop","Morning",0,0.12,18,0,7.45
201,201,"Random (Pure Exploration)","Ad_D","Desktop","Afternoon",0,0.1,18,0.02,7.47
202,202,"Random (Pure Exploration)","Ad_D","Tablet","Morning",0,0.1,18,0.02,7.49
203,203,"Random (Pure Exploration)","Ad_D","Mobile","Afternoon",0,0.1,18,0.02,7.51
204,204,"Random (Pure Exploration)","Ad_D","Desktop","Morning",0,0.1,18,0.02,7.53
205,205,"Random (Pure Exploration)","Ad_D","Mobile","Afternoon",0,0.1,18,0.02,7.55
206,206,"Random (Pure Exploration)","Ad_B","Desktop","Evening",0,0.08,18,0.04,7.59
207,207,"Random (Pure Exploration)","Ad_C","Desktop","Evening",0,0.12,18,0,7.59
208,208,"Random (Pure Exploration)","Ad_D","Desktop","Morning",0,0.1,18,0.02,7.61
209,209,"Random (Pure Exploration)","Ad_A","Tablet","Afternoon",0,0.05,18,0.07,7.68
210,210,"Random (Pure Exploration)","Ad_A","Desktop","Morning",0,0.05,18,0.07,7.75
211,211,"Random (Pure Exploration)","Ad_B","Desktop","Morning",0,0.08,18,0.04,7.79
212,212,"Random (Pure Exploration)","Ad_D","Tablet","Afternoon",0,0.1,18,0.02,7.81
213,213,"Random (Pure Exploration)","Ad_A","Tablet","Evening",0,0.05,18,0.07,7.88
214,214,"Random (Pure Exploration)","Ad_D","Desktop","Afternoon",0,0.1,18,0.02,7.9
215,215,"Random (Pure Exploration)","Ad_C","Tablet","Morning",0,0.12,18,0,7.9
216,216,"Random (Pure Exploration)","Ad_B","Tablet","Morning",0,0.08,18,0.04,7.94
217,217,"Random (Pure Exploration)","Ad_A","Desktop","Morning",0,0.05,18,0.07,8.01
218,218,"Random (Pure Exploration)","Ad_B","Tablet","Morning",0,0.08,18,0.04,8.05
219,219,"Random (Pure Exploration)","Ad_B","Desktop","Morning",0,0.08,18,0.04,8.09
220,220,"Random (Pure Exploration)","Ad_C","Mobile","Morning",0,0.12,18,0,8.09
221,221,"Random (Pure Exploration)","Ad_C","Desktop","Evening",1,0.12,19,0,8.09
222,222,"Random (Pure Exploration)","Ad_D","Desktop","Morning",0,0.1,19,0.02,8.11
223,223,"Random (Pure Exploration)","Ad_A","Mobile","Evening",0,0.05,19,0.07,8.18
224,224,"Random (Pure Exploration)","Ad_B","Desktop","Afternoon",0,0.08,19,0.04,8.22
225,225,"Random (Pure Exploration)","Ad_C","Tablet","Evening",0,0.12,19,0,8.22
226,226,"Random (Pure Exploration)","Ad_B","Mobile","Afternoon",0,0.08,19,0.04,8.26
227,227,"Random (Pure Exploration)","Ad_D","Desktop","Evening",0,0.1,19,0.02,8.28
228,228,"Random (Pure Exploration)","Ad_A","Desktop","Morning",0,0.05,19,0.07,8.35
229,229,"Random (Pure Exploration)","Ad_C","Mobile","Afternoon",0,0.12,19,0,8.35
230,230,"Random (Pure Exploration)","Ad_C","Desktop","Evening",0,0.12,19,0,8.35
231,231,"Random (Pure Exploration)","Ad_B","Desktop","Evening",0,0.08,19,0.04,8.39
232,232,"Random (Pure Exploration)","Ad_D","Tablet","Afternoon",0,0.1,19,0.02,8.41
233,233,"Random (Pure Exploration)","Ad_B","Mobile","Afternoon",0,0.08,19,0.04,8.45
234,234,"Random (Pure Exploration)","Ad_A","Desktop","Morning",0,0.05,19,0.07,8.52
235,235,"Random (Pure Exploration)","Ad_C","Mobile","Evening",0,0.12,19,0,8.52
236,236,"Random (Pure Exploration)","Ad_A","Desktop","Morning",0,0.05,19,0.07,8.59
237,237,"Random (Pure Exploration)","Ad_B","Desktop","Morning",1,0.08,20,0.04,8.63
238,238,"Random (Pure Exploration)","Ad_A","Mobile","Morning",0,0.05,20,0.07,8.7
239,239,"Random (Pure Exploration)","Ad_C","Desktop","Evening",1,0.12,21,0,8.7
240,240,"Random (Pure Exploration)","Ad_B","Mobile","Evening",0,0.08,21,0.04,8.73999999999999
241,241,"Random (Pure Exploration)","Ad_B","Mobile","Afternoon",0,0.08,21,0.04,8.77999999999999
242,242,"Random (Pure Exploration)","Ad_D","Tablet","Morning",0,0.1,21,0.02,8.79999999999999
243,243,"Random (Pure Exploration)","Ad_B","Desktop","Afternoon",0,0.08,21,0.04,8.83999999999999
244,244,"Random (Pure Exploration)","Ad_C","Tablet","Morning",0,0.12,21,0,8.83999999999999
245,245,"Random (Pure Exploration)","Ad_B","Desktop","Afternoon",0,0.08,21,0.04,8.87999999999999
246,246,"Random (Pure Exploration)","Ad_B","Mobile","Evening",0,0.08,21,0.04,8.91999999999999
247,247,"Random (Pure Exploration)","Ad_D","Desktop","Morning",0,0.1,21,0.02,8.93999999999999
248,248,"Random (Pure Exploration)","Ad_B","Tablet","Morning",0,0.08,21,0.04,8.97999999999999
249,249,"Random (Pure Exploration)","Ad_A","Mobile","Afternoon",0,0.05,21,0.07,9.04999999999999
250,250,"Random (Pure Exploration)","Ad_B","Mobile","Evening",0,0.08,21,0.04,9.08999999999999
251,251,"Random (Pure Exploration)","Ad_C","Mobile","Afternoon",0,0.12,21,0,9.08999999999999
252,252,"Random (Pure Exploration)","Ad_B","Desktop","Evening",0,0.08,21,0.04,9.12999999999999
253,253,"Random (Pure Exploration)","Ad_A","Mobile","Morning",0,0.05,21,0.07,9.19999999999999
254,254,"Random (Pure Exploration)","Ad_C","Tablet","Morning",0,0.12,21,0,9.19999999999999
255,255,"Random (Pure Exploration)","Ad_C","Tablet","Evening",0,0.12,21,0,9.19999999999999
256,256,"Random (Pure Exploration)","Ad_B","Tablet","Afternoon",0,0.08,21,0.04,9.23999999999999
257,257,"Random (Pure Exploration)","Ad_B","Desktop","Afternoon",0,0.08,21,0.04,9.27999999999999
258,258,"Random (Pure Exploration)","Ad_A","Mobile","Morning",0,0.05,21,0.07,9.34999999999999
259,259,"Random (Pure Exploration)","Ad_B","Tablet","Evening",0,0.08,21,0.04,9.38999999999999
260,260,"Random (Pure Exploration)","Ad_D","Desktop","Afternoon",0,0.1,21,0.02,9.40999999999999
261,261,"Random (Pure Exploration)","Ad_A","Mobile","Afternoon",0,0.05,21,0.07,9.47999999999999
262,262,"Random (Pure Exploration)","Ad_A","Tablet","Evening",0,0.05,21,0.07,9.54999999999999
263,263,"Random (Pure Exploration)","Ad_C","Desktop","Morning",0,0.12,21,0,9.54999999999999
264,264,"Random (Pure Exploration)","Ad_A","Mobile","Afternoon",0,0.05,21,0.07,9.61999999999999
265,265,"Random (Pure Exploration)","Ad_A","Desktop","Morning",0,0.05,21,0.07,9.68999999999999
266,266,"Random (Pure Exploration)","Ad_A","Desktop","Morning",0,0.05,21,0.07,9.75999999999999
267,267,"Random (Pure Exploration)","Ad_B","Mobile","Evening",0,0.08,21,0.04,9.79999999999999
268,268,"Random (Pure Exploration)","Ad_B","Tablet","Morning",0,0.08,21,0.04,9.83999999999999
269,269,"Random (Pure Exploration)","Ad_D","Tablet","Afternoon",0,0.1,21,0.02,9.85999999999999
270,270,"Random (Pure Exploration)","Ad_A","Desktop","Afternoon",0,0.05,21,0.07,9.92999999999999
271,271,"Random (Pure Exploration)","Ad_A","Mobile","Morning",1,0.05,22,0.07,9.99999999999999
272,272,"Random (Pure Exploration)","Ad_B","Desktop","Evening",0,0.08,22,0.04,10.04
273,273,"Random (Pure Exploration)","Ad_C","Desktop","Evening",0,0.12,22,0,10.04
274,274,"Random (Pure Exploration)","Ad_C","Tablet","Afternoon",0,0.12,22,0,10.04
275,275,"Random (Pure Exploration)","Ad_B","Mobile","Morning",0,0.08,22,0.04,10.08
276,276,"Random (Pure Exploration)","Ad_D","Tablet","Morning",0,0.1,22,0.02,10.1
277,277,"Random (Pure Exploration)","Ad_D","Desktop","Morning",0,0.1,22,0.02,10.12
278,278,"Random (Pure Exploration)","Ad_A","Tablet","Evening",0,0.05,22,0.07,10.19
279,279,"Random (Pure Exploration)","Ad_A","Tablet","Evening",0,0.05,22,0.07,10.26
280,280,"Random (Pure Exploration)","Ad_D","Tablet","Morning",0,0.1,22,0.02,10.28
281,281,"Random (Pure Exploration)","Ad_A","Mobile","Morning",0,0.05,22,0.07,10.35
282,282,"Random (Pure Exploration)","Ad_C","Tablet","Evening",0,0.12,22,0,10.35
283,283,"Random (Pure Exploration)","Ad_B","Desktop","Afternoon",0,0.08,22,0.04,10.39
284,284,"Random (Pure Exploration)","Ad_B","Tablet","Evening",0,0.08,22,0.04,10.43
285,285,"Random (Pure Exploration)","Ad_C","Desktop","Evening",0,0.12,22,0,10.43
286,286,"Random (Pure Exploration)","Ad_C","Desktop","Afternoon",0,0.12,22,0,10.43
287,287,"Random (Pure Exploration)","Ad_A","Tablet","Afternoon",0,0.05,22,0.07,10.5
288,288,"Random (Pure Exploration)","Ad_B","Tablet","Morning",0,0.08,22,0.04,10.54
289,289,"Random (Pure Exploration)","Ad_B","Mobile","Morning",0,0.08,22,0.04,10.58
290,290,"Random (Pure Exploration)","Ad_D","Mobile","Afternoon",0,0.1,22,0.02,10.6
291,291,"Random (Pure Exploration)","Ad_A","Desktop","Afternoon",0,0.05,22,0.07,10.67
292,292,"Random (Pure Exploration)","Ad_C","Tablet","Evening",0,0.12,22,0,10.67
293,293,"Random (Pure Exploration)","Ad_C","Mobile","Morning",0,0.12,22,0,10.67
294,294,"Random (Pure Exploration)","Ad_A","Desktop","Afternoon",1,0.05,23,0.07,10.74
295,295,"Random (Pure Exploration)","Ad_B","Desktop","Morning",0,0.08,23,0.04,10.78
296,296,"Random (Pure Exploration)","Ad_C","Mobile","Evening",0,0.12,23,0,10.78
297,297,"Random (Pure Exploration)","Ad_B","Desktop","Evening",1,0.08,24,0.04,10.82
298,298,"Random (Pure Exploration)","Ad_B","Desktop","Morning",0,0.08,24,0.04,10.86
299,299,"Random (Pure Exploration)","Ad_A","Tablet","Morning",0,0.05,24,0.07,10.93
300,300,"Random (Pure Exploration)","Ad_A","Mobile","Afternoon",0,0.05,24,0.07,11
301,301,"Random (Pure Exploration)","Ad_D","Mobile","Morning",0,0.1,24,0.02,11.02
302,302,"Random (Pure Exploration)","Ad_B","Tablet","Afternoon",0,0.08,24,0.04,11.06
303,303,"Random (Pure Exploration)","Ad_D","Mobile","Morning",0,0.1,24,0.02,11.08
304,304,"Random (Pure Exploration)","Ad_D","Tablet","Evening",0,0.1,24,0.02,11.1
305,305,"Random (Pure Exploration)","Ad_A","Mobile","Morning",0,0.05,24,0.07,11.17
306,306,"Random (Pure Exploration)","Ad_D","Tablet","Morning",0,0.1,24,0.02,11.19
307,307,"Random (Pure Exploration)","Ad_D","Mobile","Morning",0,0.1,24,0.02,11.21
308,308,"Random (Pure Exploration)","Ad_C","Desktop","Evening",1,0.12,25,0,11.21
309,309,"Random (Pure Exploration)","Ad_D","Desktop","Afternoon",0,0.1,25,0.02,11.23
310,310,"Random (Pure Exploration)","Ad_A","Desktop","Afternoon",0,0.05,25,0.07,11.3
311,311,"Random (Pure Exploration)","Ad_C","Tablet","Afternoon",0,0.12,25,0,11.3
312,312,"Random (Pure Exploration)","Ad_A","Desktop","Afternoon",0,0.05,25,0.07,11.37
313,313,"Random (Pure Exploration)","Ad_C","Tablet","Afternoon",0,0.12,25,0,11.37
314,314,"Random (Pure Exploration)","Ad_A","Tablet","Evening",0,0.05,25,0.07,11.44
315,315,"Random (Pure Exploration)","Ad_B","Mobile","Morning",0,0.08,25,0.04,11.48
316,316,"Random (Pure Exploration)","Ad_B","Mobile","Evening",0,0.08,25,0.04,11.52
317,317,"Random (Pure Exploration)","Ad_A","Mobile","Afternoon",0,0.05,25,0.07,11.59
318,318,"Random (Pure Exploration)","Ad_B","Mobile","Evening",0,0.08,25,0.04,11.63
319,319,"Random (Pure Exploration)","Ad_A","Desktop","Evening",0,0.05,25,0.07,11.7
320,320,"Random (Pure Exploration)","Ad_B","Desktop","Morning",0,0.08,25,0.04,11.74
321,321,"Random (Pure Exploration)","Ad_B","Tablet","Evening",0,0.08,25,0.04,11.78
322,322,"Random (Pure Exploration)","Ad_D","Desktop","Afternoon",0,0.1,25,0.02,11.8
323,323,"Random (Pure Exploration)","Ad_A","Mobile","Morning",0,0.05,25,0.07,11.87
324,324,"Random (Pure Exploration)","Ad_B","Mobile","Afternoon",0,0.08,25,0.04,11.91
325,325,"Random (Pure Exploration)","Ad_B","Desktop","Afternoon",1,0.08,26,0.04,11.95
326,326,"Random (Pure Exploration)","Ad_A","Desktop","Evening",1,0.05,27,0.07,12.02
327,327,"Random (Pure Exploration)","Ad_B","Desktop","Evening",0,0.08,27,0.04,12.06
328,328,"Random (Pure Exploration)","Ad_B","Desktop","Morning",0,0.08,27,0.04,12.1
329,329,"Random (Pure Exploration)","Ad_B","Desktop","Morning",0,0.08,27,0.04,12.14
330,330,"Random (Pure Exploration)","Ad_D","Tablet","Afternoon",0,0.1,27,0.02,12.16
331,331,"Random (Pure Exploration)","Ad_D","Desktop","Evening",1,0.1,28,0.02,12.18
332,332,"Random (Pure Exploration)","Ad_B","Mobile","Afternoon",0,0.08,28,0.04,12.22
333,333,"Random (Pure Exploration)","Ad_A","Mobile","Morning",0,0.05,28,0.07,12.29
334,334,"Random (Pure Exploration)","Ad_C","Desktop","Afternoon",0,0.12,28,0,12.29
335,335,"Random (Pure Exploration)","Ad_A","Mobile","Morning",0,0.05,28,0.07,12.36
336,336,"Random (Pure Exploration)","Ad_B","Desktop","Morning",0,0.08,28,0.04,12.4
337,337,"Random (Pure Exploration)","Ad_A","Tablet","Afternoon",0,0.05,28,0.07,12.47
338,338,"Random (Pure Exploration)","Ad_B","Mobile","Morning",0,0.08,28,0.04,12.51
339,339,"Random (Pure Exploration)","Ad_D","Mobile","Morning",0,0.1,28,0.02,12.53
340,340,"Random (Pure Exploration)","Ad_D","Tablet","Evening",0,0.1,28,0.02,12.55
341,341,"Random (Pure Exploration)","Ad_D","Mobile","Evening",0,0.1,28,0.02,12.57
342,342,"Random (Pure Exploration)","Ad_A","Mobile","Evening",1,0.05,29,0.07,12.64
343,343,"Random (Pure Exploration)","Ad_A","Tablet","Afternoon",0,0.05,29,0.07,12.71
344,344,"Random (Pure Exploration)","Ad_C","Mobile","Morning",0,0.12,29,0,12.71
345,345,"Random (Pure Exploration)","Ad_B","Desktop","Evening",0,0.08,29,0.04,12.75
346,346,"Random (Pure Exploration)","Ad_D","Desktop","Evening",0,0.1,29,0.02,12.77
347,347,"Random (Pure Exploration)","Ad_C","Tablet","Evening",0,0.12,29,0,12.77
348,348,"Random (Pure Exploration)","Ad_C","Desktop","Evening",0,0.12,29,0,12.77
349,349,"Random (Pure Exploration)","Ad_A","Mobile","Morning",0,0.05,29,0.07,12.84
350,350,"Random (Pure Exploration)","Ad_C","Tablet","Evening",0,0.12,29,0,12.84
351,351,"Random (Pure Exploration)","Ad_B","Mobile","Afternoon",0,0.08,29,0.04,12.88
352,352,"Random (Pure Exploration)","Ad_C","Desktop","Evening",0,0.12,29,0,12.88
353,353,"Random (Pure Exploration)","Ad_A","Desktop","Evening",0,0.05,29,0.07,12.95
354,354,"Random (Pure Exploration)","Ad_C","Tablet","Morning",0,0.12,29,0,12.95
355,355,"Random (Pure Exploration)","Ad_D","Tablet","Afternoon",0,0.1,29,0.02,12.97
356,356,"Random (Pure Exploration)","Ad_C","Tablet","Afternoon",0,0.12,29,0,12.97
357,357,"Random (Pure Exploration)","Ad_D","Tablet","Morning",0,0.1,29,0.02,12.99
358,358,"Random (Pure Exploration)","Ad_D","Mobile","Morning",0,0.1,29,0.02,13.01
359,359,"Random (Pure Exploration)","Ad_A","Desktop","Afternoon",0,0.05,29,0.07,13.08
360,360,"Random (Pure Exploration)","Ad_C","Mobile","Morning",0,0.12,29,0,13.08
361,361,"Random (Pure Exploration)","Ad_D","Mobile","Morning",0,0.1,29,0.02,13.1
362,362,"Random (Pure Exploration)","Ad_D","Tablet","Evening",0,0.1,29,0.02,13.12
363,363,"Random (Pure Exploration)","Ad_A","Desktop","Afternoon",0,0.05,29,0.07,13.19
364,364,"Random (Pure Exploration)","Ad_C","Mobile","Morning",0,0.12,29,0,13.19
365,365,"Random (Pure Exploration)","Ad_C","Tablet","Afternoon",0,0.12,29,0,13.19
366,366,"Random (Pure Exploration)","Ad_C","Desktop","Evening",1,0.12,30,0,13.19
367,367,"Random (Pure Exploration)","Ad_A","Desktop","Evening",0,0.05,30,0.07,13.26
368,368,"Random (Pure Exploration)","Ad_D","Mobile","Morning",0,0.1,30,0.02,13.28
369,369,"Random (Pure Exploration)","Ad_B","Desktop","Morning",0,0.08,30,0.04,13.32
370,370,"Random (Pure Exploration)","Ad_A","Desktop","Morning",0,0.05,30,0.07,13.39
371,371,"Random (Pure Exploration)","Ad_C","Tablet","Evening",0,0.12,30,0,13.39
372,372,"Random (Pure Exploration)","Ad_D","Desktop","Afternoon",1,0.1,31,0.02,13.41
373,373,"Random (Pure Exploration)","Ad_B","Tablet","Evening",0,0.08,31,0.04,13.45
374,374,"Random (Pure Exploration)","Ad_C","Mobile","Afternoon",0,0.12,31,0,13.45
375,375,"Random (Pure Exploration)","Ad_D","Desktop","Afternoon",0,0.1,31,0.02,13.47
376,376,"Random (Pure Exploration)","Ad_D","Tablet","Evening",0,0.1,31,0.02,13.49
377,377,"Random (Pure Exploration)","Ad_D","Mobile","Afternoon",0,0.1,31,0.02,13.51
378,378,"Random (Pure Exploration)","Ad_B","Mobile","Afternoon",0,0.08,31,0.04,13.55
379,379,"Random (Pure Exploration)","Ad_B","Mobile","Afternoon",0,0.08,31,0.04,13.59
380,380,"Random (Pure Exploration)","Ad_A","Desktop","Evening",0,0.05,31,0.07,13.66
381,381,"Random (Pure Exploration)","Ad_C","Desktop","Morning",0,0.12,31,0,13.66
382,382,"Random (Pure Exploration)","Ad_C","Tablet","Afternoon",0,0.12,31,0,13.66
383,383,"Random (Pure Exploration)","Ad_C","Desktop","Evening",0,0.12,31,0,13.66
384,384,"Random (Pure Exploration)","Ad_B","Desktop","Morning",0,0.08,31,0.04,13.7
385,385,"Random (Pure Exploration)","Ad_A","Mobile","Afternoon",0,0.05,31,0.07,13.77
386,386,"Random (Pure Exploration)","Ad_A","Tablet","Morning",0,0.05,31,0.07,13.84
387,387,"Random (Pure Exploration)","Ad_B","Mobile","Evening",0,0.08,31,0.04,13.88
388,388,"Random (Pure Exploration)","Ad_D","Tablet","Afternoon",0,0.1,31,0.02,13.9
389,389,"Random (Pure Exploration)","Ad_C","Desktop","Evening",1,0.12,32,0,13.9
390,390,"Random (Pure Exploration)","Ad_A","Tablet","Afternoon",1,0.05,33,0.07,13.97
391,391,"Random (Pure Exploration)","Ad_C","Mobile","Afternoon",0,0.12,33,0,13.97
392,392,"Random (Pure Exploration)","Ad_B","Desktop","Afternoon",0,0.08,33,0.04,14.01
393,393,"Random (Pure Exploration)","Ad_B","Mobile","Afternoon",0,0.08,33,0.04,14.05
394,394,"Random (Pure Exploration)","Ad_D","Desktop","Evening",0,0.1,33,0.02,14.07
395,395,"Random (Pure Exploration)","Ad_A","Mobile","Evening",0,0.05,33,0.07,14.14
396,396,"Random (Pure Exploration)","Ad_D","Mobile","Afternoon",0,0.1,33,0.02,14.16
397,397,"Random (Pure Exploration)","Ad_C","Desktop","Afternoon",0,0.12,33,0,14.16
398,398,"Random (Pure Exploration)","Ad_A","Mobile","Afternoon",0,0.05,33,0.07,14.23
399,399,"Random (Pure Exploration)","Ad_B","Tablet","Afternoon",0,0.08,33,0.04,14.27
400,400,"Random (Pure Exploration)","Ad_D","Mobile","Evening",0,0.1,33,0.02,14.29
401,401,"Random (Pure Exploration)","Ad_D","Desktop","Morning",0,0.1,33,0.02,14.31
402,402,"Random (Pure Exploration)","Ad_B","Mobile","Evening",0,0.08,33,0.04,14.35
403,403,"Random (Pure Exploration)","Ad_B","Tablet","Afternoon",0,0.08,33,0.04,14.39
404,404,"Random (Pure Exploration)","Ad_C","Desktop","Morning",0,0.12,33,0,14.39
405,405,"Random (Pure Exploration)","Ad_B","Mobile","Afternoon",0,0.08,33,0.04,14.4299999999999
406,406,"Random (Pure Exploration)","Ad_B","Desktop","Evening",1,0.08,34,0.04,14.4699999999999
407,407,"Random (Pure Exploration)","Ad_A","Desktop","Afternoon",0,0.05,34,0.07,14.5399999999999
408,408,"Random (Pure Exploration)","Ad_C","Mobile","Evening",0,0.12,34,0,14.5399999999999
409,409,"Random (Pure Exploration)","Ad_B","Tablet","Morning",0,0.08,34,0.04,14.5799999999999
410,410,"Random (Pure Exploration)","Ad_C","Desktop","Morning",0,0.12,34,0,14.5799999999999
411,411,"Random (Pure Exploration)","Ad_D","Tablet","Morning",0,0.1,34,0.02,14.5999999999999
412,412,"Random (Pure Exploration)","Ad_D","Mobile","Evening",0,0.1,34,0.02,14.6199999999999
413,413,"Random (Pure Exploration)","Ad_C","Tablet","Afternoon",1,0.12,35,0,14.6199999999999
414,414,"Random (Pure Exploration)","Ad_B","Tablet","Afternoon",0,0.08,35,0.04,14.6599999999999
415,415,"Random (Pure Exploration)","Ad_C","Mobile","Evening",0,0.12,35,0,14.6599999999999
416,416,"Random (Pure Exploration)","Ad_D","Desktop","Evening",0,0.1,35,0.02,14.6799999999999
417,417,"Random (Pure Exploration)","Ad_B","Mobile","Evening",0,0.08,35,0.04,14.7199999999999
418,418,"Random (Pure Exploration)","Ad_B","Desktop","Morning",0,0.08,35,0.04,14.7599999999999
419,419,"Random (Pure Exploration)","Ad_D","Desktop","Morning",0,0.1,35,0.02,14.7799999999999
420,420,"Random (Pure Exploration)","Ad_A","Tablet","Afternoon",0,0.05,35,0.07,14.8499999999999
421,421,"Random (Pure Exploration)","Ad_C","Desktop","Afternoon",0,0.12,35,0,14.8499999999999
422,422,"Random (Pure Exploration)","Ad_C","Mobile","Morning",0,0.12,35,0,14.8499999999999
423,423,"Random (Pure Exploration)","Ad_A","Mobile","Morning",0,0.05,35,0.07,14.9199999999999
424,424,"Random (Pure Exploration)","Ad_B","Mobile","Afternoon",0,0.08,35,0.04,14.9599999999999
425,425,"Random (Pure Exploration)","Ad_A","Mobile","Evening",0,0.05,35,0.07,15.0299999999999
426,426,"Random (Pure Exploration)","Ad_C","Tablet","Morning",0,0.12,35,0,15.0299999999999
427,427,"Random (Pure Exploration)","Ad_D","Mobile","Afternoon",0,0.1,35,0.02,15.0499999999999
428,428,"Random (Pure Exploration)","Ad_B","Mobile","Afternoon",0,0.08,35,0.04,15.0899999999999
429,429,"Random (Pure Exploration)","Ad_C","Mobile","Evening",1,0.12,36,0,15.0899999999999
430,430,"Random (Pure Exploration)","Ad_D","Desktop","Afternoon",1,0.1,37,0.02,15.1099999999999
431,431,"Random (Pure Exploration)","Ad_C","Desktop","Afternoon",0,0.12,37,0,15.1099999999999
432,432,"Random (Pure Exploration)","Ad_D","Desktop","Morning",0,0.1,37,0.02,15.1299999999999
433,433,"Random (Pure Exploration)","Ad_D","Tablet","Afternoon",0,0.1,37,0.02,15.1499999999999
434,434,"Random (Pure Exploration)","Ad_B","Tablet","Evening",0,0.08,37,0.04,15.1899999999999
435,435,"Random (Pure Exploration)","Ad_A","Desktop","Afternoon",0,0.05,37,0.07,15.2599999999999
436,436,"Random (Pure Exploration)","Ad_A","Mobile","Afternoon",0,0.05,37,0.07,15.3299999999999
437,437,"Random (Pure Exploration)","Ad_D","Mobile","Afternoon",0,0.1,37,0.02,15.3499999999999
438,438,"Random (Pure Exploration)","Ad_B","Desktop","Afternoon",0,0.08,37,0.04,15.3899999999999
439,439,"Random (Pure Exploration)","Ad_B","Mobile","Evening",0,0.08,37,0.04,15.4299999999999
440,440,"Random (Pure Exploration)","Ad_D","Desktop","Evening",0,0.1,37,0.02,15.4499999999999
441,441,"Random (Pure Exploration)","Ad_C","Tablet","Morning",0,0.12,37,0,15.4499999999999
442,442,"Random (Pure Exploration)","Ad_B","Desktop","Morning",0,0.08,37,0.04,15.4899999999999
443,443,"Random (Pure Exploration)","Ad_B","Desktop","Afternoon",0,0.08,37,0.04,15.5299999999999
444,444,"Random (Pure Exploration)","Ad_A","Desktop","Afternoon",0,0.05,37,0.07,15.5999999999999
445,445,"Random (Pure Exploration)","Ad_A","Mobile","Evening",0,0.05,37,0.07,15.6699999999999
446,446,"Random (Pure Exploration)","Ad_C","Mobile","Morning",0,0.12,37,0,15.6699999999999
447,447,"Random (Pure Exploration)","Ad_B","Desktop","Evening",0,0.08,37,0.04,15.7099999999999
448,448,"Random (Pure Exploration)","Ad_D","Mobile","Morning",1,0.1,38,0.02,15.7299999999999
449,449,"Random (Pure Exploration)","Ad_C","Mobile","Evening",0,0.12,38,0,15.7299999999999
450,450,"Random (Pure Exploration)","Ad_D","Tablet","Evening",0,0.1,38,0.02,15.7499999999999
451,451,"Random (Pure Exploration)","Ad_B","Desktop","Morning",0,0.08,38,0.04,15.7899999999999
452,452,"Random (Pure Exploration)","Ad_A","Tablet","Afternoon",0,0.05,38,0.07,15.8599999999999
453,453,"Random (Pure Exploration)","Ad_B","Tablet","Evening",1,0.08,39,0.04,15.8999999999999
454,454,"Random (Pure Exploration)","Ad_C","Mobile","Evening",0,0.12,39,0,15.8999999999999
455,455,"Random (Pure Exploration)","Ad_D","Tablet","Evening",0,0.1,39,0.02,15.9199999999999
456,456,"Random (Pure Exploration)","Ad_C","Tablet","Evening",0,0.12,39,0,15.9199999999999
457,457,"Random (Pure Exploration)","Ad_A","Mobile","Afternoon",0,0.05,39,0.07,15.9899999999999
458,458,"Random (Pure Exploration)","Ad_D","Tablet","Morning",0,0.1,39,0.02,16.0099999999999
459,459,"Random (Pure Exploration)","Ad_B","Tablet","Afternoon",0,0.08,39,0.04,16.0499999999999
460,460,"Random (Pure Exploration)","Ad_B","Desktop","Afternoon",0,0.08,39,0.04,16.0899999999999
461,461,"Random (Pure Exploration)","Ad_D","Tablet","Afternoon",1,0.1,40,0.02,16.1099999999999
462,462,"Random (Pure Exploration)","Ad_D","Tablet","Evening",0,0.1,40,0.02,16.1299999999999
463,463,"Random (Pure Exploration)","Ad_D","Mobile","Morning",0,0.1,40,0.02,16.1499999999999
464,464,"Random (Pure Exploration)","Ad_C","Mobile","Afternoon",0,0.12,40,0,16.1499999999999
465,465,"Random (Pure Exploration)","Ad_B","Desktop","Morning",0,0.08,40,0.04,16.1899999999999
466,466,"Random (Pure Exploration)","Ad_C","Desktop","Afternoon",1,0.12,41,0,16.1899999999999
467,467,"Random (Pure Exploration)","Ad_B","Tablet","Afternoon",1,0.08,42,0.04,16.2299999999999
468,468,"Random (Pure Exploration)","Ad_D","Tablet","Morning",0,0.1,42,0.02,16.2499999999999
469,469,"Random (Pure Exploration)","Ad_A","Desktop","Morning",0,0.05,42,0.07,16.3199999999999
470,470,"Random (Pure Exploration)","Ad_C","Mobile","Morning",0,0.12,42,0,16.3199999999999
471,471,"Random (Pure Exploration)","Ad_D","Mobile","Evening",0,0.1,42,0.02,16.3399999999999
472,472,"Random (Pure Exploration)","Ad_A","Tablet","Evening",0,0.05,42,0.07,16.4099999999999
473,473,"Random (Pure Exploration)","Ad_C","Tablet","Evening",0,0.12,42,0,16.4099999999999
474,474,"Random (Pure Exploration)","Ad_B","Mobile","Morning",0,0.08,42,0.04,16.4499999999999
475,475,"Random (Pure Exploration)","Ad_B","Mobile","Afternoon",0,0.08,42,0.04,16.4899999999999
476,476,"Random (Pure Exploration)","Ad_C","Tablet","Morning",0,0.12,42,0,16.4899999999999
477,477,"Random (Pure Exploration)","Ad_A","Mobile","Evening",0,0.05,42,0.07,16.5599999999999
478,478,"Random (Pure Exploration)","Ad_C","Mobile","Afternoon",0,0.12,42,0,16.5599999999999
479,479,"Random (Pure Exploration)","Ad_A","Mobile","Afternoon",0,0.05,42,0.07,16.6299999999999
480,480,"Random (Pure Exploration)","Ad_A","Tablet","Morning",0,0.05,42,0.07,16.6999999999999
481,481,"Random (Pure Exploration)","Ad_D","Mobile","Morning",0,0.1,42,0.02,16.7199999999999
482,482,"Random (Pure Exploration)","Ad_B","Desktop","Afternoon",0,0.08,42,0.04,16.7599999999999
483,483,"Random (Pure Exploration)","Ad_C","Mobile","Evening",1,0.12,43,0,16.7599999999999
484,484,"Random (Pure Exploration)","Ad_B","Desktop","Morning",0,0.08,43,0.04,16.7999999999999
485,485,"Random (Pure Exploration)","Ad_A","Mobile","Morning",0,0.05,43,0.07,16.8699999999999
486,486,"Random (Pure Exploration)","Ad_B","Tablet","Morning",0,0.08,43,0.04,16.9099999999999
487,487,"Random (Pure Exploration)","Ad_C","Mobile","Afternoon",0,0.12,43,0,16.9099999999999
488,488,"Random (Pure Exploration)","Ad_D","Tablet","Afternoon",0,0.1,43,0.02,16.9299999999999
489,489,"Random (Pure Exploration)","Ad_C","Desktop","Morning",0,0.12,43,0,16.9299999999999
490,490,"Random (Pure Exploration)","Ad_B","Desktop","Afternoon",0,0.08,43,0.04,16.9699999999999
491,491,"Random (Pure Exploration)","Ad_C","Tablet","Evening",0,0.12,43,0,16.9699999999999
492,492,"Random (Pure Exploration)","Ad_A","Mobile","Afternoon",0,0.05,43,0.07,17.0399999999999
493,493,"Random (Pure Exploration)","Ad_B","Mobile","Evening",0,0.08,43,0.04,17.0799999999999
494,494,"Random (Pure Exploration)","Ad_A","Mobile","Evening",0,0.05,43,0.07,17.1499999999999
495,495,"Random (Pure Exploration)","Ad_B","Desktop","Afternoon",0,0.08,43,0.04,17.1899999999999
496,496,"Random (Pure Exploration)","Ad_C","Mobile","Afternoon",0,0.12,43,0,17.1899999999999
497,497,"Random (Pure Exploration)","Ad_A","Tablet","Evening",0,0.05,43,0.07,17.2599999999999
498,498,"Random (Pure Exploration)","Ad_C","Desktop","Evening",0,0.12,43,0,17.2599999999999
499,499,"Random (Pure Exploration)","Ad_C","Mobile","Evening",0,0.12,43,0,17.2599999999999
500,500,"Random (Pure Exploration)","Ad_C","Tablet","Afternoon",0,0.12,43,0,17.2599999999999
501,501,"Random (Pure Exploration)","Ad_B","Tablet","Morning",0,0.08,43,0.04,17.2999999999999
502,502,"Random (Pure Exploration)","Ad_B","Tablet","Afternoon",0,0.08,43,0.04,17.3399999999999
503,503,"Random (Pure Exploration)","Ad_D","Desktop","Evening",0,0.1,43,0.02,17.3599999999999
504,504,"Random (Pure Exploration)","Ad_B","Tablet","Evening",0,0.08,43,0.04,17.3999999999999
505,505,"Random (Pure Exploration)","Ad_D","Desktop","Evening",0,0.1,43,0.02,17.4199999999999
506,506,"Random (Pure Exploration)","Ad_B","Mobile","Afternoon",0,0.08,43,0.04,17.4599999999999
507,507,"Random (Pure Exploration)","Ad_B","Mobile","Morning",0,0.08,43,0.04,17.4999999999999
508,508,"Random (Pure Exploration)","Ad_C","Desktop","Evening",0,0.12,43,0,17.4999999999999
509,509,"Random (Pure Exploration)","Ad_D","Desktop","Evening",0,0.1,43,0.02,17.5199999999999
510,510,"Random (Pure Exploration)","Ad_B","Mobile","Evening",0,0.08,43,0.04,17.5599999999999
511,511,"Random (Pure Exploration)","Ad_A","Mobile","Morning",0,0.05,43,0.07,17.6299999999999
512,512,"Random (Pure Exploration)","Ad_C","Mobile","Evening",0,0.12,43,0,17.6299999999999
513,513,"Random (Pure Exploration)","Ad_D","Tablet","Evening",0,0.1,43,0.02,17.6499999999999
514,514,"Random (Pure Exploration)","Ad_D","Mobile","Afternoon",0,0.1,43,0.02,17.6699999999999
515,515,"Random (Pure Exploration)","Ad_B","Mobile","Afternoon",0,0.08,43,0.04,17.7099999999999
516,516,"Random (Pure Exploration)","Ad_B","Desktop","Evening",0,0.08,43,0.04,17.7499999999999
517,517,"Random (Pure Exploration)","Ad_A","Mobile","Evening",0,0.05,43,0.07,17.8199999999999
518,518,"Random (Pure Exploration)","Ad_D","Mobile","Morning",0,0.1,43,0.02,17.8399999999999
519,519,"Random (Pure Exploration)","Ad_B","Mobile","Evening",0,0.08,43,0.04,17.8799999999999
520,520,"Random (Pure Exploration)","Ad_A","Mobile","Evening",0,0.05,43,0.07,17.9499999999999
521,521,"Random (Pure Exploration)","Ad_B","Mobile","Afternoon",0,0.08,43,0.04,17.9899999999999
522,522,"Random (Pure Exploration)","Ad_B","Mobile","Morning",0,0.08,43,0.04,18.0299999999999
523,523,"Random (Pure Exploration)","Ad_D","Tablet","Morning",0,0.1,43,0.02,18.0499999999999
524,524,"Random (Pure Exploration)","Ad_C","Tablet","Evening",0,0.12,43,0,18.0499999999999
525,525,"Random (Pure Exploration)","Ad_D","Tablet","Morning",0,0.1,43,0.02,18.0699999999999
526,526,"Random (Pure Exploration)","Ad_C","Tablet","Evening",0,0.12,43,0,18.0699999999999
527,527,"Random (Pure Exploration)","Ad_C","Desktop","Afternoon",0,0.12,43,0,18.0699999999999
528,528,"Random (Pure Exploration)","Ad_A","Desktop","Afternoon",0,0.05,43,0.07,18.1399999999999
529,529,"Random (Pure Exploration)","Ad_D","Tablet","Evening",0,0.1,43,0.02,18.1599999999999
530,530,"Random (Pure Exploration)","Ad_B","Tablet","Morning",0,0.08,43,0.04,18.1999999999999
531,531,"Random (Pure Exploration)","Ad_A","Desktop","Afternoon",0,0.05,43,0.07,18.2699999999999
532,532,"Random (Pure Exploration)","Ad_D","Mobile","Evening",0,0.1,43,0.02,18.2899999999999
533,533,"Random (Pure Exploration)","Ad_D","Tablet","Morning",0,0.1,43,0.02,18.3099999999999
534,534,"Random (Pure Exploration)","Ad_C","Tablet","Afternoon",0,0.12,43,0,18.3099999999999
535,535,"Random (Pure Exploration)","Ad_D","Desktop","Morning",0,0.1,43,0.02,18.3299999999999
536,536,"Random (Pure Exploration)","Ad_C","Tablet","Afternoon",0,0.12,43,0,18.3299999999999
537,537,"Random (Pure Exploration)","Ad_A","Desktop","Afternoon",0,0.05,43,0.07,18.3999999999999
538,538,"Random (Pure Exploration)","Ad_C","Mobile","Afternoon",0,0.12,43,0,18.3999999999999
539,539,"Random (Pure Exploration)","Ad_C","Mobile","Morning",0,0.12,43,0,18.3999999999999
540,540,"Random (Pure Exploration)","Ad_A","Mobile","Afternoon",0,0.05,43,0.07,18.4699999999999
541,541,"Random (Pure Exploration)","Ad_D","Mobile","Afternoon",1,0.1,44,0.02,18.4899999999999
542,542,"Random (Pure Exploration)","Ad_C","Desktop","Evening",0,0.12,44,0,18.4899999999999
543,543,"Random (Pure Exploration)","Ad_C","Tablet","Morning",0,0.12,44,0,18.4899999999999
544,544,"Random (Pure Exploration)","Ad_A","Mobile","Evening",0,0.05,44,0.07,18.5599999999999
545,545,"Random (Pure Exploration)","Ad_B","Desktop","Afternoon",0,0.08,44,0.04,18.5999999999999
546,546,"Random (Pure Exploration)","Ad_A","Mobile","Morning",0,0.05,44,0.07,18.6699999999999
547,547,"Random (Pure Exploration)","Ad_A","Mobile","Morning",0,0.05,44,0.07,18.7399999999999
548,548,"Random (Pure Exploration)","Ad_A","Desktop","Afternoon",0,0.05,44,0.07,18.8099999999999
549,549,"Random (Pure Exploration)","Ad_B","Mobile","Evening",0,0.08,44,0.04,18.8499999999999
550,550,"Random (Pure Exploration)","Ad_A","Desktop","Morning",0,0.05,44,0.07,18.9199999999999
551,551,"Random (Pure Exploration)","Ad_B","Desktop","Afternoon",0,0.08,44,0.04,18.9599999999999
552,552,"Random (Pure Exploration)","Ad_A","Desktop","Afternoon",0,0.05,44,0.07,19.0299999999999
553,553,"Random (Pure Exploration)","Ad_B","Mobile","Afternoon",0,0.08,44,0.04,19.0699999999999
554,554,"Random (Pure Exploration)","Ad_C","Tablet","Afternoon",0,0.12,44,0,19.0699999999999
555,555,"Random (Pure Exploration)","Ad_D","Mobile","Afternoon",0,0.1,44,0.02,19.0899999999999
556,556,"Random (Pure Exploration)","Ad_B","Tablet","Evening",0,0.08,44,0.04,19.1299999999999
557,557,"Random (Pure Exploration)","Ad_A","Desktop","Morning",0,0.05,44,0.07,19.1999999999999
558,558,"Random (Pure Exploration)","Ad_B","Mobile","Evening",0,0.08,44,0.04,19.2399999999999
559,559,"Random (Pure Exploration)","Ad_D","Mobile","Evening",0,0.1,44,0.02,19.2599999999999
560,560,"Random (Pure Exploration)","Ad_C","Mobile","Evening",1,0.12,45,0,19.2599999999999
561,561,"Random (Pure Exploration)","Ad_B","Mobile","Evening",0,0.08,45,0.04,19.2999999999999
562,562,"Random (Pure Exploration)","Ad_A","Mobile","Afternoon",0,0.05,45,0.07,19.3699999999999
563,563,"Random (Pure Exploration)","Ad_C","Mobile","Afternoon",0,0.12,45,0,19.3699999999999
564,564,"Random (Pure Exploration)","Ad_C","Mobile","Evening",0,0.12,45,0,19.3699999999999
565,565,"Random (Pure Exploration)","Ad_A","Mobile","Morning",0,0.05,45,0.07,19.4399999999999
566,566,"Random (Pure Exploration)","Ad_D","Tablet","Morning",0,0.1,45,0.02,19.4599999999999
567,567,"Random (Pure Exploration)","Ad_D","Mobile","Evening",0,0.1,45,0.02,19.4799999999999
568,568,"Random (Pure Exploration)","Ad_D","Mobile","Afternoon",0,0.1,45,0.02,19.4999999999999
569,569,"Random (Pure Exploration)","Ad_D","Desktop","Afternoon",0,0.1,45,0.02,19.5199999999999
570,570,"Random (Pure Exploration)","Ad_A","Mobile","Evening",0,0.05,45,0.07,19.5899999999999
571,571,"Random (Pure Exploration)","Ad_A","Desktop","Evening",0,0.05,45,0.07,19.6599999999999
572,572,"Random (Pure Exploration)","Ad_D","Desktop","Morning",0,0.1,45,0.02,19.6799999999999
573,573,"Random (Pure Exploration)","Ad_A","Desktop","Evening",0,0.05,45,0.07,19.7499999999999
574,574,"Random (Pure Exploration)","Ad_A","Desktop","Afternoon",0,0.05,45,0.07,19.8199999999999
575,575,"Random (Pure Exploration)","Ad_A","Desktop","Evening",0,0.05,45,0.07,19.8899999999999
576,576,"Random (Pure Exploration)","Ad_A","Mobile","Morning",0,0.05,45,0.07,19.9599999999999
577,577,"Random (Pure Exploration)","Ad_C","Tablet","Morning",0,0.12,45,0,19.9599999999999
578,578,"Random (Pure Exploration)","Ad_A","Tablet","Morning",0,0.05,45,0.07,20.0299999999999
579,579,"Random (Pure Exploration)","Ad_B","Tablet","Morning",0,0.08,45,0.04,20.0699999999999
580,580,"Random (Pure Exploration)","Ad_A","Desktop","Afternoon",0,0.05,45,0.07,20.1399999999999
581,581,"Random (Pure Exploration)","Ad_D","Mobile","Afternoon",0,0.1,45,0.02,20.1599999999999
582,582,"Random (Pure Exploration)","Ad_C","Desktop","Evening",0,0.12,45,0,20.1599999999999
583,583,"Random (Pure Exploration)","Ad_B","Tablet","Morning",0,0.08,45,0.04,20.1999999999999
584,584,"Random (Pure Exploration)","Ad_B","Desktop","Morning",0,0.08,45,0.04,20.2399999999999
585,585,"Random (Pure Exploration)","Ad_B","Tablet","Evening",0,0.08,45,0.04,20.2799999999999
586,586,"Random (Pure Exploration)","Ad_D","Tablet","Morning",0,0.1,45,0.02,20.2999999999999
587,587,"Random (Pure Exploration)","Ad_A","Mobile","Afternoon",0,0.05,45,0.07,20.3699999999999
588,588,"Random (Pure Exploration)","Ad_C","Tablet","Afternoon",0,0.12,45,0,20.3699999999999
589,589,"Random (Pure Exploration)","Ad_C","Tablet","Afternoon",1,0.12,46,0,20.3699999999999
590,590,"Random (Pure Exploration)","Ad_C","Mobile","Morning",1,0.12,47,0,20.3699999999999
591,591,"Random (Pure Exploration)","Ad_A","Desktop","Evening",0,0.05,47,0.07,20.4399999999999
592,592,"Random (Pure Exploration)","Ad_B","Desktop","Evening",0,0.08,47,0.04,20.4799999999999
593,593,"Random (Pure Exploration)","Ad_C","Desktop","Morning",0,0.12,47,0,20.4799999999999
594,594,"Random (Pure Exploration)","Ad_A","Mobile","Morning",0,0.05,47,0.07,20.5499999999999
595,595,"Random (Pure Exploration)","Ad_A","Mobile","Afternoon",0,0.05,47,0.07,20.6199999999999
596,596,"Random (Pure Exploration)","Ad_B","Tablet","Evening",0,0.08,47,0.04,20.6599999999999
597,597,"Random (Pure Exploration)","Ad_D","Tablet","Evening",0,0.1,47,0.02,20.6799999999999
598,598,"Random (Pure Exploration)","Ad_C","Mobile","Afternoon",0,0.12,47,0,20.6799999999999
599,599,"Random (Pure Exploration)","Ad_C","Desktop","Morning",0,0.12,47,0,20.6799999999999
600,600,"Random (Pure Exploration)","Ad_A","Tablet","Morning",0,0.05,47,0.07,20.7499999999999
601,601,"Random (Pure Exploration)","Ad_B","Tablet","Morning",0,0.08,47,0.04,20.7899999999999
602,602,"Random (Pure Exploration)","Ad_B","Mobile","Evening",0,0.08,47,0.04,20.8299999999999
603,603,"Random (Pure Exploration)","Ad_B","Tablet","Evening",0,0.08,47,0.04,20.8699999999999
604,604,"Random (Pure Exploration)","Ad_B","Desktop","Afternoon",0,0.08,47,0.04,20.9099999999999
605,605,"Random (Pure Exploration)","Ad_A","Desktop","Evening",0,0.05,47,0.07,20.9799999999999
606,606,"Random (Pure Exploration)","Ad_D","Mobile","Afternoon",1,0.1,48,0.02,20.9999999999999
607,607,"Random (Pure Exploration)","Ad_D","Desktop","Evening",0,0.1,48,0.02,21.0199999999999
608,608,"Random (Pure Exploration)","Ad_B","Mobile","Afternoon",0,0.08,48,0.04,21.0599999999999
609,609,"Random (Pure Exploration)","Ad_B","Tablet","Afternoon",0,0.08,48,0.04,21.0999999999999
610,610,"Random (Pure Exploration)","Ad_A","Desktop","Morning",0,0.05,48,0.07,21.1699999999999
611,611,"Random (Pure Exploration)","Ad_B","Mobile","Evening",0,0.08,48,0.04,21.2099999999999
612,612,"Random (Pure Exploration)","Ad_C","Desktop","Afternoon",0,0.12,48,0,21.2099999999999
613,613,"Random (Pure Exploration)","Ad_C","Mobile","Morning",0,0.12,48,0,21.2099999999999
614,614,"Random (Pure Exploration)","Ad_D","Desktop","Evening",0,0.1,48,0.02,21.2299999999999
615,615,"Random (Pure Exploration)","Ad_B","Desktop","Evening",0,0.08,48,0.04,21.2699999999999
616,616,"Random (Pure Exploration)","Ad_C","Desktop","Afternoon",0,0.12,48,0,21.2699999999999
617,617,"Random (Pure Exploration)","Ad_A","Tablet","Afternoon",0,0.05,48,0.07,21.3399999999999
618,618,"Random (Pure Exploration)","Ad_D","Tablet","Afternoon",0,0.1,48,0.02,21.3599999999999
619,619,"Random (Pure Exploration)","Ad_D","Tablet","Morning",0,0.1,48,0.02,21.3799999999999
620,620,"Random (Pure Exploration)","Ad_D","Desktop","Morning",0,0.1,48,0.02,21.3999999999999
621,621,"Random (Pure Exploration)","Ad_A","Desktop","Evening",0,0.05,48,0.07,21.4699999999999
622,622,"Random (Pure Exploration)","Ad_B","Desktop","Afternoon",1,0.08,49,0.04,21.5099999999999
623,623,"Random (Pure Exploration)","Ad_B","Mobile","Evening",0,0.08,49,0.04,21.5499999999999
624,624,"Random (Pure Exploration)","Ad_C","Tablet","Evening",0,0.12,49,0,21.5499999999999
625,625,"Random (Pure Exploration)","Ad_D","Tablet","Morning",0,0.1,49,0.02,21.5699999999999
626,626,"Random (Pure Exploration)","Ad_B","Tablet","Morning",0,0.08,49,0.04,21.6099999999999
627,627,"Random (Pure Exploration)","Ad_C","Mobile","Morning",0,0.12,49,0,21.6099999999999
628,628,"Random (Pure Exploration)","Ad_C","Tablet","Evening",0,0.12,49,0,21.6099999999999
629,629,"Random (Pure Exploration)","Ad_A","Mobile","Morning",0,0.05,49,0.07,21.6799999999999
630,630,"Random (Pure Exploration)","Ad_D","Tablet","Morning",1,0.1,50,0.02,21.6999999999999
631,631,"Random (Pure Exploration)","Ad_B","Tablet","Afternoon",0,0.08,50,0.04,21.7399999999999
632,632,"Random (Pure Exploration)","Ad_C","Tablet","Afternoon",0,0.12,50,0,21.7399999999999
633,633,"Random (Pure Exploration)","Ad_B","Tablet","Evening",0,0.08,50,0.04,21.7799999999999
634,634,"Random (Pure Exploration)","Ad_D","Tablet","Evening",0,0.1,50,0.02,21.7999999999999
635,635,"Random (Pure Exploration)","Ad_D","Mobile","Evening",0,0.1,50,0.02,21.8199999999999
636,636,"Random (Pure Exploration)","Ad_B","Mobile","Evening",0,0.08,50,0.04,21.8599999999999
637,637,"Random (Pure Exploration)","Ad_B","Tablet","Afternoon",0,0.08,50,0.04,21.8999999999999
638,638,"Random (Pure Exploration)","Ad_C","Mobile","Morning",0,0.12,50,0,21.8999999999999
639,639,"Random (Pure Exploration)","Ad_D","Mobile","Afternoon",0,0.1,50,0.02,21.9199999999999
640,640,"Random (Pure Exploration)","Ad_B","Desktop","Morning",0,0.08,50,0.04,21.9599999999999
641,641,"Random (Pure Exploration)","Ad_D","Tablet","Evening",0,0.1,50,0.02,21.9799999999999
642,642,"Random (Pure Exploration)","Ad_B","Tablet","Afternoon",0,0.08,50,0.04,22.0199999999999
643,643,"Random (Pure Exploration)","Ad_A","Desktop","Evening",0,0.05,50,0.07,22.0899999999999
644,644,"Random (Pure Exploration)","Ad_A","Tablet","Afternoon",0,0.05,50,0.07,22.1599999999999
645,645,"Random (Pure Exploration)","Ad_A","Tablet","Evening",0,0.05,50,0.07,22.2299999999999
646,646,"Random (Pure Exploration)","Ad_A","Tablet","Evening",0,0.05,50,0.07,22.2999999999999
647,647,"Random (Pure Exploration)","Ad_D","Tablet","Evening",0,0.1,50,0.02,22.3199999999999
648,648,"Random (Pure Exploration)","Ad_B","Desktop","Morning",0,0.08,50,0.04,22.3599999999999
649,649,"Random (Pure Exploration)","Ad_A","Mobile","Evening",0,0.05,50,0.07,22.4299999999999
650,650,"Random (Pure Exploration)","Ad_B","Desktop","Afternoon",0,0.08,50,0.04,22.4699999999999
651,651,"Random (Pure Exploration)","Ad_C","Mobile","Evening",1,0.12,51,0,22.4699999999999
652,652,"Random (Pure Exploration)","Ad_C","Desktop","Evening",0,0.12,51,0,22.4699999999999
653,653,"Random (Pure Exploration)","Ad_D","Mobile","Morning",0,0.1,51,0.02,22.4899999999999
654,654,"Random (Pure Exploration)","Ad_C","Tablet","Afternoon",0,0.12,51,0,22.4899999999999
655,655,"Random (Pure Exploration)","Ad_B","Mobile","Morning",0,0.08,51,0.04,22.5299999999999
656,656,"Random (Pure Exploration)","Ad_A","Desktop","Evening",0,0.05,51,0.07,22.5999999999999
657,657,"Random (Pure Exploration)","Ad_B","Desktop","Morning",0,0.08,51,0.04,22.6399999999999
658,658,"Random (Pure Exploration)","Ad_C","Tablet","Morning",0,0.12,51,0,22.6399999999999
659,659,"Random (Pure Exploration)","Ad_A","Mobile","Morning",0,0.05,51,0.07,22.7099999999999
660,660,"Random (Pure Exploration)","Ad_B","Mobile","Evening",0,0.08,51,0.04,22.7499999999999
661,661,"Random (Pure Exploration)","Ad_D","Desktop","Morning",0,0.1,51,0.02,22.7699999999999
662,662,"Random (Pure Exploration)","Ad_C","Tablet","Evening",1,0.12,52,0,22.7699999999999
663,663,"Random (Pure Exploration)","Ad_C","Desktop","Afternoon",0,0.12,52,0,22.7699999999999
664,664,"Random (Pure Exploration)","Ad_D","Tablet","Afternoon",0,0.1,52,0.02,22.7899999999999
665,665,"Random (Pure Exploration)","Ad_A","Desktop","Morning",0,0.05,52,0.07,22.8599999999999
666,666,"Random (Pure Exploration)","Ad_D","Mobile","Morning",0,0.1,52,0.02,22.8799999999999
667,667,"Random (Pure Exploration)","Ad_A","Mobile","Morning",0,0.05,52,0.07,22.9499999999999
668,668,"Random (Pure Exploration)","Ad_A","Mobile","Evening",0,0.05,52,0.07,23.0199999999999
669,669,"Random (Pure Exploration)","Ad_A","Mobile","Afternoon",0,0.05,52,0.07,23.0899999999999
670,670,"Random (Pure Exploration)","Ad_B","Desktop","Morning",0,0.08,52,0.04,23.1299999999999
671,671,"Random (Pure Exploration)","Ad_D","Tablet","Morning",0,0.1,52,0.02,23.1499999999999
672,672,"Random (Pure Exploration)","Ad_D","Mobile","Afternoon",0,0.1,52,0.02,23.1699999999999
673,673,"Random (Pure Exploration)","Ad_A","Desktop","Morning",0,0.05,52,0.07,23.2399999999999
674,674,"Random (Pure Exploration)","Ad_C","Desktop","Evening",0,0.12,52,0,23.2399999999999
675,675,"Random (Pure Exploration)","Ad_B","Mobile","Morning",0,0.08,52,0.04,23.2799999999999
676,676,"Random (Pure Exploration)","Ad_B","Tablet","Afternoon",0,0.08,52,0.04,23.3199999999999
677,677,"Random (Pure Exploration)","Ad_C","Tablet","Morning",0,0.12,52,0,23.3199999999999
678,678,"Random (Pure Exploration)","Ad_D","Mobile","Afternoon",0,0.1,52,0.02,23.3399999999999
679,679,"Random (Pure Exploration)","Ad_D","Tablet","Evening",0,0.1,52,0.02,23.3599999999999
680,680,"Random (Pure Exploration)","Ad_B","Tablet","Morning",0,0.08,52,0.04,23.3999999999999
681,681,"Random (Pure Exploration)","Ad_A","Desktop","Evening",0,0.05,52,0.07,23.4699999999999
682,682,"Random (Pure Exploration)","Ad_A","Tablet","Afternoon",0,0.05,52,0.07,23.5399999999999
683,683,"Random (Pure Exploration)","Ad_B","Tablet","Morning",0,0.08,52,0.04,23.5799999999999
684,684,"Random (Pure Exploration)","Ad_C","Tablet","Afternoon",0,0.12,52,0,23.5799999999999
685,685,"Random (Pure Exploration)","Ad_C","Mobile","Evening",0,0.12,52,0,23.5799999999999
686,686,"Random (Pure Exploration)","Ad_D","Desktop","Morning",0,0.1,52,0.02,23.5999999999999
687,687,"Random (Pure Exploration)","Ad_C","Mobile","Evening",0,0.12,52,0,23.5999999999999
688,688,"Random (Pure Exploration)","Ad_D","Tablet","Afternoon",0,0.1,52,0.02,23.6199999999999
689,689,"Random (Pure Exploration)","Ad_C","Desktop","Morning",0,0.12,52,0,23.6199999999999
690,690,"Random (Pure Exploration)","Ad_C","Desktop","Afternoon",1,0.12,53,0,23.6199999999999
691,691,"Random (Pure Exploration)","Ad_D","Desktop","Afternoon",0,0.1,53,0.02,23.6399999999999
692,692,"Random (Pure Exploration)","Ad_C","Desktop","Morning",0,0.12,53,0,23.6399999999999
693,693,"Random (Pure Exploration)","Ad_D","Desktop","Afternoon",0,0.1,53,0.02,23.6599999999999
694,694,"Random (Pure Exploration)","Ad_C","Tablet","Evening",0,0.12,53,0,23.6599999999999
695,695,"Random (Pure Exploration)","Ad_D","Mobile","Morning",0,0.1,53,0.02,23.6799999999999
696,696,"Random (Pure Exploration)","Ad_D","Mobile","Morning",0,0.1,53,0.02,23.6999999999999
697,697,"Random (Pure Exploration)","Ad_C","Desktop","Afternoon",0,0.12,53,0,23.6999999999999
698,698,"Random (Pure Exploration)","Ad_A","Desktop","Evening",0,0.05,53,0.07,23.7699999999999
699,699,"Random (Pure Exploration)","Ad_D","Mobile","Afternoon",0,0.1,53,0.02,23.7899999999999
700,700,"Random (Pure Exploration)","Ad_C","Desktop","Evening",0,0.12,53,0,23.7899999999999
701,701,"Random (Pure Exploration)","Ad_C","Desktop","Morning",0,0.12,53,0,23.7899999999999
702,702,"Random (Pure Exploration)","Ad_C","Mobile","Morning",0,0.12,53,0,23.7899999999999
703,703,"Random (Pure Exploration)","Ad_A","Tablet","Morning",0,0.05,53,0.07,23.8599999999999
704,704,"Random (Pure Exploration)","Ad_A","Mobile","Evening",0,0.05,53,0.07,23.9299999999999
705,705,"Random (Pure Exploration)","Ad_B","Mobile","Morning",0,0.08,53,0.04,23.9699999999999
706,706,"Random (Pure Exploration)","Ad_A","Desktop","Afternoon",0,0.05,53,0.07,24.0399999999999
707,707,"Random (Pure Exploration)","Ad_A","Mobile","Evening",0,0.05,53,0.07,24.1099999999999
708,708,"Random (Pure Exploration)","Ad_C","Mobile","Afternoon",0,0.12,53,0,24.1099999999999
709,709,"Random (Pure Exploration)","Ad_B","Desktop","Afternoon",0,0.08,53,0.04,24.1499999999999
710,710,"Random (Pure Exploration)","Ad_C","Tablet","Afternoon",0,0.12,53,0,24.1499999999999
711,711,"Random (Pure Exploration)","Ad_D","Mobile","Morning",0,0.1,53,0.02,24.1699999999999
712,712,"Random (Pure Exploration)","Ad_B","Mobile","Afternoon",0,0.08,53,0.04,24.2099999999999
713,713,"Random (Pure Exploration)","Ad_C","Desktop","Afternoon",1,0.12,54,0,24.2099999999999
714,714,"Random (Pure Exploration)","Ad_B","Desktop","Morning",0,0.08,54,0.04,24.2499999999999
715,715,"Random (Pure Exploration)","Ad_C","Mobile","Afternoon",0,0.12,54,0,24.2499999999999
716,716,"Random (Pure Exploration)","Ad_D","Tablet","Evening",1,0.1,55,0.02,24.2699999999999
717,717,"Random (Pure Exploration)","Ad_A","Mobile","Morning",0,0.05,55,0.07,24.3399999999999
718,718,"Random (Pure Exploration)","Ad_D","Mobile","Evening",0,0.1,55,0.02,24.3599999999999
719,719,"Random (Pure Exploration)","Ad_C","Mobile","Evening",1,0.12,56,0,24.3599999999999
720,720,"Random (Pure Exploration)","Ad_C","Tablet","Evening",0,0.12,56,0,24.3599999999999
721,721,"Random (Pure Exploration)","Ad_A","Mobile","Morning",0,0.05,56,0.07,24.4299999999999
722,722,"Random (Pure Exploration)","Ad_C","Mobile","Evening",0,0.12,56,0,24.4299999999999
723,723,"Random (Pure Exploration)","Ad_B","Desktop","Morning",0,0.08,56,0.04,24.4699999999999
724,724,"Random (Pure Exploration)","Ad_C","Mobile","Evening",1,0.12,57,0,24.4699999999999
725,725,"Random (Pure Exploration)","Ad_A","Mobile","Evening",0,0.05,57,0.07,24.5399999999999
726,726,"Random (Pure Exploration)","Ad_B","Desktop","Morning",0,0.08,57,0.04,24.5799999999999
727,727,"Random (Pure Exploration)","Ad_C","Desktop","Morning",0,0.12,57,0,24.5799999999999
728,728,"Random (Pure Exploration)","Ad_A","Mobile","Afternoon",0,0.05,57,0.07,24.6499999999999
729,729,"Random (Pure Exploration)","Ad_A","Desktop","Morning",0,0.05,57,0.07,24.7199999999999
730,730,"Random (Pure Exploration)","Ad_A","Desktop","Morning",0,0.05,57,0.07,24.7899999999999
731,731,"Random (Pure Exploration)","Ad_B","Desktop","Afternoon",0,0.08,57,0.04,24.8299999999999
732,732,"Random (Pure Exploration)","Ad_A","Mobile","Afternoon",0,0.05,57,0.07,24.8999999999999
733,733,"Random (Pure Exploration)","Ad_D","Mobile","Afternoon",0,0.1,57,0.02,24.9199999999999
734,734,"Random (Pure Exploration)","Ad_D","Tablet","Afternoon",0,0.1,57,0.02,24.9399999999999
735,735,"Random (Pure Exploration)","Ad_D","Mobile","Afternoon",0,0.1,57,0.02,24.9599999999999
736,736,"Random (Pure Exploration)","Ad_A","Desktop","Afternoon",0,0.05,57,0.07,25.0299999999999
737,737,"Random (Pure Exploration)","Ad_A","Tablet","Evening",0,0.05,57,0.07,25.0999999999999
738,738,"Random (Pure Exploration)","Ad_D","Tablet","Evening",0,0.1,57,0.02,25.1199999999999
739,739,"Random (Pure Exploration)","Ad_C","Desktop","Afternoon",0,0.12,57,0,25.1199999999999
740,740,"Random (Pure Exploration)","Ad_A","Tablet","Afternoon",0,0.05,57,0.07,25.1899999999999
741,741,"Random (Pure Exploration)","Ad_A","Desktop","Evening",1,0.05,58,0.07,25.2599999999999
742,742,"Random (Pure Exploration)","Ad_C","Mobile","Afternoon",0,0.12,58,0,25.2599999999999
743,743,"Random (Pure Exploration)","Ad_C","Mobile","Afternoon",0,0.12,58,0,25.2599999999999
744,744,"Random (Pure Exploration)","Ad_C","Desktop","Evening",1,0.12,59,0,25.2599999999999
745,745,"Random (Pure Exploration)","Ad_C","Mobile","Evening",0,0.12,59,0,25.2599999999999
746,746,"Random (Pure Exploration)","Ad_B","Tablet","Morning",0,0.08,59,0.04,25.2999999999999
747,747,"Random (Pure Exploration)","Ad_B","Tablet","Morning",0,0.08,59,0.04,25.3399999999999
748,748,"Random (Pure Exploration)","Ad_B","Mobile","Afternoon",0,0.08,59,0.04,25.3799999999999
749,749,"Random (Pure Exploration)","Ad_D","Desktop","Afternoon",0,0.1,59,0.02,25.3999999999999
750,750,"Random (Pure Exploration)","Ad_D","Tablet","Morning",0,0.1,59,0.02,25.4199999999999
751,751,"Random (Pure Exploration)","Ad_B","Mobile","Morning",1,0.08,60,0.04,25.4599999999999
752,752,"Random (Pure Exploration)","Ad_B","Desktop","Afternoon",1,0.08,61,0.04,25.4999999999999
753,753,"Random (Pure Exploration)","Ad_B","Mobile","Evening",0,0.08,61,0.04,25.5399999999999
754,754,"Random (Pure Exploration)","Ad_B","Mobile","Afternoon",0,0.08,61,0.04,25.5799999999999
755,755,"Random (Pure Exploration)","Ad_B","Tablet","Morning",0,0.08,61,0.04,25.6199999999999
756,756,"Random (Pure Exploration)","Ad_C","Tablet","Evening",0,0.12,61,0,25.6199999999999
757,757,"Random (Pure Exploration)","Ad_B","Tablet","Morning",0,0.08,61,0.04,25.6599999999999
758,758,"Random (Pure Exploration)","Ad_A","Desktop","Evening",0,0.05,61,0.07,25.7299999999999
759,759,"Random (Pure Exploration)","Ad_D","Mobile","Afternoon",0,0.1,61,0.02,25.7499999999999
760,760,"Random (Pure Exploration)","Ad_B","Mobile","Afternoon",1,0.08,62,0.04,25.7899999999999
761,761,"Random (Pure Exploration)","Ad_C","Mobile","Afternoon",0,0.12,62,0,25.7899999999999
762,762,"Random (Pure Exploration)","Ad_D","Mobile","Morning",0,0.1,62,0.02,25.8099999999999
763,763,"Random (Pure Exploration)","Ad_C","Desktop","Afternoon",0,0.12,62,0,25.8099999999999
764,764,"Random (Pure Exploration)","Ad_B","Tablet","Evening",0,0.08,62,0.04,25.8499999999999
765,765,"Random (Pure Exploration)","Ad_A","Tablet","Afternoon",0,0.05,62,0.07,25.9199999999999
766,766,"Random (Pure Exploration)","Ad_D","Mobile","Evening",0,0.1,62,0.02,25.9399999999999
767,767,"Random (Pure Exploration)","Ad_D","Mobile","Morning",0,0.1,62,0.02,25.9599999999999
768,768,"Random (Pure Exploration)","Ad_D","Mobile","Afternoon",1,0.1,63,0.02,25.9799999999999
769,769,"Random (Pure Exploration)","Ad_B","Desktop","Afternoon",0,0.08,63,0.04,26.0199999999999
770,770,"Random (Pure Exploration)","Ad_C","Mobile","Evening",0,0.12,63,0,26.0199999999999
771,771,"Random (Pure Exploration)","Ad_B","Tablet","Evening",0,0.08,63,0.04,26.0599999999999
772,772,"Random (Pure Exploration)","Ad_D","Mobile","Evening",0,0.1,63,0.02,26.0799999999999
773,773,"Random (Pure Exploration)","Ad_C","Desktop","Afternoon",0,0.12,63,0,26.0799999999999
774,774,"Random (Pure Exploration)","Ad_B","Desktop","Morning",0,0.08,63,0.04,26.1199999999999
775,775,"Random (Pure Exploration)","Ad_B","Mobile","Evening",0,0.08,63,0.04,26.1599999999999
776,776,"Random (Pure Exploration)","Ad_D","Mobile","Morning",0,0.1,63,0.02,26.1799999999999
777,777,"Random (Pure Exploration)","Ad_D","Tablet","Afternoon",0,0.1,63,0.02,26.1999999999999
778,778,"Random (Pure Exploration)","Ad_C","Desktop","Afternoon",0,0.12,63,0,26.1999999999999
779,779,"Random (Pure Exploration)","Ad_A","Tablet","Afternoon",0,0.05,63,0.07,26.2699999999999
780,780,"Random (Pure Exploration)","Ad_C","Tablet","Evening",0,0.12,63,0,26.2699999999999
781,781,"Random (Pure Exploration)","Ad_B","Tablet","Evening",1,0.08,64,0.04,26.3099999999998
782,782,"Random (Pure Exploration)","Ad_C","Tablet","Evening",0,0.12,64,0,26.3099999999998
783,783,"Random (Pure Exploration)","Ad_C","Mobile","Evening",0,0.12,64,0,26.3099999999998
784,784,"Random (Pure Exploration)","Ad_B","Desktop","Evening",1,0.08,65,0.04,26.3499999999998
785,785,"Random (Pure Exploration)","Ad_D","Tablet","Morning",0,0.1,65,0.02,26.3699999999998
786,786,"Random (Pure Exploration)","Ad_C","Tablet","Morning",1,0.12,66,0,26.3699999999998
787,787,"Random (Pure Exploration)","Ad_B","Mobile","Morning",0,0.08,66,0.04,26.4099999999998
788,788,"Random (Pure Exploration)","Ad_A","Mobile","Afternoon",0,0.05,66,0.07,26.4799999999998
789,789,"Random (Pure Exploration)","Ad_A","Desktop","Morning",0,0.05,66,0.07,26.5499999999998
790,790,"Random (Pure Exploration)","Ad_A","Desktop","Morning",0,0.05,66,0.07,26.6199999999998
791,791,"Random (Pure Exploration)","Ad_C","Desktop","Morning",0,0.12,66,0,26.6199999999998
792,792,"Random (Pure Exploration)","Ad_B","Mobile","Evening",0,0.08,66,0.04,26.6599999999998
793,793,"Random (Pure Exploration)","Ad_D","Desktop","Afternoon",0,0.1,66,0.02,26.6799999999998
794,794,"Random (Pure Exploration)","Ad_B","Mobile","Evening",0,0.08,66,0.04,26.7199999999998
795,795,"Random (Pure Exploration)","Ad_B","Desktop","Morning",0,0.08,66,0.04,26.7599999999998
796,796,"Random (Pure Exploration)","Ad_A","Desktop","Evening",0,0.05,66,0.07,26.8299999999998
797,797,"Random (Pure Exploration)","Ad_D","Mobile","Afternoon",0,0.1,66,0.02,26.8499999999998
798,798,"Random (Pure Exploration)","Ad_B","Tablet","Afternoon",0,0.08,66,0.04,26.8899999999998
799,799,"Random (Pure Exploration)","Ad_A","Tablet","Evening",0,0.05,66,0.07,26.9599999999998
800,800,"Random (Pure Exploration)","Ad_C","Mobile","Evening",0,0.12,66,0,26.9599999999998
801,801,"Random (Pure Exploration)","Ad_A","Tablet","Afternoon",0,0.05,66,0.07,27.0299999999998
802,802,"Random (Pure Exploration)","Ad_D","Tablet","Morning",0,0.1,66,0.02,27.0499999999998
803,803,"Random (Pure Exploration)","Ad_C","Mobile","Afternoon",0,0.12,66,0,27.0499999999998
804,804,"Random (Pure Exploration)","Ad_D","Desktop","Evening",1,0.1,67,0.02,27.0699999999998
805,805,"Random (Pure Exploration)","Ad_B","Tablet","Afternoon",0,0.08,67,0.04,27.1099999999998
806,806,"Random (Pure Exploration)","Ad_B","Desktop","Afternoon",0,0.08,67,0.04,27.1499999999998
807,807,"Random (Pure Exploration)","Ad_D","Desktop","Morning",1,0.1,68,0.02,27.1699999999998
808,808,"Random (Pure Exploration)","Ad_A","Desktop","Morning",0,0.05,68,0.07,27.2399999999998
809,809,"Random (Pure Exploration)","Ad_A","Desktop","Morning",0,0.05,68,0.07,27.3099999999998
810,810,"Random (Pure Exploration)","Ad_D","Tablet","Morning",1,0.1,69,0.02,27.3299999999998
811,811,"Random (Pure Exploration)","Ad_B","Mobile","Evening",1,0.08,70,0.04,27.3699999999998
812,812,"Random (Pure Exploration)","Ad_A","Desktop","Morning",0,0.05,70,0.07,27.4399999999998
813,813,"Random (Pure Exploration)","Ad_B","Desktop","Afternoon",0,0.08,70,0.04,27.4799999999998
814,814,"Random (Pure Exploration)","Ad_D","Desktop","Evening",0,0.1,70,0.02,27.4999999999998
815,815,"Random (Pure Exploration)","Ad_A","Mobile","Evening",0,0.05,70,0.07,27.5699999999998
816,816,"Random (Pure Exploration)","Ad_C","Tablet","Afternoon",0,0.12,70,0,27.5699999999998
817,817,"Random (Pure Exploration)","Ad_A","Tablet","Evening",0,0.05,70,0.07,27.6399999999998
818,818,"Random (Pure Exploration)","Ad_B","Tablet","Evening",0,0.08,70,0.04,27.6799999999998
819,819,"Random (Pure Exploration)","Ad_A","Tablet","Afternoon",0,0.05,70,0.07,27.7499999999998
820,820,"Random (Pure Exploration)","Ad_A","Tablet","Afternoon",0,0.05,70,0.07,27.8199999999998
821,821,"Random (Pure Exploration)","Ad_B","Desktop","Afternoon",0,0.08,70,0.04,27.8599999999998
822,822,"Random (Pure Exploration)","Ad_A","Tablet","Morning",0,0.05,70,0.07,27.9299999999998
823,823,"Random (Pure Exploration)","Ad_B","Mobile","Morning",0,0.08,70,0.04,27.9699999999998
824,824,"Random (Pure Exploration)","Ad_A","Tablet","Morning",0,0.05,70,0.07,28.0399999999998
825,825,"Random (Pure Exploration)","Ad_D","Mobile","Afternoon",0,0.1,70,0.02,28.0599999999998
826,826,"Random (Pure Exploration)","Ad_B","Desktop","Morning",0,0.08,70,0.04,28.0999999999998
827,827,"Random (Pure Exploration)","Ad_A","Desktop","Morning",1,0.05,71,0.07,28.1699999999998
828,828,"Random (Pure Exploration)","Ad_B","Mobile","Morning",0,0.08,71,0.04,28.2099999999998
829,829,"Random (Pure Exploration)","Ad_D","Mobile","Afternoon",0,0.1,71,0.02,28.2299999999998
830,830,"Random (Pure Exploration)","Ad_A","Tablet","Afternoon",1,0.05,72,0.07,28.2999999999998
831,831,"Random (Pure Exploration)","Ad_B","Tablet","Afternoon",1,0.08,73,0.04,28.3399999999998
832,832,"Random (Pure Exploration)","Ad_D","Desktop","Afternoon",0,0.1,73,0.02,28.3599999999998
833,833,"Random (Pure Exploration)","Ad_D","Tablet","Afternoon",0,0.1,73,0.02,28.3799999999998
834,834,"Random (Pure Exploration)","Ad_A","Desktop","Morning",0,0.05,73,0.07,28.4499999999998
835,835,"Random (Pure Exploration)","Ad_B","Mobile","Evening",0,0.08,73,0.04,28.4899999999998
836,836,"Random (Pure Exploration)","Ad_C","Desktop","Evening",0,0.12,73,0,28.4899999999998
837,837,"Random (Pure Exploration)","Ad_B","Desktop","Evening",0,0.08,73,0.04,28.5299999999998
838,838,"Random (Pure Exploration)","Ad_B","Desktop","Afternoon",0,0.08,73,0.04,28.5699999999998
839,839,"Random (Pure Exploration)","Ad_C","Tablet","Evening",0,0.12,73,0,28.5699999999998
840,840,"Random (Pure Exploration)","Ad_C","Desktop","Afternoon",1,0.12,74,0,28.5699999999998
841,841,"Random (Pure Exploration)","Ad_D","Mobile","Morning",0,0.1,74,0.02,28.5899999999998
842,842,"Random (Pure Exploration)","Ad_C","Tablet","Afternoon",0,0.12,74,0,28.5899999999998
843,843,"Random (Pure Exploration)","Ad_C","Tablet","Evening",0,0.12,74,0,28.5899999999998
844,844,"Random (Pure Exploration)","Ad_B","Desktop","Afternoon",0,0.08,74,0.04,28.6299999999998
845,845,"Random (Pure Exploration)","Ad_A","Desktop","Morning",0,0.05,74,0.07,28.6999999999998
846,846,"Random (Pure Exploration)","Ad_C","Tablet","Morning",0,0.12,74,0,28.6999999999998
847,847,"Random (Pure Exploration)","Ad_B","Tablet","Afternoon",0,0.08,74,0.04,28.7399999999998
848,848,"Random (Pure Exploration)","Ad_B","Tablet","Evening",0,0.08,74,0.04,28.7799999999998
849,849,"Random (Pure Exploration)","Ad_C","Tablet","Evening",0,0.12,74,0,28.7799999999998
850,850,"Random (Pure Exploration)","Ad_B","Mobile","Afternoon",0,0.08,74,0.04,28.8199999999998
851,851,"Random (Pure Exploration)","Ad_C","Mobile","Afternoon",0,0.12,74,0,28.8199999999998
852,852,"Random (Pure Exploration)","Ad_D","Mobile","Morning",0,0.1,74,0.02,28.8399999999998
853,853,"Random (Pure Exploration)","Ad_B","Tablet","Evening",0,0.08,74,0.04,28.8799999999998
854,854,"Random (Pure Exploration)","Ad_B","Mobile","Morning",0,0.08,74,0.04,28.9199999999998
855,855,"Random (Pure Exploration)","Ad_D","Mobile","Evening",0,0.1,74,0.02,28.9399999999998
856,856,"Random (Pure Exploration)","Ad_A","Mobile","Morning",0,0.05,74,0.07,29.0099999999998
857,857,"Random (Pure Exploration)","Ad_A","Desktop","Evening",0,0.05,74,0.07,29.0799999999998
858,858,"Random (Pure Exploration)","Ad_B","Mobile","Evening",0,0.08,74,0.04,29.1199999999998
859,859,"Random (Pure Exploration)","Ad_B","Desktop","Evening",0,0.08,74,0.04,29.1599999999998
860,860,"Random (Pure Exploration)","Ad_D","Desktop","Morning",0,0.1,74,0.02,29.1799999999998
861,861,"Random (Pure Exploration)","Ad_C","Desktop","Evening",0,0.12,74,0,29.1799999999998
862,862,"Random (Pure Exploration)","Ad_A","Mobile","Evening",0,0.05,74,0.07,29.2499999999998
863,863,"Random (Pure Exploration)","Ad_D","Tablet","Afternoon",0,0.1,74,0.02,29.2699999999998
864,864,"Random (Pure Exploration)","Ad_A","Tablet","Evening",0,0.05,74,0.07,29.3399999999998
865,865,"Random (Pure Exploration)","Ad_A","Desktop","Evening",0,0.05,74,0.07,29.4099999999998
866,866,"Random (Pure Exploration)","Ad_D","Desktop","Evening",0,0.1,74,0.02,29.4299999999998
867,867,"Random (Pure Exploration)","Ad_D","Mobile","Afternoon",0,0.1,74,0.02,29.4499999999998
868,868,"Random (Pure Exploration)","Ad_C","Desktop","Morning",0,0.12,74,0,29.4499999999998
869,869,"Random (Pure Exploration)","Ad_C","Desktop","Morning",0,0.12,74,0,29.4499999999998
870,870,"Random (Pure Exploration)","Ad_A","Tablet","Morning",0,0.05,74,0.07,29.5199999999998
871,871,"Random (Pure Exploration)","Ad_A","Desktop","Evening",0,0.05,74,0.07,29.5899999999998
872,872,"Random (Pure Exploration)","Ad_B","Mobile","Evening",0,0.08,74,0.04,29.6299999999998
873,873,"Random (Pure Exploration)","Ad_C","Desktop","Evening",0,0.12,74,0,29.6299999999998
874,874,"Random (Pure Exploration)","Ad_D","Tablet","Afternoon",0,0.1,74,0.02,29.6499999999998
875,875,"Random (Pure Exploration)","Ad_C","Tablet","Afternoon",0,0.12,74,0,29.6499999999998
876,876,"Random (Pure Exploration)","Ad_B","Tablet","Morning",0,0.08,74,0.04,29.6899999999998
877,877,"Random (Pure Exploration)","Ad_C","Tablet","Morning",0,0.12,74,0,29.6899999999998
878,878,"Random (Pure Exploration)","Ad_C","Tablet","Evening",0,0.12,74,0,29.6899999999998
879,879,"Random (Pure Exploration)","Ad_B","Tablet","Morning",0,0.08,74,0.04,29.7299999999998
880,880,"Random (Pure Exploration)","Ad_A","Desktop","Evening",0,0.05,74,0.07,29.7999999999998
881,881,"Random (Pure Exploration)","Ad_A","Desktop","Evening",0,0.05,74,0.07,29.8699999999998
882,882,"Random (Pure Exploration)","Ad_A","Mobile","Afternoon",0,0.05,74,0.07,29.9399999999998
883,883,"Random (Pure Exploration)","Ad_A","Tablet","Evening",0,0.05,74,0.07,30.0099999999998
884,884,"Random (Pure Exploration)","Ad_C","Tablet","Afternoon",0,0.12,74,0,30.0099999999998
885,885,"Random (Pure Exploration)","Ad_C","Tablet","Afternoon",0,0.12,74,0,30.0099999999998
886,886,"Random (Pure Exploration)","Ad_C","Desktop","Evening",0,0.12,74,0,30.0099999999998
887,887,"Random (Pure Exploration)","Ad_D","Desktop","Evening",0,0.1,74,0.02,30.0299999999998
888,888,"Random (Pure Exploration)","Ad_C","Desktop","Evening",0,0.12,74,0,30.0299999999998
889,889,"Random (Pure Exploration)","Ad_A","Tablet","Evening",0,0.05,74,0.07,30.0999999999998
890,890,"Random (Pure Exploration)","Ad_D","Tablet","Morning",0,0.1,74,0.02,30.1199999999998
891,891,"Random (Pure Exploration)","Ad_B","Desktop","Afternoon",0,0.08,74,0.04,30.1599999999998
892,892,"Random (Pure Exploration)","Ad_C","Tablet","Morning",0,0.12,74,0,30.1599999999998
893,893,"Random (Pure Exploration)","Ad_B","Tablet","Morning",0,0.08,74,0.04,30.1999999999998
894,894,"Random (Pure Exploration)","Ad_C","Mobile","Morning",0,0.12,74,0,30.1999999999998
895,895,"Random (Pure Exploration)","Ad_D","Desktop","Morning",0,0.1,74,0.02,30.2199999999998
896,896,"Random (Pure Exploration)","Ad_D","Desktop","Evening",0,0.1,74,0.02,30.2399999999998
897,897,"Random (Pure Exploration)","Ad_D","Tablet","Afternoon",0,0.1,74,0.02,30.2599999999998
898,898,"Random (Pure Exploration)","Ad_C","Desktop","Morning",0,0.12,74,0,30.2599999999998
899,899,"Random (Pure Exploration)","Ad_B","Desktop","Afternoon",0,0.08,74,0.04,30.2999999999998
900,900,"Random (Pure Exploration)","Ad_C","Desktop","Evening",0,0.12,74,0,30.2999999999998
901,901,"Random (Pure Exploration)","Ad_C","Mobile","Morning",0,0.12,74,0,30.2999999999998
902,902,"Random (Pure Exploration)","Ad_C","Mobile","Evening",1,0.12,75,0,30.2999999999998
903,903,"Random (Pure Exploration)","Ad_C","Mobile","Evening",0,0.12,75,0,30.2999999999998
904,904,"Random (Pure Exploration)","Ad_B","Mobile","Afternoon",0,0.08,75,0.04,30.3399999999998
905,905,"Random (Pure Exploration)","Ad_C","Desktop","Afternoon",0,0.12,75,0,30.3399999999998
906,906,"Random (Pure Exploration)","Ad_B","Desktop","Afternoon",0,0.08,75,0.04,30.3799999999998
907,907,"Random (Pure Exploration)","Ad_A","Mobile","Morning",0,0.05,75,0.07,30.4499999999998
908,908,"Random (Pure Exploration)","Ad_B","Desktop","Morning",0,0.08,75,0.04,30.4899999999998
909,909,"Random (Pure Exploration)","Ad_C","Desktop","Evening",0,0.12,75,0,30.4899999999998
910,910,"Random (Pure Exploration)","Ad_A","Mobile","Evening",0,0.05,75,0.07,30.5599999999998
911,911,"Random (Pure Exploration)","Ad_B","Desktop","Afternoon",0,0.08,75,0.04,30.5999999999998
912,912,"Random (Pure Exploration)","Ad_B","Tablet","Afternoon",0,0.08,75,0.04,30.6399999999998
913,913,"Random (Pure Exploration)","Ad_C","Desktop","Morning",0,0.12,75,0,30.6399999999998
914,914,"Random (Pure Exploration)","Ad_D","Tablet","Morning",0,0.1,75,0.02,30.6599999999998
915,915,"Random (Pure Exploration)","Ad_D","Tablet","Evening",0,0.1,75,0.02,30.6799999999998
916,916,"Random (Pure Exploration)","Ad_B","Desktop","Evening",0,0.08,75,0.04,30.7199999999998
917,917,"Random (Pure Exploration)","Ad_D","Mobile","Evening",0,0.1,75,0.02,30.7399999999998
918,918,"Random (Pure Exploration)","Ad_C","Desktop","Morning",0,0.12,75,0,30.7399999999998
919,919,"Random (Pure Exploration)","Ad_C","Desktop","Afternoon",0,0.12,75,0,30.7399999999998
920,920,"Random (Pure Exploration)","Ad_A","Desktop","Evening",1,0.05,76,0.07,30.8099999999998
921,921,"Random (Pure Exploration)","Ad_C","Desktop","Afternoon",0,0.12,76,0,30.8099999999998
922,922,"Random (Pure Exploration)","Ad_B","Desktop","Morning",1,0.08,77,0.04,30.8499999999998
923,923,"Random (Pure Exploration)","Ad_A","Tablet","Afternoon",0,0.05,77,0.07,30.9199999999998
924,924,"Random (Pure Exploration)","Ad_B","Mobile","Afternoon",0,0.08,77,0.04,30.9599999999998
925,925,"Random (Pure Exploration)","Ad_A","Desktop","Evening",0,0.05,77,0.07,31.0299999999998
926,926,"Random (Pure Exploration)","Ad_D","Tablet","Evening",0,0.1,77,0.02,31.0499999999998
927,927,"Random (Pure Exploration)","Ad_A","Tablet","Afternoon",1,0.05,78,0.07,31.1199999999998
928,928,"Random (Pure Exploration)","Ad_C","Mobile","Evening",0,0.12,78,0,31.1199999999998
929,929,"Random (Pure Exploration)","Ad_C","Mobile","Evening",1,0.12,79,0,31.1199999999998
930,930,"Random (Pure Exploration)","Ad_C","Mobile","Morning",0,0.12,79,0,31.1199999999998
931,931,"Random (Pure Exploration)","Ad_C","Tablet","Evening",1,0.12,80,0,31.1199999999998
932,932,"Random (Pure Exploration)","Ad_D","Mobile","Evening",0,0.1,80,0.02,31.1399999999998
933,933,"Random (Pure Exploration)","Ad_C","Tablet","Evening",0,0.12,80,0,31.1399999999998
934,934,"Random (Pure Exploration)","Ad_A","Desktop","Evening",0,0.05,80,0.07,31.2099999999998
935,935,"Random (Pure Exploration)","Ad_A","Mobile","Morning",0,0.05,80,0.07,31.2799999999998
936,936,"Random (Pure Exploration)","Ad_C","Mobile","Afternoon",0,0.12,80,0,31.2799999999998
937,937,"Random (Pure Exploration)","Ad_D","Tablet","Evening",0,0.1,80,0.02,31.2999999999998
938,938,"Random (Pure Exploration)","Ad_B","Tablet","Afternoon",0,0.08,80,0.04,31.3399999999998
939,939,"Random (Pure Exploration)","Ad_C","Desktop","Afternoon",0,0.12,80,0,31.3399999999998
940,940,"Random (Pure Exploration)","Ad_C","Tablet","Evening",0,0.12,80,0,31.3399999999998
941,941,"Random (Pure Exploration)","Ad_D","Tablet","Morning",0,0.1,80,0.02,31.3599999999998
942,942,"Random (Pure Exploration)","Ad_B","Tablet","Evening",0,0.08,80,0.04,31.3999999999998
943,943,"Random (Pure Exploration)","Ad_D","Tablet","Morning",0,0.1,80,0.02,31.4199999999998
944,944,"Random (Pure Exploration)","Ad_D","Desktop","Evening",0,0.1,80,0.02,31.4399999999998
945,945,"Random (Pure Exploration)","Ad_D","Tablet","Morning",0,0.1,80,0.02,31.4599999999998
946,946,"Random (Pure Exploration)","Ad_C","Tablet","Evening",0,0.12,80,0,31.4599999999998
947,947,"Random (Pure Exploration)","Ad_D","Mobile","Evening",0,0.1,80,0.02,31.4799999999998
948,948,"Random (Pure Exploration)","Ad_C","Desktop","Afternoon",0,0.12,80,0,31.4799999999998
949,949,"Random (Pure Exploration)","Ad_D","Mobile","Evening",0,0.1,80,0.02,31.4999999999998
950,950,"Random (Pure Exploration)","Ad_B","Mobile","Morning",0,0.08,80,0.04,31.5399999999998
951,951,"Random (Pure Exploration)","Ad_A","Tablet","Afternoon",0,0.05,80,0.07,31.6099999999998
952,952,"Random (Pure Exploration)","Ad_A","Desktop","Evening",0,0.05,80,0.07,31.6799999999998
953,953,"Random (Pure Exploration)","Ad_C","Tablet","Evening",1,0.12,81,0,31.6799999999998
954,954,"Random (Pure Exploration)","Ad_B","Tablet","Evening",0,0.08,81,0.04,31.7199999999998
955,955,"Random (Pure Exploration)","Ad_A","Tablet","Afternoon",1,0.05,82,0.07,31.7899999999998
956,956,"Random (Pure Exploration)","Ad_B","Mobile","Afternoon",0,0.08,82,0.04,31.8299999999998
957,957,"Random (Pure Exploration)","Ad_A","Desktop","Morning",0,0.05,82,0.07,31.8999999999998
958,958,"Random (Pure Exploration)","Ad_C","Desktop","Evening",0,0.12,82,0,31.8999999999998
959,959,"Random (Pure Exploration)","Ad_C","Tablet","Morning",1,0.12,83,0,31.8999999999998
960,960,"Random (Pure Exploration)","Ad_B","Mobile","Morning",0,0.08,83,0.04,31.9399999999998
961,961,"Random (Pure Exploration)","Ad_D","Desktop","Afternoon",1,0.1,84,0.02,31.9599999999998
962,962,"Random (Pure Exploration)","Ad_A","Mobile","Evening",0,0.05,84,0.07,32.0299999999998
963,963,"Random (Pure Exploration)","Ad_C","Desktop","Evening",1,0.12,85,0,32.0299999999998
964,964,"Random (Pure Exploration)","Ad_C","Mobile","Afternoon",1,0.12,86,0,32.0299999999998
965,965,"Random (Pure Exploration)","Ad_A","Mobile","Evening",0,0.05,86,0.07,32.0999999999998
966,966,"Random (Pure Exploration)","Ad_A","Mobile","Evening",0,0.05,86,0.07,32.1699999999998
967,967,"Random (Pure Exploration)","Ad_A","Tablet","Evening",0,0.05,86,0.07,32.2399999999998
968,968,"Random (Pure Exploration)","Ad_A","Mobile","Afternoon",0,0.05,86,0.07,32.3099999999998
969,969,"Random (Pure Exploration)","Ad_D","Desktop","Afternoon",0,0.1,86,0.02,32.3299999999998
970,970,"Random (Pure Exploration)","Ad_A","Mobile","Afternoon",0,0.05,86,0.07,32.3999999999998
971,971,"Random (Pure Exploration)","Ad_B","Desktop","Morning",0,0.08,86,0.04,32.4399999999998
972,972,"Random (Pure Exploration)","Ad_B","Desktop","Morning",0,0.08,86,0.04,32.4799999999998
973,973,"Random (Pure Exploration)","Ad_C","Tablet","Evening",0,0.12,86,0,32.4799999999998
974,974,"Random (Pure Exploration)","Ad_A","Desktop","Evening",0,0.05,86,0.07,32.5499999999998
975,975,"Random (Pure Exploration)","Ad_B","Desktop","Evening",0,0.08,86,0.04,32.5899999999998
976,976,"Random (Pure Exploration)","Ad_C","Desktop","Morning",0,0.12,86,0,32.5899999999998
977,977,"Random (Pure Exploration)","Ad_C","Mobile","Afternoon",0,0.12,86,0,32.5899999999998
978,978,"Random (Pure Exploration)","Ad_A","Mobile","Morning",0,0.05,86,0.07,32.6599999999998
979,979,"Random (Pure Exploration)","Ad_D","Tablet","Morning",0,0.1,86,0.02,32.6799999999998
980,980,"Random (Pure Exploration)","Ad_A","Mobile","Afternoon",0,0.05,86,0.07,32.7499999999998
981,981,"Random (Pure Exploration)","Ad_C","Desktop","Morning",0,0.12,86,0,32.7499999999998
982,982,"Random (Pure Exploration)","Ad_C","Desktop","Evening",0,0.12,86,0,32.7499999999998
983,983,"Random (Pure Exploration)","Ad_C","Tablet","Morning",0,0.12,86,0,32.7499999999998
984,984,"Random (Pure Exploration)","Ad_B","Tablet","Afternoon",0,0.08,86,0.04,32.7899999999998
985,985,"Random (Pure Exploration)","Ad_C","Tablet","Afternoon",0,0.12,86,0,32.7899999999998
986,986,"Random (Pure Exploration)","Ad_D","Tablet","Morning",0,0.1,86,0.02,32.8099999999998
987,987,"Random (Pure Exploration)","Ad_A","Mobile","Afternoon",0,0.05,86,0.07,32.8799999999998
988,988,"Random (Pure Exploration)","Ad_A","Desktop","Morning",0,0.05,86,0.07,32.9499999999998
989,989,"Random (Pure Exploration)","Ad_D","Mobile","Afternoon",0,0.1,86,0.02,32.9699999999998
990,990,"Random (Pure Exploration)","Ad_A","Desktop","Afternoon",0,0.05,86,0.07,33.0399999999998
991,991,"Random (Pure Exploration)","Ad_D","Desktop","Morning",0,0.1,86,0.02,33.0599999999998
992,992,"Random (Pure Exploration)","Ad_D","Mobile","Afternoon",0,0.1,86,0.02,33.0799999999998
993,993,"Random (Pure Exploration)","Ad_A","Desktop","Morning",0,0.05,86,0.07,33.1499999999998
994,994,"Random (Pure Exploration)","Ad_C","Desktop","Afternoon",0,0.12,86,0,33.1499999999998
995,995,"Random (Pure Exploration)","Ad_A","Tablet","Morning",0,0.05,86,0.07,33.2199999999998
996,996,"Random (Pure Exploration)","Ad_A","Mobile","Morning",1,0.05,87,0.07,33.2899999999998
997,997,"Random (Pure Exploration)","Ad_A","Tablet","Evening",0,0.05,87,0.07,33.3599999999998
998,998,"Random (Pure Exploration)","Ad_D","Tablet","Afternoon",0,0.1,87,0.02,33.3799999999998
999,999,"Random (Pure Exploration)","Ad_B","Tablet","Morning",0,0.08,87,0.04,33.4199999999998
1000,1000,"Random (Pure Exploration)","Ad_C","Desktop","Morning",1,0.12,88,0,33.4199999999998
1001,1001,"Random (Pure Exploration)","Ad_C","Tablet","Evening",0,0.12,88,0,33.4199999999998
1002,1002,"Random (Pure Exploration)","Ad_A","Tablet","Afternoon",0,0.05,88,0.07,33.4899999999998
1003,1003,"Random (Pure Exploration)","Ad_D","Mobile","Evening",0,0.1,88,0.02,33.5099999999998
1004,1004,"Random (Pure Exploration)","Ad_D","Desktop","Evening",0,0.1,88,0.02,33.5299999999998
1005,1005,"Random (Pure Exploration)","Ad_C","Tablet","Afternoon",0,0.12,88,0,33.5299999999998
1006,1006,"Random (Pure Exploration)","Ad_A","Desktop","Afternoon",0,0.05,88,0.07,33.5999999999998
1007,1007,"Random (Pure Exploration)","Ad_A","Desktop","Morning",0,0.05,88,0.07,33.6699999999998
1008,1008,"Random (Pure Exploration)","Ad_D","Mobile","Morning",0,0.1,88,0.02,33.6899999999998
1009,1009,"Random (Pure Exploration)","Ad_A","Tablet","Morning",0,0.05,88,0.07,33.7599999999998
1010,1010,"Random (Pure Exploration)","Ad_A","Tablet","Evening",1,0.05,89,0.07,33.8299999999998
1011,1011,"Random (Pure Exploration)","Ad_D","Mobile","Evening",0,0.1,89,0.02,33.8499999999998
1012,1012,"Random (Pure Exploration)","Ad_D","Tablet","Morning",0,0.1,89,0.02,33.8699999999998
1013,1013,"Random (Pure Exploration)","Ad_C","Tablet","Evening",0,0.12,89,0,33.8699999999998
1014,1014,"Random (Pure Exploration)","Ad_A","Mobile","Morning",0,0.05,89,0.07,33.9399999999998
1015,1015,"Random (Pure Exploration)","Ad_C","Desktop","Evening",0,0.12,89,0,33.9399999999998
1016,1016,"Random (Pure Exploration)","Ad_A","Desktop","Evening",0,0.05,89,0.07,34.0099999999998
1017,1017,"Random (Pure Exploration)","Ad_A","Tablet","Evening",0,0.05,89,0.07,34.0799999999998
1018,1018,"Random (Pure Exploration)","Ad_D","Desktop","Morning",0,0.1,89,0.02,34.0999999999998
1019,1019,"Random (Pure Exploration)","Ad_D","Mobile","Evening",0,0.1,89,0.02,34.1199999999998
1020,1020,"Random (Pure Exploration)","Ad_A","Mobile","Afternoon",0,0.05,89,0.07,34.1899999999998
1021,1021,"Random (Pure Exploration)","Ad_C","Tablet","Evening",0,0.12,89,0,34.1899999999998
1022,1022,"Random (Pure Exploration)","Ad_D","Tablet","Evening",0,0.1,89,0.02,34.2099999999999
1023,1023,"Random (Pure Exploration)","Ad_C","Mobile","Afternoon",0,0.12,89,0,34.2099999999999
1024,1024,"Random (Pure Exploration)","Ad_A","Tablet","Morning",0,0.05,89,0.07,34.2799999999999
1025,1025,"Random (Pure Exploration)","Ad_B","Tablet","Afternoon",0,0.08,89,0.04,34.3199999999999
1026,1026,"Random (Pure Exploration)","Ad_C","Desktop","Evening",0,0.12,89,0,34.3199999999999
1027,1027,"Random (Pure Exploration)","Ad_D","Mobile","Evening",0,0.1,89,0.02,34.3399999999999
1028,1028,"Random (Pure Exploration)","Ad_B","Mobile","Afternoon",0,0.08,89,0.04,34.3799999999999
1029,1029,"Random (Pure Exploration)","Ad_D","Desktop","Evening",0,0.1,89,0.02,34.3999999999999
1030,1030,"Random (Pure Exploration)","Ad_D","Desktop","Evening",0,0.1,89,0.02,34.4199999999999
1031,1031,"Random (Pure Exploration)","Ad_C","Mobile","Evening",0,0.12,89,0,34.4199999999999
1032,1032,"Random (Pure Exploration)","Ad_D","Desktop","Evening",0,0.1,89,0.02,34.4399999999999
1033,1033,"Random (Pure Exploration)","Ad_A","Desktop","Morning",0,0.05,89,0.07,34.5099999999999
1034,1034,"Random (Pure Exploration)","Ad_D","Tablet","Morning",0,0.1,89,0.02,34.5299999999999
1035,1035,"Random (Pure Exploration)","Ad_A","Mobile","Evening",0,0.05,89,0.07,34.5999999999999
1036,1036,"Random (Pure Exploration)","Ad_B","Tablet","Afternoon",0,0.08,89,0.04,34.6399999999999
1037,1037,"Random (Pure Exploration)","Ad_A","Desktop","Afternoon",0,0.05,89,0.07,34.7099999999999
1038,1038,"Random (Pure Exploration)","Ad_A","Tablet","Morning",0,0.05,89,0.07,34.7799999999999
1039,1039,"Random (Pure Exploration)","Ad_C","Desktop","Evening",1,0.12,90,0,34.7799999999999
1040,1040,"Random (Pure Exploration)","Ad_B","Tablet","Morning",0,0.08,90,0.04,34.8199999999999
1041,1041,"Random (Pure Exploration)","Ad_B","Mobile","Afternoon",0,0.08,90,0.04,34.8599999999999
1042,1042,"Random (Pure Exploration)","Ad_A","Tablet","Evening",0,0.05,90,0.07,34.9299999999999
1043,1043,"Random (Pure Exploration)","Ad_A","Mobile","Evening",0,0.05,90,0.07,34.9999999999999
1044,1044,"Random (Pure Exploration)","Ad_D","Tablet","Afternoon",0,0.1,90,0.02,35.0199999999999
1045,1045,"Random (Pure Exploration)","Ad_C","Mobile","Morning",0,0.12,90,0,35.0199999999999
1046,1046,"Random (Pure Exploration)","Ad_B","Tablet","Evening",0,0.08,90,0.04,35.0599999999999
1047,1047,"Random (Pure Exploration)","Ad_D","Mobile","Morning",0,0.1,90,0.02,35.0799999999999
1048,1048,"Random (Pure Exploration)","Ad_C","Desktop","Morning",0,0.12,90,0,35.0799999999999
1049,1049,"Random (Pure Exploration)","Ad_C","Mobile","Afternoon",0,0.12,90,0,35.0799999999999
1050,1050,"Random (Pure Exploration)","Ad_D","Tablet","Morning",0,0.1,90,0.02,35.0999999999999
1051,1051,"Random (Pure Exploration)","Ad_B","Desktop","Afternoon",0,0.08,90,0.04,35.1399999999999
1052,1052,"Random (Pure Exploration)","Ad_B","Tablet","Evening",0,0.08,90,0.04,35.1799999999999
1053,1053,"Random (Pure Exploration)","Ad_C","Mobile","Afternoon",0,0.12,90,0,35.1799999999999
1054,1054,"Random (Pure Exploration)","Ad_C","Mobile","Evening",0,0.12,90,0,35.1799999999999
1055,1055,"Random (Pure Exploration)","Ad_A","Tablet","Morning",0,0.05,90,0.07,35.2499999999999
1056,1056,"Random (Pure Exploration)","Ad_A","Desktop","Morning",1,0.05,91,0.07,35.3199999999999
1057,1057,"Random (Pure Exploration)","Ad_C","Mobile","Morning",1,0.12,92,0,35.3199999999999
1058,1058,"Random (Pure Exploration)","Ad_A","Tablet","Evening",0,0.05,92,0.07,35.3899999999999
1059,1059,"Random (Pure Exploration)","Ad_A","Mobile","Afternoon",0,0.05,92,0.07,35.4599999999999
1060,1060,"Random (Pure Exploration)","Ad_D","Tablet","Evening",0,0.1,92,0.02,35.4799999999999
1061,1061,"Random (Pure Exploration)","Ad_C","Desktop","Afternoon",0,0.12,92,0,35.4799999999999
1062,1062,"Random (Pure Exploration)","Ad_C","Desktop","Morning",1,0.12,93,0,35.4799999999999
1063,1063,"Random (Pure Exploration)","Ad_B","Tablet","Morning",0,0.08,93,0.04,35.5199999999999
1064,1064,"Random (Pure Exploration)","Ad_C","Desktop","Morning",0,0.12,93,0,35.5199999999999
1065,1065,"Random (Pure Exploration)","Ad_B","Tablet","Evening",0,0.08,93,0.04,35.5599999999999
1066,1066,"Random (Pure Exploration)","Ad_B","Mobile","Evening",0,0.08,93,0.04,35.5999999999999
1067,1067,"Random (Pure Exploration)","Ad_B","Desktop","Morning",0,0.08,93,0.04,35.6399999999999
1068,1068,"Random (Pure Exploration)","Ad_D","Mobile","Evening",0,0.1,93,0.02,35.6599999999999
1069,1069,"Random (Pure Exploration)","Ad_B","Mobile","Morning",0,0.08,93,0.04,35.6999999999999
1070,1070,"Random (Pure Exploration)","Ad_B","Mobile","Afternoon",0,0.08,93,0.04,35.7399999999999
1071,1071,"Random (Pure Exploration)","Ad_A","Mobile","Afternoon",0,0.05,93,0.07,35.8099999999999
1072,1072,"Random (Pure Exploration)","Ad_A","Mobile","Afternoon",0,0.05,93,0.07,35.8799999999999
1073,1073,"Random (Pure Exploration)","Ad_C","Tablet","Morning",0,0.12,93,0,35.8799999999999
1074,1074,"Random (Pure Exploration)","Ad_A","Desktop","Morning",0,0.05,93,0.07,35.9499999999999
1075,1075,"Random (Pure Exploration)","Ad_A","Desktop","Morning",0,0.05,93,0.07,36.0199999999999
1076,1076,"Random (Pure Exploration)","Ad_C","Desktop","Morning",0,0.12,93,0,36.0199999999999
1077,1077,"Random (Pure Exploration)","Ad_D","Tablet","Morning",0,0.1,93,0.02,36.0399999999999
1078,1078,"Random (Pure Exploration)","Ad_A","Mobile","Afternoon",0,0.05,93,0.07,36.1099999999999
1079,1079,"Random (Pure Exploration)","Ad_D","Mobile","Evening",0,0.1,93,0.02,36.1299999999999
1080,1080,"Random (Pure Exploration)","Ad_C","Mobile","Evening",1,0.12,94,0,36.1299999999999
1081,1081,"Random (Pure Exploration)","Ad_A","Desktop","Afternoon",1,0.05,95,0.07,36.1999999999999
1082,1082,"Random (Pure Exploration)","Ad_A","Mobile","Evening",0,0.05,95,0.07,36.2699999999999
1083,1083,"Random (Pure Exploration)","Ad_B","Tablet","Morning",0,0.08,95,0.04,36.3099999999999
1084,1084,"Random (Pure Exploration)","Ad_D","Mobile","Evening",0,0.1,95,0.02,36.3299999999999
1085,1085,"Random (Pure Exploration)","Ad_C","Desktop","Morning",0,0.12,95,0,36.3299999999999
1086,1086,"Random (Pure Exploration)","Ad_D","Tablet","Morning",0,0.1,95,0.02,36.3499999999999
1087,1087,"Random (Pure Exploration)","Ad_A","Mobile","Evening",0,0.05,95,0.07,36.4199999999999
1088,1088,"Random (Pure Exploration)","Ad_C","Tablet","Evening",0,0.12,95,0,36.4199999999999
1089,1089,"Random (Pure Exploration)","Ad_A","Tablet","Morning",0,0.05,95,0.07,36.4899999999999
1090,1090,"Random (Pure Exploration)","Ad_D","Tablet","Afternoon",0,0.1,95,0.02,36.5099999999999
1091,1091,"Random (Pure Exploration)","Ad_B","Desktop","Morning",0,0.08,95,0.04,36.5499999999999
1092,1092,"Random (Pure Exploration)","Ad_D","Tablet","Evening",0,0.1,95,0.02,36.5699999999999
1093,1093,"Random (Pure Exploration)","Ad_C","Desktop","Afternoon",0,0.12,95,0,36.5699999999999
1094,1094,"Random (Pure Exploration)","Ad_B","Tablet","Afternoon",0,0.08,95,0.04,36.6099999999999
1095,1095,"Random (Pure Exploration)","Ad_A","Mobile","Evening",0,0.05,95,0.07,36.6799999999999
1096,1096,"Random (Pure Exploration)","Ad_B","Mobile","Afternoon",0,0.08,95,0.04,36.7199999999999
1097,1097,"Random (Pure Exploration)","Ad_C","Tablet","Morning",1,0.12,96,0,36.7199999999999
1098,1098,"Random (Pure Exploration)","Ad_D","Tablet","Afternoon",0,0.1,96,0.02,36.7399999999999
1099,1099,"Random (Pure Exploration)","Ad_D","Mobile","Morning",0,0.1,96,0.02,36.7599999999999
1100,1100,"Random (Pure Exploration)","Ad_A","Mobile","Afternoon",0,0.05,96,0.07,36.8299999999999
1101,1101,"Random (Pure Exploration)","Ad_A","Desktop","Evening",0,0.05,96,0.07,36.8999999999999
1102,1102,"Random (Pure Exploration)","Ad_D","Mobile","Morning",0,0.1,96,0.02,36.9199999999999
1103,1103,"Random (Pure Exploration)","Ad_B","Tablet","Morning",0,0.08,96,0.04,36.9599999999999
1104,1104,"Random (Pure Exploration)","Ad_D","Desktop","Evening",0,0.1,96,0.02,36.9799999999999
1105,1105,"Random (Pure Exploration)","Ad_D","Desktop","Evening",0,0.1,96,0.02,36.9999999999999
1106,1106,"Random (Pure Exploration)","Ad_C","Mobile","Afternoon",0,0.12,96,0,36.9999999999999
1107,1107,"Random (Pure Exploration)","Ad_A","Tablet","Morning",0,0.05,96,0.07,37.0699999999999
1108,1108,"Random (Pure Exploration)","Ad_C","Desktop","Afternoon",0,0.12,96,0,37.0699999999999
1109,1109,"Random (Pure Exploration)","Ad_B","Desktop","Afternoon",0,0.08,96,0.04,37.1099999999999
1110,1110,"Random (Pure Exploration)","Ad_D","Mobile","Evening",0,0.1,96,0.02,37.1299999999999
1111,1111,"Random (Pure Exploration)","Ad_C","Desktop","Morning",0,0.12,96,0,37.1299999999999
1112,1112,"Random (Pure Exploration)","Ad_C","Tablet","Morning",0,0.12,96,0,37.1299999999999
1113,1113,"Random (Pure Exploration)","Ad_C","Tablet","Morning",0,0.12,96,0,37.1299999999999
1114,1114,"Random (Pure Exploration)","Ad_D","Desktop","Morning",0,0.1,96,0.02,37.1499999999999
1115,1115,"Random (Pure Exploration)","Ad_B","Tablet","Afternoon",0,0.08,96,0.04,37.1899999999999
1116,1116,"Random (Pure Exploration)","Ad_B","Desktop","Afternoon",0,0.08,96,0.04,37.2299999999999
1117,1117,"Random (Pure Exploration)","Ad_D","Tablet","Evening",0,0.1,96,0.02,37.2499999999999
1118,1118,"Random (Pure Exploration)","Ad_D","Tablet","Afternoon",1,0.1,97,0.02,37.2699999999999
1119,1119,"Random (Pure Exploration)","Ad_D","Tablet","Afternoon",0,0.1,97,0.02,37.2899999999999
1120,1120,"Random (Pure Exploration)","Ad_A","Desktop","Afternoon",0,0.05,97,0.07,37.3599999999999
1121,1121,"Random (Pure Exploration)","Ad_C","Mobile","Evening",0,0.12,97,0,37.3599999999999
1122,1122,"Random (Pure Exploration)","Ad_D","Mobile","Evening",0,0.1,97,0.02,37.3799999999999
1123,1123,"Random (Pure Exploration)","Ad_A","Tablet","Afternoon",0,0.05,97,0.07,37.4499999999999
1124,1124,"Random (Pure Exploration)","Ad_D","Mobile","Morning",0,0.1,97,0.02,37.4699999999999
1125,1125,"Random (Pure Exploration)","Ad_C","Mobile","Afternoon",0,0.12,97,0,37.4699999999999
1126,1126,"Random (Pure Exploration)","Ad_A","Tablet","Morning",0,0.05,97,0.07,37.5399999999999
1127,1127,"Random (Pure Exploration)","Ad_C","Mobile","Morning",0,0.12,97,0,37.5399999999999
1128,1128,"Random (Pure Exploration)","Ad_D","Mobile","Afternoon",0,0.1,97,0.02,37.5599999999999
1129,1129,"Random (Pure Exploration)","Ad_A","Tablet","Evening",0,0.05,97,0.07,37.6299999999999
1130,1130,"Random (Pure Exploration)","Ad_B","Desktop","Morning",0,0.08,97,0.04,37.6699999999999
1131,1131,"Random (Pure Exploration)","Ad_C","Tablet","Morning",1,0.12,98,0,37.6699999999999
1132,1132,"Random (Pure Exploration)","Ad_D","Tablet","Evening",0,0.1,98,0.02,37.6899999999999
1133,1133,"Random (Pure Exploration)","Ad_C","Desktop","Evening",0,0.12,98,0,37.6899999999999
1134,1134,"Random (Pure Exploration)","Ad_D","Tablet","Afternoon",0,0.1,98,0.02,37.7099999999999
1135,1135,"Random (Pure Exploration)","Ad_A","Tablet","Afternoon",0,0.05,98,0.07,37.7799999999999
1136,1136,"Random (Pure Exploration)","Ad_B","Tablet","Afternoon",0,0.08,98,0.04,37.8199999999999
1137,1137,"Random (Pure Exploration)","Ad_A","Tablet","Morning",0,0.05,98,0.07,37.8899999999999
1138,1138,"Random (Pure Exploration)","Ad_A","Mobile","Afternoon",0,0.05,98,0.07,37.9599999999999
1139,1139,"Random (Pure Exploration)","Ad_A","Mobile","Morning",0,0.05,98,0.07,38.0299999999999
1140,1140,"Random (Pure Exploration)","Ad_B","Tablet","Morning",0,0.08,98,0.04,38.0699999999999
1141,1141,"Random (Pure Exploration)","Ad_A","Tablet","Afternoon",0,0.05,98,0.07,38.1399999999999
1142,1142,"Random (Pure Exploration)","Ad_C","Mobile","Morning",0,0.12,98,0,38.1399999999999
1143,1143,"Random (Pure Exploration)","Ad_A","Tablet","Morning",1,0.05,99,0.07,38.2099999999999
1144,1144,"Random (Pure Exploration)","Ad_D","Mobile","Morning",1,0.1,100,0.02,38.2299999999999
1145,1145,"Random (Pure Exploration)","Ad_B","Mobile","Afternoon",0,0.08,100,0.04,38.2699999999999
1146,1146,"Random (Pure Exploration)","Ad_B","Mobile","Morning",0,0.08,100,0.04,38.3099999999999
1147,1147,"Random (Pure Exploration)","Ad_B","Tablet","Morning",0,0.08,100,0.04,38.3499999999999
1148,1148,"Random (Pure Exploration)","Ad_D","Desktop","Morning",0,0.1,100,0.02,38.3699999999999
1149,1149,"Random (Pure Exploration)","Ad_A","Desktop","Evening",0,0.05,100,0.07,38.4399999999999
1150,1150,"Random (Pure Exploration)","Ad_C","Tablet","Evening",0,0.12,100,0,38.4399999999999
1151,1151,"Random (Pure Exploration)","Ad_A","Tablet","Afternoon",0,0.05,100,0.07,38.5099999999999
1152,1152,"Random (Pure Exploration)","Ad_B","Desktop","Morning",0,0.08,100,0.04,38.5499999999999
1153,1153,"Random (Pure Exploration)","Ad_A","Desktop","Afternoon",0,0.05,100,0.07,38.6199999999999
1154,1154,"Random (Pure Exploration)","Ad_C","Desktop","Morning",1,0.12,101,0,38.6199999999999
1155,1155,"Random (Pure Exploration)","Ad_D","Tablet","Afternoon",1,0.1,102,0.02,38.6399999999999
1156,1156,"Random (Pure Exploration)","Ad_D","Tablet","Afternoon",1,0.1,103,0.02,38.6599999999999
1157,1157,"Random (Pure Exploration)","Ad_A","Tablet","Evening",1,0.05,104,0.07,38.7299999999999
1158,1158,"Random (Pure Exploration)","Ad_D","Tablet","Evening",0,0.1,104,0.02,38.75
1159,1159,"Random (Pure Exploration)","Ad_A","Tablet","Morning",0,0.05,104,0.07,38.82
1160,1160,"Random (Pure Exploration)","Ad_B","Tablet","Evening",1,0.08,105,0.04,38.8599999999999
1161,1161,"Random (Pure Exploration)","Ad_D","Mobile","Evening",0,0.1,105,0.02,38.88
1162,1162,"Random (Pure Exploration)","Ad_B","Desktop","Evening",0,0.08,105,0.04,38.92
1163,1163,"Random (Pure Exploration)","Ad_B","Desktop","Afternoon",0,0.08,105,0.04,38.96
1164,1164,"Random (Pure Exploration)","Ad_A","Tablet","Morning",0,0.05,105,0.07,39.03
1165,1165,"Random (Pure Exploration)","Ad_C","Mobile","Afternoon",1,0.12,106,0,39.03
1166,1166,"Random (Pure Exploration)","Ad_D","Tablet","Evening",0,0.1,106,0.02,39.05
1167,1167,"Random (Pure Exploration)","Ad_C","Tablet","Evening",0,0.12,106,0,39.05
1168,1168,"Random (Pure Exploration)","Ad_D","Tablet","Evening",0,0.1,106,0.02,39.07
1169,1169,"Random (Pure Exploration)","Ad_B","Mobile","Afternoon",0,0.08,106,0.04,39.11
1170,1170,"Random (Pure Exploration)","Ad_B","Desktop","Morning",0,0.08,106,0.04,39.15
1171,1171,"Random (Pure Exploration)","Ad_A","Desktop","Afternoon",1,0.05,107,0.07,39.22
1172,1172,"Random (Pure Exploration)","Ad_B","Mobile","Morning",0,0.08,107,0.04,39.26
1173,1173,"Random (Pure Exploration)","Ad_D","Tablet","Afternoon",0,0.1,107,0.02,39.28
1174,1174,"Random (Pure Exploration)","Ad_B","Mobile","Morning",1,0.08,108,0.04,39.32
1175,1175,"Random (Pure Exploration)","Ad_C","Tablet","Evening",0,0.12,108,0,39.32
1176,1176,"Random (Pure Exploration)","Ad_A","Mobile","Morning",0,0.05,108,0.07,39.39
1177,1177,"Random (Pure Exploration)","Ad_A","Desktop","Evening",0,0.05,108,0.07,39.46
1178,1178,"Random (Pure Exploration)","Ad_A","Mobile","Evening",0,0.05,108,0.07,39.53
1179,1179,"Random (Pure Exploration)","Ad_A","Tablet","Morning",0,0.05,108,0.07,39.6
1180,1180,"Random (Pure Exploration)","Ad_D","Desktop","Afternoon",0,0.1,108,0.02,39.62
1181,1181,"Random (Pure Exploration)","Ad_B","Mobile","Evening",0,0.08,108,0.04,39.66
1182,1182,"Random (Pure Exploration)","Ad_C","Mobile","Afternoon",0,0.12,108,0,39.66
1183,1183,"Random (Pure Exploration)","Ad_A","Tablet","Morning",0,0.05,108,0.07,39.73
1184,1184,"Random (Pure Exploration)","Ad_C","Tablet","Afternoon",0,0.12,108,0,39.73
1185,1185,"Random (Pure Exploration)","Ad_D","Desktop","Evening",0,0.1,108,0.02,39.75
1186,1186,"Random (Pure Exploration)","Ad_B","Mobile","Evening",0,0.08,108,0.04,39.79
1187,1187,"Random (Pure Exploration)","Ad_A","Mobile","Afternoon",0,0.05,108,0.07,39.86
1188,1188,"Random (Pure Exploration)","Ad_D","Mobile","Morning",0,0.1,108,0.02,39.88
1189,1189,"Random (Pure Exploration)","Ad_C","Tablet","Morning",0,0.12,108,0,39.88
1190,1190,"Random (Pure Exploration)","Ad_D","Mobile","Morning",0,0.1,108,0.02,39.9
1191,1191,"Random (Pure Exploration)","Ad_C","Desktop","Morning",0,0.12,108,0,39.9
1192,1192,"Random (Pure Exploration)","Ad_D","Tablet","Morning",0,0.1,108,0.02,39.92
1193,1193,"Random (Pure Exploration)","Ad_C","Tablet","Morning",1,0.12,109,0,39.92
1194,1194,"Random (Pure Exploration)","Ad_B","Mobile","Morning",0,0.08,109,0.04,39.96
1195,1195,"Random (Pure Exploration)","Ad_D","Tablet","Afternoon",0,0.1,109,0.02,39.98
1196,1196,"Random (Pure Exploration)","Ad_C","Desktop","Evening",0,0.12,109,0,39.98
1197,1197,"Random (Pure Exploration)","Ad_B","Desktop","Afternoon",0,0.08,109,0.04,40.02
1198,1198,"Random (Pure Exploration)","Ad_A","Tablet","Afternoon",0,0.05,109,0.07,40.09
1199,1199,"Random (Pure Exploration)","Ad_D","Mobile","Afternoon",0,0.1,109,0.02,40.11
1200,1200,"Random (Pure Exploration)","Ad_C","Tablet","Morning",0,0.12,109,0,40.11
1201,1201,"Random (Pure Exploration)","Ad_B","Desktop","Evening",0,0.08,109,0.04,40.15
1202,1202,"Random (Pure Exploration)","Ad_A","Desktop","Evening",0,0.05,109,0.07,40.22
1203,1203,"Random (Pure Exploration)","Ad_D","Desktop","Morning",1,0.1,110,0.02,40.24
1204,1204,"Random (Pure Exploration)","Ad_B","Mobile","Afternoon",0,0.08,110,0.04,40.28
1205,1205,"Random (Pure Exploration)","Ad_A","Mobile","Afternoon",0,0.05,110,0.07,40.35
1206,1206,"Random (Pure Exploration)","Ad_C","Tablet","Afternoon",0,0.12,110,0,40.35
1207,1207,"Random (Pure Exploration)","Ad_A","Mobile","Morning",0,0.05,110,0.07,40.42
1208,1208,"Random (Pure Exploration)","Ad_D","Mobile","Evening",0,0.1,110,0.02,40.44
1209,1209,"Random (Pure Exploration)","Ad_B","Desktop","Morning",0,0.08,110,0.04,40.48
1210,1210,"Random (Pure Exploration)","Ad_C","Mobile","Morning",0,0.12,110,0,40.48
1211,1211,"Random (Pure Exploration)","Ad_D","Tablet","Evening",0,0.1,110,0.02,40.5
1212,1212,"Random (Pure Exploration)","Ad_B","Mobile","Afternoon",0,0.08,110,0.04,40.54
1213,1213,"Random (Pure Exploration)","Ad_C","Mobile","Morning",0,0.12,110,0,40.54
1214,1214,"Random (Pure Exploration)","Ad_A","Tablet","Morning",0,0.05,110,0.07,40.61
1215,1215,"Random (Pure Exploration)","Ad_A","Tablet","Evening",0,0.05,110,0.07,40.68
1216,1216,"Random (Pure Exploration)","Ad_D","Tablet","Evening",1,0.1,111,0.02,40.7
1217,1217,"Random (Pure Exploration)","Ad_A","Desktop","Evening",0,0.05,111,0.07,40.77
1218,1218,"Random (Pure Exploration)","Ad_A","Desktop","Morning",0,0.05,111,0.07,40.84
1219,1219,"Random (Pure Exploration)","Ad_C","Desktop","Morning",1,0.12,112,0,40.84
1220,1220,"Random (Pure Exploration)","Ad_C","Desktop","Afternoon",0,0.12,112,0,40.84
1221,1221,"Random (Pure Exploration)","Ad_A","Desktop","Evening",1,0.05,113,0.07,40.91
1222,1222,"Random (Pure Exploration)","Ad_B","Desktop","Morning",0,0.08,113,0.04,40.95
1223,1223,"Random (Pure Exploration)","Ad_A","Mobile","Morning",0,0.05,113,0.07,41.02
1224,1224,"Random (Pure Exploration)","Ad_B","Tablet","Morning",0,0.08,113,0.04,41.06
1225,1225,"Random (Pure Exploration)","Ad_C","Mobile","Evening",0,0.12,113,0,41.06
1226,1226,"Random (Pure Exploration)","Ad_C","Mobile","Morning",0,0.12,113,0,41.06
1227,1227,"Random (Pure Exploration)","Ad_A","Tablet","Morning",0,0.05,113,0.07,41.13
1228,1228,"Random (Pure Exploration)","Ad_A","Mobile","Evening",0,0.05,113,0.07,41.2
1229,1229,"Random (Pure Exploration)","Ad_B","Tablet","Evening",0,0.08,113,0.04,41.24
1230,1230,"Random (Pure Exploration)","Ad_D","Mobile","Morning",0,0.1,113,0.02,41.26
1231,1231,"Random (Pure Exploration)","Ad_C","Tablet","Afternoon",0,0.12,113,0,41.26
1232,1232,"Random (Pure Exploration)","Ad_A","Mobile","Morning",0,0.05,113,0.07,41.33
1233,1233,"Random (Pure Exploration)","Ad_B","Desktop","Evening",0,0.08,113,0.04,41.37
1234,1234,"Random (Pure Exploration)","Ad_C","Tablet","Afternoon",0,0.12,113,0,41.37
1235,1235,"Random (Pure Exploration)","Ad_B","Mobile","Morning",0,0.08,113,0.04,41.41
1236,1236,"Random (Pure Exploration)","Ad_C","Desktop","Afternoon",0,0.12,113,0,41.41
1237,1237,"Random (Pure Exploration)","Ad_D","Desktop","Morning",0,0.1,113,0.02,41.43
1238,1238,"Random (Pure Exploration)","Ad_D","Tablet","Evening",0,0.1,113,0.02,41.45
1239,1239,"Random (Pure Exploration)","Ad_C","Mobile","Evening",0,0.12,113,0,41.45
1240,1240,"Random (Pure Exploration)","Ad_B","Mobile","Evening",0,0.08,113,0.04,41.49
1241,1241,"Random (Pure Exploration)","Ad_C","Tablet","Evening",0,0.12,113,0,41.49
1242,1242,"Random (Pure Exploration)","Ad_A","Tablet","Evening",0,0.05,113,0.07,41.56
1243,1243,"Random (Pure Exploration)","Ad_A","Desktop","Afternoon",0,0.05,113,0.07,41.63
1244,1244,"Random (Pure Exploration)","Ad_C","Mobile","Morning",0,0.12,113,0,41.63
1245,1245,"Random (Pure Exploration)","Ad_D","Tablet","Morning",0,0.1,113,0.02,41.65
1246,1246,"Random (Pure Exploration)","Ad_C","Desktop","Morning",0,0.12,113,0,41.65
1247,1247,"Random (Pure Exploration)","Ad_A","Tablet","Morning",1,0.05,114,0.07,41.72
1248,1248,"Random (Pure Exploration)","Ad_C","Mobile","Morning",0,0.12,114,0,41.72
1249,1249,"Random (Pure Exploration)","Ad_C","Desktop","Afternoon",0,0.12,114,0,41.72
1250,1250,"Random (Pure Exploration)","Ad_C","Tablet","Evening",0,0.12,114,0,41.72
1251,1251,"Random (Pure Exploration)","Ad_B","Tablet","Afternoon",1,0.08,115,0.04,41.76
1252,1252,"Random (Pure Exploration)","Ad_A","Tablet","Evening",0,0.05,115,0.07,41.83
1253,1253,"Random (Pure Exploration)","Ad_B","Tablet","Afternoon",0,0.08,115,0.04,41.87
1254,1254,"Random (Pure Exploration)","Ad_A","Mobile","Morning",0,0.05,115,0.07,41.94
1255,1255,"Random (Pure Exploration)","Ad_C","Tablet","Afternoon",1,0.12,116,0,41.94
1256,1256,"Random (Pure Exploration)","Ad_D","Desktop","Morning",0,0.1,116,0.02,41.96
1257,1257,"Random (Pure Exploration)","Ad_C","Mobile","Morning",0,0.12,116,0,41.96
1258,1258,"Random (Pure Exploration)","Ad_C","Mobile","Evening",0,0.12,116,0,41.96
1259,1259,"Random (Pure Exploration)","Ad_C","Mobile","Afternoon",0,0.12,116,0,41.96
1260,1260,"Random (Pure Exploration)","Ad_D","Desktop","Morning",0,0.1,116,0.02,41.98
1261,1261,"Random (Pure Exploration)","Ad_D","Tablet","Afternoon",0,0.1,116,0.02,42
1262,1262,"Random (Pure Exploration)","Ad_C","Desktop","Evening",0,0.12,116,0,42
1263,1263,"Random (Pure Exploration)","Ad_A","Desktop","Evening",0,0.05,116,0.07,42.07
1264,1264,"Random (Pure Exploration)","Ad_B","Mobile","Afternoon",0,0.08,116,0.04,42.11
1265,1265,"Random (Pure Exploration)","Ad_B","Desktop","Afternoon",0,0.08,116,0.04,42.15
1266,1266,"Random (Pure Exploration)","Ad_C","Mobile","Morning",0,0.12,116,0,42.15
1267,1267,"Random (Pure Exploration)","Ad_C","Tablet","Afternoon",0,0.12,116,0,42.15
1268,1268,"Random (Pure Exploration)","Ad_C","Mobile","Evening",0,0.12,116,0,42.15
1269,1269,"Random (Pure Exploration)","Ad_C","Desktop","Morning",1,0.12,117,0,42.15
1270,1270,"Random (Pure Exploration)","Ad_A","Tablet","Afternoon",0,0.05,117,0.07,42.22
1271,1271,"Random (Pure Exploration)","Ad_C","Tablet","Morning",0,0.12,117,0,42.22
1272,1272,"Random (Pure Exploration)","Ad_C","Tablet","Morning",0,0.12,117,0,42.22
1273,1273,"Random (Pure Exploration)","Ad_B","Tablet","Afternoon",0,0.08,117,0.04,42.26
1274,1274,"Random (Pure Exploration)","Ad_A","Tablet","Afternoon",1,0.05,118,0.07,42.33
1275,1275,"Random (Pure Exploration)","Ad_A","Mobile","Evening",0,0.05,118,0.07,42.4
1276,1276,"Random (Pure Exploration)","Ad_B","Mobile","Afternoon",0,0.08,118,0.04,42.44
1277,1277,"Random (Pure Exploration)","Ad_C","Mobile","Evening",0,0.12,118,0,42.44
1278,1278,"Random (Pure Exploration)","Ad_D","Mobile","Evening",0,0.1,118,0.02,42.46
1279,1279,"Random (Pure Exploration)","Ad_A","Desktop","Afternoon",0,0.05,118,0.07,42.53
1280,1280,"Random (Pure Exploration)","Ad_C","Desktop","Afternoon",0,0.12,118,0,42.53
1281,1281,"Random (Pure Exploration)","Ad_D","Desktop","Evening",0,0.1,118,0.02,42.55
1282,1282,"Random (Pure Exploration)","Ad_C","Tablet","Afternoon",0,0.12,118,0,42.55
1283,1283,"Random (Pure Exploration)","Ad_A","Mobile","Morning",0,0.05,118,0.07,42.62
1284,1284,"Random (Pure Exploration)","Ad_D","Desktop","Morning",0,0.1,118,0.02,42.64
1285,1285,"Random (Pure Exploration)","Ad_A","Desktop","Morning",0,0.05,118,0.07,42.71
1286,1286,"Random (Pure Exploration)","Ad_A","Desktop","Evening",0,0.05,118,0.07,42.78
1287,1287,"Random (Pure Exploration)","Ad_D","Tablet","Afternoon",0,0.1,118,0.02,42.8
1288,1288,"Random (Pure Exploration)","Ad_D","Mobile","Afternoon",0,0.1,118,0.02,42.82
1289,1289,"Random (Pure Exploration)","Ad_A","Tablet","Morning",0,0.05,118,0.07,42.89
1290,1290,"Random (Pure Exploration)","Ad_B","Tablet","Afternoon",0,0.08,118,0.04,42.93
1291,1291,"Random (Pure Exploration)","Ad_B","Tablet","Morning",0,0.08,118,0.04,42.97
1292,1292,"Random (Pure Exploration)","Ad_A","Tablet","Afternoon",0,0.05,118,0.07,43.04
1293,1293,"Random (Pure Exploration)","Ad_C","Tablet","Afternoon",0,0.12,118,0,43.04
1294,1294,"Random (Pure Exploration)","Ad_D","Mobile","Afternoon",0,0.1,118,0.02,43.06
1295,1295,"Random (Pure Exploration)","Ad_C","Desktop","Afternoon",1,0.12,119,0,43.06
1296,1296,"Random (Pure Exploration)","Ad_C","Mobile","Morning",0,0.12,119,0,43.06
1297,1297,"Random (Pure Exploration)","Ad_B","Tablet","Evening",0,0.08,119,0.04,43.1
1298,1298,"Random (Pure Exploration)","Ad_D","Mobile","Evening",0,0.1,119,0.02,43.12
1299,1299,"Random (Pure Exploration)","Ad_C","Desktop","Morning",0,0.12,119,0,43.12
1300,1300,"Random (Pure Exploration)","Ad_D","Tablet","Evening",0,0.1,119,0.02,43.14
1301,1301,"Random (Pure Exploration)","Ad_C","Tablet","Evening",0,0.12,119,0,43.14
1302,1302,"Random (Pure Exploration)","Ad_B","Mobile","Morning",0,0.08,119,0.04,43.18
1303,1303,"Random (Pure Exploration)","Ad_C","Mobile","Evening",0,0.12,119,0,43.18
1304,1304,"Random (Pure Exploration)","Ad_B","Tablet","Evening",0,0.08,119,0.04,43.22
1305,1305,"Random (Pure Exploration)","Ad_B","Tablet","Evening",0,0.08,119,0.04,43.26
1306,1306,"Random (Pure Exploration)","Ad_B","Tablet","Afternoon",0,0.08,119,0.04,43.3
1307,1307,"Random (Pure Exploration)","Ad_A","Tablet","Evening",1,0.05,120,0.07,43.37
1308,1308,"Random (Pure Exploration)","Ad_A","Tablet","Evening",0,0.05,120,0.07,43.44
1309,1309,"Random (Pure Exploration)","Ad_B","Tablet","Evening",0,0.08,120,0.04,43.48
1310,1310,"Random (Pure Exploration)","Ad_B","Mobile","Evening",0,0.08,120,0.04,43.52
1311,1311,"Random (Pure Exploration)","Ad_D","Tablet","Evening",0,0.1,120,0.02,43.54
1312,1312,"Random (Pure Exploration)","Ad_A","Desktop","Evening",0,0.05,120,0.07,43.61
1313,1313,"Random (Pure Exploration)","Ad_A","Desktop","Evening",0,0.05,120,0.07,43.68
1314,1314,"Random (Pure Exploration)","Ad_C","Tablet","Morning",0,0.12,120,0,43.68
1315,1315,"Random (Pure Exploration)","Ad_D","Desktop","Morning",0,0.1,120,0.02,43.7
1316,1316,"Random (Pure Exploration)","Ad_D","Tablet","Morning",0,0.1,120,0.02,43.72
1317,1317,"Random (Pure Exploration)","Ad_A","Mobile","Afternoon",0,0.05,120,0.07,43.79
1318,1318,"Random (Pure Exploration)","Ad_C","Desktop","Afternoon",1,0.12,121,0,43.79
1319,1319,"Random (Pure Exploration)","Ad_A","Tablet","Evening",1,0.05,122,0.07,43.86
1320,1320,"Random (Pure Exploration)","Ad_B","Desktop","Morning",0,0.08,122,0.04,43.9
1321,1321,"Random (Pure Exploration)","Ad_D","Mobile","Afternoon",0,0.1,122,0.02,43.92
1322,1322,"Random (Pure Exploration)","Ad_B","Mobile","Morning",0,0.08,122,0.04,43.96
1323,1323,"Random (Pure Exploration)","Ad_D","Mobile","Evening",0,0.1,122,0.02,43.98
1324,1324,"Random (Pure Exploration)","Ad_B","Mobile","Morning",0,0.08,122,0.04,44.02
1325,1325,"Random (Pure Exploration)","Ad_C","Mobile","Evening",0,0.12,122,0,44.02
1326,1326,"Random (Pure Exploration)","Ad_D","Tablet","Afternoon",0,0.1,122,0.02,44.04
1327,1327,"Random (Pure Exploration)","Ad_C","Mobile","Morning",1,0.12,123,0,44.04
1328,1328,"Random (Pure Exploration)","Ad_B","Mobile","Afternoon",1,0.08,124,0.04,44.08
1329,1329,"Random (Pure Exploration)","Ad_A","Tablet","Evening",0,0.05,124,0.07,44.15
1330,1330,"Random (Pure Exploration)","Ad_C","Tablet","Morning",1,0.12,125,0,44.15
1331,1331,"Random (Pure Exploration)","Ad_C","Desktop","Morning",0,0.12,125,0,44.15
1332,1332,"Random (Pure Exploration)","Ad_C","Desktop","Evening",0,0.12,125,0,44.15
1333,1333,"Random (Pure Exploration)","Ad_A","Mobile","Evening",0,0.05,125,0.07,44.22
1334,1334,"Random (Pure Exploration)","Ad_B","Tablet","Morning",0,0.08,125,0.04,44.26
1335,1335,"Random (Pure Exploration)","Ad_B","Desktop","Evening",0,0.08,125,0.04,44.3
1336,1336,"Random (Pure Exploration)","Ad_D","Desktop","Evening",0,0.1,125,0.02,44.32
1337,1337,"Random (Pure Exploration)","Ad_B","Desktop","Morning",0,0.08,125,0.04,44.36
1338,1338,"Random (Pure Exploration)","Ad_A","Desktop","Afternoon",0,0.05,125,0.07,44.43
1339,1339,"Random (Pure Exploration)","Ad_C","Tablet","Evening",0,0.12,125,0,44.43
1340,1340,"Random (Pure Exploration)","Ad_D","Tablet","Afternoon",1,0.1,126,0.02,44.45
1341,1341,"Random (Pure Exploration)","Ad_A","Tablet","Afternoon",0,0.05,126,0.07,44.52
1342,1342,"Random (Pure Exploration)","Ad_D","Mobile","Afternoon",0,0.1,126,0.02,44.54
1343,1343,"Random (Pure Exploration)","Ad_B","Mobile","Morning",0,0.08,126,0.04,44.58
1344,1344,"Random (Pure Exploration)","Ad_C","Mobile","Morning",0,0.12,126,0,44.58
1345,1345,"Random (Pure Exploration)","Ad_D","Tablet","Afternoon",1,0.1,127,0.02,44.6000000000001
1346,1346,"Random (Pure Exploration)","Ad_D","Tablet","Evening",0,0.1,127,0.02,44.6200000000001
1347,1347,"Random (Pure Exploration)","Ad_A","Desktop","Afternoon",0,0.05,127,0.07,44.6900000000001
1348,1348,"Random (Pure Exploration)","Ad_A","Desktop","Morning",0,0.05,127,0.07,44.7600000000001
1349,1349,"Random (Pure Exploration)","Ad_C","Mobile","Afternoon",0,0.12,127,0,44.7600000000001
1350,1350,"Random (Pure Exploration)","Ad_A","Desktop","Evening",1,0.05,128,0.07,44.8300000000001
1351,1351,"Random (Pure Exploration)","Ad_C","Tablet","Morning",0,0.12,128,0,44.8300000000001
1352,1352,"Random (Pure Exploration)","Ad_C","Tablet","Afternoon",0,0.12,128,0,44.8300000000001
1353,1353,"Random (Pure Exploration)","Ad_C","Tablet","Evening",0,0.12,128,0,44.8300000000001
1354,1354,"Random (Pure Exploration)","Ad_C","Desktop","Morning",0,0.12,128,0,44.8300000000001
1355,1355,"Random (Pure Exploration)","Ad_B","Tablet","Afternoon",0,0.08,128,0.04,44.8700000000001
1356,1356,"Random (Pure Exploration)","Ad_D","Mobile","Evening",0,0.1,128,0.02,44.8900000000001
1357,1357,"Random (Pure Exploration)","Ad_B","Tablet","Afternoon",0,0.08,128,0.04,44.9300000000001
1358,1358,"Random (Pure Exploration)","Ad_D","Mobile","Afternoon",1,0.1,129,0.02,44.9500000000001
1359,1359,"Random (Pure Exploration)","Ad_B","Desktop","Afternoon",0,0.08,129,0.04,44.9900000000001
1360,1360,"Random (Pure Exploration)","Ad_B","Mobile","Morning",0,0.08,129,0.04,45.0300000000001
1361,1361,"Random (Pure Exploration)","Ad_A","Tablet","Afternoon",0,0.05,129,0.07,45.1000000000001
1362,1362,"Random (Pure Exploration)","Ad_A","Mobile","Evening",0,0.05,129,0.07,45.1700000000001
1363,1363,"Random (Pure Exploration)","Ad_B","Tablet","Evening",0,0.08,129,0.04,45.2100000000001
1364,1364,"Random (Pure Exploration)","Ad_A","Tablet","Evening",0,0.05,129,0.07,45.2800000000001
1365,1365,"Random (Pure Exploration)","Ad_A","Desktop","Afternoon",0,0.05,129,0.07,45.3500000000001
1366,1366,"Random (Pure Exploration)","Ad_D","Tablet","Evening",1,0.1,130,0.02,45.3700000000001
1367,1367,"Random (Pure Exploration)","Ad_B","Tablet","Evening",0,0.08,130,0.04,45.4100000000001
1368,1368,"Random (Pure Exploration)","Ad_A","Tablet","Morning",0,0.05,130,0.07,45.4800000000001
1369,1369,"Random (Pure Exploration)","Ad_C","Desktop","Morning",0,0.12,130,0,45.4800000000001
1370,1370,"Random (Pure Exploration)","Ad_D","Mobile","Evening",0,0.1,130,0.02,45.5000000000001
1371,1371,"Random (Pure Exploration)","Ad_D","Mobile","Evening",0,0.1,130,0.02,45.5200000000001
1372,1372,"Random (Pure Exploration)","Ad_C","Tablet","Morning",0,0.12,130,0,45.5200000000001
1373,1373,"Random (Pure Exploration)","Ad_C","Tablet","Evening",0,0.12,130,0,45.5200000000001
1374,1374,"Random (Pure Exploration)","Ad_A","Desktop","Afternoon",0,0.05,130,0.07,45.5900000000001
1375,1375,"Random (Pure Exploration)","Ad_A","Desktop","Evening",0,0.05,130,0.07,45.6600000000001
1376,1376,"Random (Pure Exploration)","Ad_A","Mobile","Morning",0,0.05,130,0.07,45.7300000000001
1377,1377,"Random (Pure Exploration)","Ad_C","Desktop","Evening",0,0.12,130,0,45.7300000000001
1378,1378,"Random (Pure Exploration)","Ad_B","Tablet","Morning",0,0.08,130,0.04,45.7700000000001
1379,1379,"Random (Pure Exploration)","Ad_C","Tablet","Evening",0,0.12,130,0,45.7700000000001
1380,1380,"Random (Pure Exploration)","Ad_A","Mobile","Morning",0,0.05,130,0.07,45.8400000000001
1381,1381,"Random (Pure Exploration)","Ad_B","Desktop","Afternoon",0,0.08,130,0.04,45.8800000000001
1382,1382,"Random (Pure Exploration)","Ad_B","Tablet","Evening",0,0.08,130,0.04,45.9200000000001
1383,1383,"Random (Pure Exploration)","Ad_A","Desktop","Evening",0,0.05,130,0.07,45.9900000000001
1384,1384,"Random (Pure Exploration)","Ad_D","Desktop","Evening",0,0.1,130,0.02,46.0100000000001
1385,1385,"Random (Pure Exploration)","Ad_D","Mobile","Afternoon",1,0.1,131,0.02,46.0300000000001
1386,1386,"Random (Pure Exploration)","Ad_D","Mobile","Evening",0,0.1,131,0.02,46.0500000000001
1387,1387,"Random (Pure Exploration)","Ad_A","Tablet","Evening",0,0.05,131,0.07,46.1200000000001
1388,1388,"Random (Pure Exploration)","Ad_C","Desktop","Morning",0,0.12,131,0,46.1200000000001
1389,1389,"Random (Pure Exploration)","Ad_B","Tablet","Evening",0,0.08,131,0.04,46.1600000000001
1390,1390,"Random (Pure Exploration)","Ad_B","Tablet","Evening",0,0.08,131,0.04,46.2000000000001
1391,1391,"Random (Pure Exploration)","Ad_A","Mobile","Afternoon",0,0.05,131,0.07,46.2700000000001
1392,1392,"Random (Pure Exploration)","Ad_D","Mobile","Morning",0,0.1,131,0.02,46.2900000000001
1393,1393,"Random (Pure Exploration)","Ad_D","Desktop","Morning",0,0.1,131,0.02,46.3100000000001
1394,1394,"Random (Pure Exploration)","Ad_A","Mobile","Morning",0,0.05,131,0.07,46.3800000000001
1395,1395,"Random (Pure Exploration)","Ad_C","Desktop","Morning",0,0.12,131,0,46.3800000000001
1396,1396,"Random (Pure Exploration)","Ad_D","Mobile","Morning",0,0.1,131,0.02,46.4000000000001
1397,1397,"Random (Pure Exploration)","Ad_C","Tablet","Afternoon",0,0.12,131,0,46.4000000000001
1398,1398,"Random (Pure Exploration)","Ad_B","Mobile","Evening",0,0.08,131,0.04,46.4400000000001
1399,1399,"Random (Pure Exploration)","Ad_C","Desktop","Evening",0,0.12,131,0,46.4400000000001
1400,1400,"Random (Pure Exploration)","Ad_C","Tablet","Morning",0,0.12,131,0,46.4400000000001
1401,1401,"Random (Pure Exploration)","Ad_B","Mobile","Evening",0,0.08,131,0.04,46.4800000000001
1402,1402,"Random (Pure Exploration)","Ad_D","Mobile","Morning",0,0.1,131,0.02,46.5000000000001
1403,1403,"Random (Pure Exploration)","Ad_B","Desktop","Morning",0,0.08,131,0.04,46.5400000000001
1404,1404,"Random (Pure Exploration)","Ad_C","Tablet","Morning",0,0.12,131,0,46.5400000000001
1405,1405,"Random (Pure Exploration)","Ad_B","Mobile","Afternoon",0,0.08,131,0.04,46.5800000000001
1406,1406,"Random (Pure Exploration)","Ad_D","Tablet","Evening",0,0.1,131,0.02,46.6000000000001
1407,1407,"Random (Pure Exploration)","Ad_B","Tablet","Afternoon",0,0.08,131,0.04,46.6400000000001
1408,1408,"Random (Pure Exploration)","Ad_D","Tablet","Evening",0,0.1,131,0.02,46.6600000000001
1409,1409,"Random (Pure Exploration)","Ad_C","Tablet","Morning",1,0.12,132,0,46.6600000000001
1410,1410,"Random (Pure Exploration)","Ad_B","Desktop","Evening",0,0.08,132,0.04,46.7000000000001
1411,1411,"Random (Pure Exploration)","Ad_B","Mobile","Evening",0,0.08,132,0.04,46.7400000000001
1412,1412,"Random (Pure Exploration)","Ad_C","Mobile","Afternoon",0,0.12,132,0,46.7400000000001
1413,1413,"Random (Pure Exploration)","Ad_B","Tablet","Afternoon",0,0.08,132,0.04,46.7800000000001
1414,1414,"Random (Pure Exploration)","Ad_C","Tablet","Morning",0,0.12,132,0,46.7800000000001
1415,1415,"Random (Pure Exploration)","Ad_B","Tablet","Evening",0,0.08,132,0.04,46.8200000000001
1416,1416,"Random (Pure Exploration)","Ad_A","Mobile","Morning",0,0.05,132,0.07,46.8900000000001
1417,1417,"Random (Pure Exploration)","Ad_D","Tablet","Afternoon",0,0.1,132,0.02,46.9100000000001
1418,1418,"Random (Pure Exploration)","Ad_A","Mobile","Afternoon",0,0.05,132,0.07,46.9800000000001
1419,1419,"Random (Pure Exploration)","Ad_C","Desktop","Evening",0,0.12,132,0,46.9800000000001
1420,1420,"Random (Pure Exploration)","Ad_D","Desktop","Morning",0,0.1,132,0.02,47.0000000000001
1421,1421,"Random (Pure Exploration)","Ad_C","Desktop","Afternoon",0,0.12,132,0,47.0000000000001
1422,1422,"Random (Pure Exploration)","Ad_D","Tablet","Afternoon",0,0.1,132,0.02,47.0200000000001
1423,1423,"Random (Pure Exploration)","Ad_A","Mobile","Afternoon",1,0.05,133,0.07,47.0900000000001
1424,1424,"Random (Pure Exploration)","Ad_B","Desktop","Afternoon",0,0.08,133,0.04,47.1300000000001
1425,1425,"Random (Pure Exploration)","Ad_A","Desktop","Evening",0,0.05,133,0.07,47.2000000000001
1426,1426,"Random (Pure Exploration)","Ad_C","Desktop","Evening",0,0.12,133,0,47.2000000000001
1427,1427,"Random (Pure Exploration)","Ad_A","Tablet","Afternoon",0,0.05,133,0.07,47.2700000000001
1428,1428,"Random (Pure Exploration)","Ad_B","Tablet","Afternoon",0,0.08,133,0.04,47.3100000000001
1429,1429,"Random (Pure Exploration)","Ad_D","Tablet","Evening",0,0.1,133,0.02,47.3300000000001
1430,1430,"Random (Pure Exploration)","Ad_A","Desktop","Afternoon",0,0.05,133,0.07,47.4000000000001
1431,1431,"Random (Pure Exploration)","Ad_C","Mobile","Morning",0,0.12,133,0,47.4000000000001
1432,1432,"Random (Pure Exploration)","Ad_B","Tablet","Afternoon",0,0.08,133,0.04,47.4400000000001
1433,1433,"Random (Pure Exploration)","Ad_A","Tablet","Morning",0,0.05,133,0.07,47.5100000000001
1434,1434,"Random (Pure Exploration)","Ad_B","Desktop","Afternoon",0,0.08,133,0.04,47.5500000000001
1435,1435,"Random (Pure Exploration)","Ad_A","Desktop","Evening",0,0.05,133,0.07,47.6200000000001
1436,1436,"Random (Pure Exploration)","Ad_B","Tablet","Evening",0,0.08,133,0.04,47.6600000000001
1437,1437,"Random (Pure Exploration)","Ad_B","Desktop","Evening",0,0.08,133,0.04,47.7000000000001
1438,1438,"Random (Pure Exploration)","Ad_D","Desktop","Evening",0,0.1,133,0.02,47.7200000000001
1439,1439,"Random (Pure Exploration)","Ad_A","Desktop","Evening",0,0.05,133,0.07,47.7900000000001
1440,1440,"Random (Pure Exploration)","Ad_C","Tablet","Afternoon",0,0.12,133,0,47.7900000000001
1441,1441,"Random (Pure Exploration)","Ad_A","Mobile","Morning",0,0.05,133,0.07,47.8600000000001
1442,1442,"Random (Pure Exploration)","Ad_B","Mobile","Afternoon",0,0.08,133,0.04,47.9000000000001
1443,1443,"Random (Pure Exploration)","Ad_C","Desktop","Afternoon",0,0.12,133,0,47.9000000000001
1444,1444,"Random (Pure Exploration)","Ad_B","Mobile","Afternoon",0,0.08,133,0.04,47.9400000000001
1445,1445,"Random (Pure Exploration)","Ad_D","Tablet","Afternoon",0,0.1,133,0.02,47.9600000000001
1446,1446,"Random (Pure Exploration)","Ad_C","Mobile","Evening",0,0.12,133,0,47.9600000000001
1447,1447,"Random (Pure Exploration)","Ad_D","Tablet","Evening",0,0.1,133,0.02,47.9800000000001
1448,1448,"Random (Pure Exploration)","Ad_A","Tablet","Evening",0,0.05,133,0.07,48.0500000000001
1449,1449,"Random (Pure Exploration)","Ad_A","Mobile","Afternoon",0,0.05,133,0.07,48.1200000000001
1450,1450,"Random (Pure Exploration)","Ad_B","Mobile","Morning",0,0.08,133,0.04,48.1600000000001
1451,1451,"Random (Pure Exploration)","Ad_C","Tablet","Morning",0,0.12,133,0,48.1600000000001
1452,1452,"Random (Pure Exploration)","Ad_A","Mobile","Evening",0,0.05,133,0.07,48.2300000000001
1453,1453,"Random (Pure Exploration)","Ad_B","Mobile","Evening",1,0.08,134,0.04,48.2700000000001
1454,1454,"Random (Pure Exploration)","Ad_A","Mobile","Afternoon",0,0.05,134,0.07,48.3400000000001
1455,1455,"Random (Pure Exploration)","Ad_D","Tablet","Afternoon",0,0.1,134,0.02,48.3600000000001
1456,1456,"Random (Pure Exploration)","Ad_C","Tablet","Evening",0,0.12,134,0,48.3600000000001
1457,1457,"Random (Pure Exploration)","Ad_A","Tablet","Morning",0,0.05,134,0.07,48.4300000000001
1458,1458,"Random (Pure Exploration)","Ad_C","Tablet","Afternoon",1,0.12,135,0,48.4300000000001
1459,1459,"Random (Pure Exploration)","Ad_B","Mobile","Evening",0,0.08,135,0.04,48.4700000000001
1460,1460,"Random (Pure Exploration)","Ad_B","Mobile","Morning",0,0.08,135,0.04,48.5100000000001
1461,1461,"Random (Pure Exploration)","Ad_B","Tablet","Morning",0,0.08,135,0.04,48.5500000000001
1462,1462,"Random (Pure Exploration)","Ad_C","Desktop","Evening",0,0.12,135,0,48.5500000000001
1463,1463,"Random (Pure Exploration)","Ad_D","Desktop","Afternoon",0,0.1,135,0.02,48.5700000000001
1464,1464,"Random (Pure Exploration)","Ad_B","Tablet","Afternoon",0,0.08,135,0.04,48.6100000000001
1465,1465,"Random (Pure Exploration)","Ad_D","Mobile","Evening",0,0.1,135,0.02,48.6300000000001
1466,1466,"Random (Pure Exploration)","Ad_B","Mobile","Morning",0,0.08,135,0.04,48.6700000000001
1467,1467,"Random (Pure Exploration)","Ad_C","Desktop","Evening",0,0.12,135,0,48.6700000000001
1468,1468,"Random (Pure Exploration)","Ad_A","Desktop","Afternoon",0,0.05,135,0.07,48.7400000000001
1469,1469,"Random (Pure Exploration)","Ad_C","Tablet","Afternoon",0,0.12,135,0,48.7400000000001
1470,1470,"Random (Pure Exploration)","Ad_D","Tablet","Afternoon",0,0.1,135,0.02,48.7600000000001
1471,1471,"Random (Pure Exploration)","Ad_C","Mobile","Afternoon",0,0.12,135,0,48.7600000000001
1472,1472,"Random (Pure Exploration)","Ad_D","Tablet","Evening",0,0.1,135,0.02,48.7800000000001
1473,1473,"Random (Pure Exploration)","Ad_B","Tablet","Afternoon",0,0.08,135,0.04,48.8200000000001
1474,1474,"Random (Pure Exploration)","Ad_C","Mobile","Evening",0,0.12,135,0,48.8200000000001
1475,1475,"Random (Pure Exploration)","Ad_D","Mobile","Afternoon",0,0.1,135,0.02,48.8400000000001
1476,1476,"Random (Pure Exploration)","Ad_A","Desktop","Afternoon",0,0.05,135,0.07,48.9100000000001
1477,1477,"Random (Pure Exploration)","Ad_A","Tablet","Afternoon",0,0.05,135,0.07,48.9800000000001
1478,1478,"Random (Pure Exploration)","Ad_A","Desktop","Afternoon",0,0.05,135,0.07,49.0500000000001
1479,1479,"Random (Pure Exploration)","Ad_C","Tablet","Morning",0,0.12,135,0,49.0500000000001
1480,1480,"Random (Pure Exploration)","Ad_D","Tablet","Evening",0,0.1,135,0.02,49.0700000000001
1481,1481,"Random (Pure Exploration)","Ad_A","Mobile","Afternoon",0,0.05,135,0.07,49.1400000000001
1482,1482,"Random (Pure Exploration)","Ad_A","Mobile","Evening",0,0.05,135,0.07,49.2100000000001
1483,1483,"Random (Pure Exploration)","Ad_A","Tablet","Morning",0,0.05,135,0.07,49.2800000000001
1484,1484,"Random (Pure Exploration)","Ad_A","Tablet","Afternoon",0,0.05,135,0.07,49.3500000000001
1485,1485,"Random (Pure Exploration)","Ad_A","Tablet","Morning",0,0.05,135,0.07,49.4200000000001
1486,1486,"Random (Pure Exploration)","Ad_D","Desktop","Afternoon",0,0.1,135,0.02,49.4400000000001
1487,1487,"Random (Pure Exploration)","Ad_C","Mobile","Afternoon",0,0.12,135,0,49.4400000000001
1488,1488,"Random (Pure Exploration)","Ad_C","Mobile","Morning",0,0.12,135,0,49.4400000000001
1489,1489,"Random (Pure Exploration)","Ad_B","Desktop","Morning",0,0.08,135,0.04,49.4800000000001
1490,1490,"Random (Pure Exploration)","Ad_A","Mobile","Evening",1,0.05,136,0.07,49.5500000000001
1491,1491,"Random (Pure Exploration)","Ad_A","Desktop","Evening",0,0.05,136,0.07,49.6200000000001
1492,1492,"Random (Pure Exploration)","Ad_C","Mobile","Evening",1,0.12,137,0,49.6200000000001
1493,1493,"Random (Pure Exploration)","Ad_D","Desktop","Morning",0,0.1,137,0.02,49.6400000000001
1494,1494,"Random (Pure Exploration)","Ad_C","Mobile","Morning",0,0.12,137,0,49.6400000000001
1495,1495,"Random (Pure Exploration)","Ad_C","Mobile","Evening",1,0.12,138,0,49.6400000000001
1496,1496,"Random (Pure Exploration)","Ad_D","Desktop","Morning",0,0.1,138,0.02,49.6600000000001
1497,1497,"Random (Pure Exploration)","Ad_A","Desktop","Morning",0,0.05,138,0.07,49.7300000000001
1498,1498,"Random (Pure Exploration)","Ad_A","Desktop","Afternoon",0,0.05,138,0.07,49.8000000000001
1499,1499,"Random (Pure Exploration)","Ad_A","Mobile","Afternoon",0,0.05,138,0.07,49.8700000000001
1500,1500,"Random (Pure Exploration)","Ad_B","Tablet","Afternoon",0,0.08,138,0.04,49.9100000000001
1501,1501,"Random (Pure Exploration)","Ad_D","Desktop","Afternoon",1,0.1,139,0.02,49.9300000000001
1502,1502,"Random (Pure Exploration)","Ad_D","Tablet","Evening",0,0.1,139,0.02,49.9500000000001
1503,1503,"Random (Pure Exploration)","Ad_A","Desktop","Evening",0,0.05,139,0.07,50.0200000000001
1504,1504,"Random (Pure Exploration)","Ad_C","Mobile","Morning",0,0.12,139,0,50.0200000000001
1505,1505,"Random (Pure Exploration)","Ad_C","Mobile","Afternoon",0,0.12,139,0,50.0200000000001
1506,1506,"Random (Pure Exploration)","Ad_A","Tablet","Afternoon",0,0.05,139,0.07,50.0900000000001
1507,1507,"Random (Pure Exploration)","Ad_C","Tablet","Morning",0,0.12,139,0,50.0900000000001
1508,1508,"Random (Pure Exploration)","Ad_C","Mobile","Evening",0,0.12,139,0,50.0900000000001
1509,1509,"Random (Pure Exploration)","Ad_B","Mobile","Morning",0,0.08,139,0.04,50.1300000000001
1510,1510,"Random (Pure Exploration)","Ad_C","Desktop","Morning",0,0.12,139,0,50.1300000000001
1511,1511,"Random (Pure Exploration)","Ad_C","Mobile","Evening",0,0.12,139,0,50.1300000000001
1512,1512,"Random (Pure Exploration)","Ad_A","Desktop","Evening",0,0.05,139,0.07,50.2000000000001
1513,1513,"Random (Pure Exploration)","Ad_A","Tablet","Afternoon",0,0.05,139,0.07,50.2700000000001
1514,1514,"Random (Pure Exploration)","Ad_D","Desktop","Afternoon",0,0.1,139,0.02,50.2900000000001
1515,1515,"Random (Pure Exploration)","Ad_B","Mobile","Evening",0,0.08,139,0.04,50.3300000000001
1516,1516,"Random (Pure Exploration)","Ad_C","Mobile","Evening",0,0.12,139,0,50.3300000000001
1517,1517,"Random (Pure Exploration)","Ad_D","Mobile","Afternoon",0,0.1,139,0.02,50.3500000000001
1518,1518,"Random (Pure Exploration)","Ad_C","Desktop","Afternoon",0,0.12,139,0,50.3500000000001
1519,1519,"Random (Pure Exploration)","Ad_B","Tablet","Morning",0,0.08,139,0.04,50.3900000000001
1520,1520,"Random (Pure Exploration)","Ad_B","Desktop","Morning",0,0.08,139,0.04,50.4300000000001
1521,1521,"Random (Pure Exploration)","Ad_A","Mobile","Morning",0,0.05,139,0.07,50.5000000000001
1522,1522,"Random (Pure Exploration)","Ad_C","Tablet","Morning",0,0.12,139,0,50.5000000000001
1523,1523,"Random (Pure Exploration)","Ad_B","Tablet","Evening",1,0.08,140,0.04,50.5400000000001
1524,1524,"Random (Pure Exploration)","Ad_A","Tablet","Evening",0,0.05,140,0.07,50.6100000000001
1525,1525,"Random (Pure Exploration)","Ad_C","Mobile","Afternoon",0,0.12,140,0,50.6100000000001
1526,1526,"Random (Pure Exploration)","Ad_A","Desktop","Evening",0,0.05,140,0.07,50.6800000000001
1527,1527,"Random (Pure Exploration)","Ad_D","Mobile","Afternoon",0,0.1,140,0.02,50.7000000000001
1528,1528,"Random (Pure Exploration)","Ad_B","Tablet","Evening",0,0.08,140,0.04,50.7400000000001
1529,1529,"Random (Pure Exploration)","Ad_C","Tablet","Evening",0,0.12,140,0,50.7400000000001
1530,1530,"Random (Pure Exploration)","Ad_C","Desktop","Afternoon",0,0.12,140,0,50.7400000000001
1531,1531,"Random (Pure Exploration)","Ad_A","Desktop","Morning",0,0.05,140,0.07,50.8100000000001
1532,1532,"Random (Pure Exploration)","Ad_C","Tablet","Afternoon",0,0.12,140,0,50.8100000000001
1533,1533,"Random (Pure Exploration)","Ad_D","Desktop","Afternoon",0,0.1,140,0.02,50.8300000000001
1534,1534,"Random (Pure Exploration)","Ad_A","Mobile","Evening",0,0.05,140,0.07,50.9000000000001
1535,1535,"Random (Pure Exploration)","Ad_B","Tablet","Afternoon",0,0.08,140,0.04,50.9400000000001
1536,1536,"Random (Pure Exploration)","Ad_D","Tablet","Afternoon",0,0.1,140,0.02,50.9600000000002
1537,1537,"Random (Pure Exploration)","Ad_D","Desktop","Afternoon",0,0.1,140,0.02,50.9800000000002
1538,1538,"Random (Pure Exploration)","Ad_D","Mobile","Morning",0,0.1,140,0.02,51.0000000000002
1539,1539,"Random (Pure Exploration)","Ad_B","Tablet","Afternoon",0,0.08,140,0.04,51.0400000000002
1540,1540,"Random (Pure Exploration)","Ad_D","Mobile","Morning",0,0.1,140,0.02,51.0600000000002
1541,1541,"Random (Pure Exploration)","Ad_A","Desktop","Morning",0,0.05,140,0.07,51.1300000000002
1542,1542,"Random (Pure Exploration)","Ad_B","Desktop","Evening",0,0.08,140,0.04,51.1700000000002
1543,1543,"Random (Pure Exploration)","Ad_B","Desktop","Afternoon",0,0.08,140,0.04,51.2100000000002
1544,1544,"Random (Pure Exploration)","Ad_B","Tablet","Morning",0,0.08,140,0.04,51.2500000000002
1545,1545,"Random (Pure Exploration)","Ad_A","Tablet","Evening",1,0.05,141,0.07,51.3200000000002
1546,1546,"Random (Pure Exploration)","Ad_C","Mobile","Evening",1,0.12,142,0,51.3200000000002
1547,1547,"Random (Pure Exploration)","Ad_A","Desktop","Afternoon",0,0.05,142,0.07,51.3900000000002
1548,1548,"Random (Pure Exploration)","Ad_A","Mobile","Morning",0,0.05,142,0.07,51.4600000000002
1549,1549,"Random (Pure Exploration)","Ad_A","Desktop","Afternoon",0,0.05,142,0.07,51.5300000000002
1550,1550,"Random (Pure Exploration)","Ad_B","Mobile","Afternoon",0,0.08,142,0.04,51.5700000000002
1551,1551,"Random (Pure Exploration)","Ad_B","Mobile","Morning",0,0.08,142,0.04,51.6100000000002
1552,1552,"Random (Pure Exploration)","Ad_C","Desktop","Morning",0,0.12,142,0,51.6100000000002
1553,1553,"Random (Pure Exploration)","Ad_B","Desktop","Evening",0,0.08,142,0.04,51.6500000000002
1554,1554,"Random (Pure Exploration)","Ad_C","Tablet","Afternoon",0,0.12,142,0,51.6500000000002
1555,1555,"Random (Pure Exploration)","Ad_B","Desktop","Afternoon",0,0.08,142,0.04,51.6900000000002
1556,1556,"Random (Pure Exploration)","Ad_B","Mobile","Morning",0,0.08,142,0.04,51.7300000000002
1557,1557,"Random (Pure Exploration)","Ad_C","Tablet","Evening",0,0.12,142,0,51.7300000000002
1558,1558,"Random (Pure Exploration)","Ad_D","Tablet","Morning",1,0.1,143,0.02,51.7500000000002
1559,1559,"Random (Pure Exploration)","Ad_B","Tablet","Morning",0,0.08,143,0.04,51.7900000000002
1560,1560,"Random (Pure Exploration)","Ad_C","Mobile","Evening",0,0.12,143,0,51.7900000000002
1561,1561,"Random (Pure Exploration)","Ad_D","Tablet","Morning",0,0.1,143,0.02,51.8100000000002
1562,1562,"Random (Pure Exploration)","Ad_C","Desktop","Evening",0,0.12,143,0,51.8100000000002
1563,1563,"Random (Pure Exploration)","Ad_D","Mobile","Morning",0,0.1,143,0.02,51.8300000000002
1564,1564,"Random (Pure Exploration)","Ad_A","Mobile","Morning",0,0.05,143,0.07,51.9000000000002
1565,1565,"Random (Pure Exploration)","Ad_B","Desktop","Evening",0,0.08,143,0.04,51.9400000000002
1566,1566,"Random (Pure Exploration)","Ad_A","Tablet","Afternoon",1,0.05,144,0.07,52.0100000000002
1567,1567,"Random (Pure Exploration)","Ad_B","Desktop","Morning",0,0.08,144,0.04,52.0500000000002
1568,1568,"Random (Pure Exploration)","Ad_A","Desktop","Afternoon",0,0.05,144,0.07,52.1200000000002
1569,1569,"Random (Pure Exploration)","Ad_D","Tablet","Afternoon",0,0.1,144,0.02,52.1400000000002
1570,1570,"Random (Pure Exploration)","Ad_A","Mobile","Evening",0,0.05,144,0.07,52.2100000000002
1571,1571,"Random (Pure Exploration)","Ad_B","Tablet","Afternoon",0,0.08,144,0.04,52.2500000000002
1572,1572,"Random (Pure Exploration)","Ad_D","Desktop","Afternoon",0,0.1,144,0.02,52.2700000000002
1573,1573,"Random (Pure Exploration)","Ad_D","Tablet","Evening",0,0.1,144,0.02,52.2900000000002
1574,1574,"Random (Pure Exploration)","Ad_B","Tablet","Morning",0,0.08,144,0.04,52.3300000000002
1575,1575,"Random (Pure Exploration)","Ad_A","Mobile","Morning",0,0.05,144,0.07,52.4000000000002
1576,1576,"Random (Pure Exploration)","Ad_D","Desktop","Morning",0,0.1,144,0.02,52.4200000000002
1577,1577,"Random (Pure Exploration)","Ad_D","Tablet","Morning",0,0.1,144,0.02,52.4400000000002
1578,1578,"Random (Pure Exploration)","Ad_C","Tablet","Evening",0,0.12,144,0,52.4400000000002
1579,1579,"Random (Pure Exploration)","Ad_B","Tablet","Evening",0,0.08,144,0.04,52.4800000000002
1580,1580,"Random (Pure Exploration)","Ad_A","Mobile","Evening",0,0.05,144,0.07,52.5500000000002
1581,1581,"Random (Pure Exploration)","Ad_A","Tablet","Evening",0,0.05,144,0.07,52.6200000000002
1582,1582,"Random (Pure Exploration)","Ad_C","Mobile","Morning",0,0.12,144,0,52.6200000000002
1583,1583,"Random (Pure Exploration)","Ad_D","Mobile","Evening",0,0.1,144,0.02,52.6400000000002
1584,1584,"Random (Pure Exploration)","Ad_C","Mobile","Morning",0,0.12,144,0,52.6400000000002
1585,1585,"Random (Pure Exploration)","Ad_D","Mobile","Morning",0,0.1,144,0.02,52.6600000000002
1586,1586,"Random (Pure Exploration)","Ad_B","Desktop","Evening",0,0.08,144,0.04,52.7000000000002
1587,1587,"Random (Pure Exploration)","Ad_B","Mobile","Evening",0,0.08,144,0.04,52.7400000000002
1588,1588,"Random (Pure Exploration)","Ad_A","Tablet","Evening",0,0.05,144,0.07,52.8100000000002
1589,1589,"Random (Pure Exploration)","Ad_D","Tablet","Afternoon",0,0.1,144,0.02,52.8300000000002
1590,1590,"Random (Pure Exploration)","Ad_D","Desktop","Morning",0,0.1,144,0.02,52.8500000000002
1591,1591,"Random (Pure Exploration)","Ad_B","Mobile","Afternoon",0,0.08,144,0.04,52.8900000000002
1592,1592,"Random (Pure Exploration)","Ad_A","Mobile","Morning",0,0.05,144,0.07,52.9600000000002
1593,1593,"Random (Pure Exploration)","Ad_D","Desktop","Evening",0,0.1,144,0.02,52.9800000000002
1594,1594,"Random (Pure Exploration)","Ad_C","Desktop","Morning",0,0.12,144,0,52.9800000000002
1595,1595,"Random (Pure Exploration)","Ad_B","Desktop","Evening",0,0.08,144,0.04,53.0200000000002
1596,1596,"Random (Pure Exploration)","Ad_C","Tablet","Morning",0,0.12,144,0,53.0200000000002
1597,1597,"Random (Pure Exploration)","Ad_B","Desktop","Evening",0,0.08,144,0.04,53.0600000000002
1598,1598,"Random (Pure Exploration)","Ad_D","Desktop","Afternoon",0,0.1,144,0.02,53.0800000000002
1599,1599,"Random (Pure Exploration)","Ad_D","Mobile","Morning",0,0.1,144,0.02,53.1000000000002
1600,1600,"Random (Pure Exploration)","Ad_C","Tablet","Morning",1,0.12,145,0,53.1000000000002
1601,1601,"Random (Pure Exploration)","Ad_C","Tablet","Evening",0,0.12,145,0,53.1000000000002
1602,1602,"Random (Pure Exploration)","Ad_A","Desktop","Morning",0,0.05,145,0.07,53.1700000000002
1603,1603,"Random (Pure Exploration)","Ad_B","Desktop","Evening",0,0.08,145,0.04,53.2100000000002
1604,1604,"Random (Pure Exploration)","Ad_B","Mobile","Evening",0,0.08,145,0.04,53.2500000000002
1605,1605,"Random (Pure Exploration)","Ad_C","Tablet","Evening",0,0.12,145,0,53.2500000000002
1606,1606,"Random (Pure Exploration)","Ad_C","Tablet","Morning",0,0.12,145,0,53.2500000000002
1607,1607,"Random (Pure Exploration)","Ad_A","Tablet","Evening",0,0.05,145,0.07,53.3200000000002
1608,1608,"Random (Pure Exploration)","Ad_C","Mobile","Afternoon",0,0.12,145,0,53.3200000000002
1609,1609,"Random (Pure Exploration)","Ad_C","Tablet","Afternoon",1,0.12,146,0,53.3200000000002
1610,1610,"Random (Pure Exploration)","Ad_A","Tablet","Afternoon",0,0.05,146,0.07,53.3900000000002
1611,1611,"Random (Pure Exploration)","Ad_A","Mobile","Morning",0,0.05,146,0.07,53.4600000000002
1612,1612,"Random (Pure Exploration)","Ad_D","Tablet","Evening",0,0.1,146,0.02,53.4800000000002
1613,1613,"Random (Pure Exploration)","Ad_A","Desktop","Afternoon",0,0.05,146,0.07,53.5500000000002
1614,1614,"Random (Pure Exploration)","Ad_A","Desktop","Afternoon",0,0.05,146,0.07,53.6200000000002
1615,1615,"Random (Pure Exploration)","Ad_D","Mobile","Evening",0,0.1,146,0.02,53.6400000000002
1616,1616,"Random (Pure Exploration)","Ad_D","Desktop","Evening",0,0.1,146,0.02,53.6600000000002
1617,1617,"Random (Pure Exploration)","Ad_B","Tablet","Evening",0,0.08,146,0.04,53.7000000000002
1618,1618,"Random (Pure Exploration)","Ad_A","Desktop","Morning",0,0.05,146,0.07,53.7700000000002
1619,1619,"Random (Pure Exploration)","Ad_B","Mobile","Morning",0,0.08,146,0.04,53.8100000000002
1620,1620,"Random (Pure Exploration)","Ad_A","Desktop","Evening",0,0.05,146,0.07,53.8800000000002
1621,1621,"Random (Pure Exploration)","Ad_C","Mobile","Morning",1,0.12,147,0,53.8800000000002
1622,1622,"Random (Pure Exploration)","Ad_A","Mobile","Evening",0,0.05,147,0.07,53.9500000000002
1623,1623,"Random (Pure Exploration)","Ad_D","Tablet","Morning",0,0.1,147,0.02,53.9700000000002
1624,1624,"Random (Pure Exploration)","Ad_B","Tablet","Evening",0,0.08,147,0.04,54.0100000000002
1625,1625,"Random (Pure Exploration)","Ad_C","Tablet","Morning",0,0.12,147,0,54.0100000000002
1626,1626,"Random (Pure Exploration)","Ad_A","Desktop","Morning",0,0.05,147,0.07,54.0800000000002
1627,1627,"Random (Pure Exploration)","Ad_C","Tablet","Morning",0,0.12,147,0,54.0800000000002
1628,1628,"Random (Pure Exploration)","Ad_A","Tablet","Morning",0,0.05,147,0.07,54.1500000000002
1629,1629,"Random (Pure Exploration)","Ad_A","Mobile","Evening",0,0.05,147,0.07,54.2200000000002
1630,1630,"Random (Pure Exploration)","Ad_D","Mobile","Afternoon",0,0.1,147,0.02,54.2400000000002
1631,1631,"Random (Pure Exploration)","Ad_D","Mobile","Afternoon",0,0.1,147,0.02,54.2600000000002
1632,1632,"Random (Pure Exploration)","Ad_D","Tablet","Afternoon",0,0.1,147,0.02,54.2800000000002
1633,1633,"Random (Pure Exploration)","Ad_D","Mobile","Evening",0,0.1,147,0.02,54.3000000000002
1634,1634,"Random (Pure Exploration)","Ad_B","Mobile","Morning",0,0.08,147,0.04,54.3400000000002
1635,1635,"Random (Pure Exploration)","Ad_A","Desktop","Afternoon",0,0.05,147,0.07,54.4100000000002
1636,1636,"Random (Pure Exploration)","Ad_A","Tablet","Evening",0,0.05,147,0.07,54.4800000000002
1637,1637,"Random (Pure Exploration)","Ad_A","Desktop","Afternoon",0,0.05,147,0.07,54.5500000000002
1638,1638,"Random (Pure Exploration)","Ad_B","Tablet","Morning",0,0.08,147,0.04,54.5900000000002
1639,1639,"Random (Pure Exploration)","Ad_B","Mobile","Evening",0,0.08,147,0.04,54.6300000000002
1640,1640,"Random (Pure Exploration)","Ad_C","Tablet","Afternoon",1,0.12,148,0,54.6300000000002
1641,1641,"Random (Pure Exploration)","Ad_A","Mobile","Afternoon",0,0.05,148,0.07,54.7000000000002
1642,1642,"Random (Pure Exploration)","Ad_D","Desktop","Morning",0,0.1,148,0.02,54.7200000000002
1643,1643,"Random (Pure Exploration)","Ad_C","Mobile","Morning",0,0.12,148,0,54.7200000000002
1644,1644,"Random (Pure Exploration)","Ad_B","Desktop","Afternoon",0,0.08,148,0.04,54.7600000000002
1645,1645,"Random (Pure Exploration)","Ad_B","Mobile","Afternoon",0,0.08,148,0.04,54.8000000000002
1646,1646,"Random (Pure Exploration)","Ad_C","Tablet","Afternoon",0,0.12,148,0,54.8000000000002
1647,1647,"Random (Pure Exploration)","Ad_D","Desktop","Afternoon",0,0.1,148,0.02,54.8200000000002
1648,1648,"Random (Pure Exploration)","Ad_D","Tablet","Morning",0,0.1,148,0.02,54.8400000000002
1649,1649,"Random (Pure Exploration)","Ad_C","Tablet","Afternoon",0,0.12,148,0,54.8400000000002
1650,1650,"Random (Pure Exploration)","Ad_B","Tablet","Afternoon",0,0.08,148,0.04,54.8800000000002
1651,1651,"Random (Pure Exploration)","Ad_D","Desktop","Evening",0,0.1,148,0.02,54.9000000000002
1652,1652,"Random (Pure Exploration)","Ad_C","Desktop","Evening",0,0.12,148,0,54.9000000000002
1653,1653,"Random (Pure Exploration)","Ad_C","Tablet","Afternoon",0,0.12,148,0,54.9000000000002
1654,1654,"Random (Pure Exploration)","Ad_C","Mobile","Afternoon",0,0.12,148,0,54.9000000000002
1655,1655,"Random (Pure Exploration)","Ad_C","Desktop","Afternoon",0,0.12,148,0,54.9000000000002
1656,1656,"Random (Pure Exploration)","Ad_B","Mobile","Morning",0,0.08,148,0.04,54.9400000000002
1657,1657,"Random (Pure Exploration)","Ad_D","Tablet","Afternoon",0,0.1,148,0.02,54.9600000000002
1658,1658,"Random (Pure Exploration)","Ad_B","Desktop","Afternoon",0,0.08,148,0.04,55.0000000000002
1659,1659,"Random (Pure Exploration)","Ad_C","Mobile","Afternoon",0,0.12,148,0,55.0000000000002
1660,1660,"Random (Pure Exploration)","Ad_C","Mobile","Morning",0,0.12,148,0,55.0000000000002
1661,1661,"Random (Pure Exploration)","Ad_D","Tablet","Afternoon",0,0.1,148,0.02,55.0200000000002
1662,1662,"Random (Pure Exploration)","Ad_C","Desktop","Evening",0,0.12,148,0,55.0200000000002
1663,1663,"Random (Pure Exploration)","Ad_D","Desktop","Evening",1,0.1,149,0.02,55.0400000000002
1664,1664,"Random (Pure Exploration)","Ad_C","Tablet","Evening",0,0.12,149,0,55.0400000000002
1665,1665,"Random (Pure Exploration)","Ad_B","Mobile","Morning",1,0.08,150,0.04,55.0800000000002
1666,1666,"Random (Pure Exploration)","Ad_C","Mobile","Afternoon",0,0.12,150,0,55.0800000000002
1667,1667,"Random (Pure Exploration)","Ad_B","Desktop","Evening",0,0.08,150,0.04,55.1200000000002
1668,1668,"Random (Pure Exploration)","Ad_A","Tablet","Morning",0,0.05,150,0.07,55.1900000000002
1669,1669,"Random (Pure Exploration)","Ad_A","Tablet","Afternoon",0,0.05,150,0.07,55.2600000000002
1670,1670,"Random (Pure Exploration)","Ad_B","Tablet","Afternoon",0,0.08,150,0.04,55.3000000000002
1671,1671,"Random (Pure Exploration)","Ad_B","Mobile","Evening",0,0.08,150,0.04,55.3400000000002
1672,1672,"Random (Pure Exploration)","Ad_D","Desktop","Morning",0,0.1,150,0.02,55.3600000000002
1673,1673,"Random (Pure Exploration)","Ad_C","Desktop","Morning",0,0.12,150,0,55.3600000000002
1674,1674,"Random (Pure Exploration)","Ad_C","Tablet","Afternoon",0,0.12,150,0,55.3600000000002
1675,1675,"Random (Pure Exploration)","Ad_D","Mobile","Evening",1,0.1,151,0.02,55.3800000000002
1676,1676,"Random (Pure Exploration)","Ad_A","Desktop","Morning",0,0.05,151,0.07,55.4500000000002
1677,1677,"Random (Pure Exploration)","Ad_D","Tablet","Afternoon",0,0.1,151,0.02,55.4700000000002
1678,1678,"Random (Pure Exploration)","Ad_C","Desktop","Morning",0,0.12,151,0,55.4700000000002
1679,1679,"Random (Pure Exploration)","Ad_C","Mobile","Afternoon",0,0.12,151,0,55.4700000000002
1680,1680,"Random (Pure Exploration)","Ad_D","Tablet","Evening",1,0.1,152,0.02,55.4900000000002
1681,1681,"Random (Pure Exploration)","Ad_A","Desktop","Afternoon",0,0.05,152,0.07,55.5600000000002
1682,1682,"Random (Pure Exploration)","Ad_A","Mobile","Morning",0,0.05,152,0.07,55.6300000000002
1683,1683,"Random (Pure Exploration)","Ad_D","Mobile","Morning",0,0.1,152,0.02,55.6500000000002
1684,1684,"Random (Pure Exploration)","Ad_C","Mobile","Evening",0,0.12,152,0,55.6500000000002
1685,1685,"Random (Pure Exploration)","Ad_A","Tablet","Evening",0,0.05,152,0.07,55.7200000000002
1686,1686,"Random (Pure Exploration)","Ad_B","Tablet","Afternoon",0,0.08,152,0.04,55.7600000000002
1687,1687,"Random (Pure Exploration)","Ad_C","Mobile","Morning",0,0.12,152,0,55.7600000000002
1688,1688,"Random (Pure Exploration)","Ad_D","Desktop","Morning",0,0.1,152,0.02,55.7800000000002
1689,1689,"Random (Pure Exploration)","Ad_C","Tablet","Afternoon",0,0.12,152,0,55.7800000000002
1690,1690,"Random (Pure Exploration)","Ad_D","Mobile","Morning",0,0.1,152,0.02,55.8000000000003
1691,1691,"Random (Pure Exploration)","Ad_C","Tablet","Afternoon",1,0.12,153,0,55.8000000000003
1692,1692,"Random (Pure Exploration)","Ad_D","Desktop","Morning",0,0.1,153,0.02,55.8200000000003
1693,1693,"Random (Pure Exploration)","Ad_A","Desktop","Evening",0,0.05,153,0.07,55.8900000000003
1694,1694,"Random (Pure Exploration)","Ad_A","Desktop","Morning",0,0.05,153,0.07,55.9600000000003
1695,1695,"Random (Pure Exploration)","Ad_A","Desktop","Morning",0,0.05,153,0.07,56.0300000000003
1696,1696,"Random (Pure Exploration)","Ad_A","Desktop","Morning",0,0.05,153,0.07,56.1000000000003
1697,1697,"Random (Pure Exploration)","Ad_B","Tablet","Afternoon",0,0.08,153,0.04,56.1400000000003
1698,1698,"Random (Pure Exploration)","Ad_B","Desktop","Afternoon",0,0.08,153,0.04,56.1800000000003
1699,1699,"Random (Pure Exploration)","Ad_B","Mobile","Afternoon",0,0.08,153,0.04,56.2200000000003
1700,1700,"Random (Pure Exploration)","Ad_C","Tablet","Afternoon",0,0.12,153,0,56.2200000000003
1701,1701,"Random (Pure Exploration)","Ad_A","Desktop","Morning",1,0.05,154,0.07,56.2900000000003
1702,1702,"Random (Pure Exploration)","Ad_C","Mobile","Morning",0,0.12,154,0,56.2900000000003
1703,1703,"Random (Pure Exploration)","Ad_C","Mobile","Morning",0,0.12,154,0,56.2900000000003
1704,1704,"Random (Pure Exploration)","Ad_D","Mobile","Afternoon",0,0.1,154,0.02,56.3100000000003
1705,1705,"Random (Pure Exploration)","Ad_B","Tablet","Evening",0,0.08,154,0.04,56.3500000000003
1706,1706,"Random (Pure Exploration)","Ad_D","Desktop","Morning",0,0.1,154,0.02,56.3700000000003
1707,1707,"Random (Pure Exploration)","Ad_A","Tablet","Morning",0,0.05,154,0.07,56.4400000000003
1708,1708,"Random (Pure Exploration)","Ad_C","Mobile","Afternoon",0,0.12,154,0,56.4400000000003
1709,1709,"Random (Pure Exploration)","Ad_A","Desktop","Afternoon",1,0.05,155,0.07,56.5100000000003
1710,1710,"Random (Pure Exploration)","Ad_D","Desktop","Afternoon",0,0.1,155,0.02,56.5300000000003
1711,1711,"Random (Pure Exploration)","Ad_C","Desktop","Afternoon",0,0.12,155,0,56.5300000000003
1712,1712,"Random (Pure Exploration)","Ad_D","Desktop","Afternoon",0,0.1,155,0.02,56.5500000000003
1713,1713,"Random (Pure Exploration)","Ad_B","Tablet","Afternoon",0,0.08,155,0.04,56.5900000000003
1714,1714,"Random (Pure Exploration)","Ad_C","Tablet","Evening",1,0.12,156,0,56.5900000000003
1715,1715,"Random (Pure Exploration)","Ad_A","Desktop","Morning",0,0.05,156,0.07,56.6600000000003
1716,1716,"Random (Pure Exploration)","Ad_D","Tablet","Evening",0,0.1,156,0.02,56.6800000000003
1717,1717,"Random (Pure Exploration)","Ad_B","Tablet","Morning",0,0.08,156,0.04,56.7200000000003
1718,1718,"Random (Pure Exploration)","Ad_C","Mobile","Afternoon",1,0.12,157,0,56.7200000000003
1719,1719,"Random (Pure Exploration)","Ad_D","Desktop","Evening",0,0.1,157,0.02,56.7400000000003
1720,1720,"Random (Pure Exploration)","Ad_C","Mobile","Afternoon",0,0.12,157,0,56.7400000000003
1721,1721,"Random (Pure Exploration)","Ad_B","Mobile","Afternoon",0,0.08,157,0.04,56.7800000000003
1722,1722,"Random (Pure Exploration)","Ad_A","Tablet","Afternoon",0,0.05,157,0.07,56.8500000000003
1723,1723,"Random (Pure Exploration)","Ad_C","Mobile","Morning",0,0.12,157,0,56.8500000000003
1724,1724,"Random (Pure Exploration)","Ad_C","Tablet","Evening",0,0.12,157,0,56.8500000000003
1725,1725,"Random (Pure Exploration)","Ad_A","Mobile","Afternoon",0,0.05,157,0.07,56.9200000000003
1726,1726,"Random (Pure Exploration)","Ad_D","Mobile","Morning",0,0.1,157,0.02,56.9400000000003
1727,1727,"Random (Pure Exploration)","Ad_A","Mobile","Morning",0,0.05,157,0.07,57.0100000000003
1728,1728,"Random (Pure Exploration)","Ad_D","Mobile","Afternoon",0,0.1,157,0.02,57.0300000000003
1729,1729,"Random (Pure Exploration)","Ad_D","Tablet","Evening",0,0.1,157,0.02,57.0500000000003
1730,1730,"Random (Pure Exploration)","Ad_B","Tablet","Morning",0,0.08,157,0.04,57.0900000000003
1731,1731,"Random (Pure Exploration)","Ad_A","Mobile","Afternoon",1,0.05,158,0.07,57.1600000000003
1732,1732,"Random (Pure Exploration)","Ad_D","Tablet","Morning",0,0.1,158,0.02,57.1800000000003
1733,1733,"Random (Pure Exploration)","Ad_C","Desktop","Afternoon",0,0.12,158,0,57.1800000000003
1734,1734,"Random (Pure Exploration)","Ad_B","Desktop","Evening",1,0.08,159,0.04,57.2200000000003
1735,1735,"Random (Pure Exploration)","Ad_D","Desktop","Morning",1,0.1,160,0.02,57.2400000000003
1736,1736,"Random (Pure Exploration)","Ad_D","Tablet","Morning",1,0.1,161,0.02,57.2600000000003
1737,1737,"Random (Pure Exploration)","Ad_D","Mobile","Evening",0,0.1,161,0.02,57.2800000000003
1738,1738,"Random (Pure Exploration)","Ad_B","Desktop","Morning",0,0.08,161,0.04,57.3200000000003
1739,1739,"Random (Pure Exploration)","Ad_C","Mobile","Afternoon",0,0.12,161,0,57.3200000000003
1740,1740,"Random (Pure Exploration)","Ad_C","Desktop","Evening",1,0.12,162,0,57.3200000000003
1741,1741,"Random (Pure Exploration)","Ad_A","Mobile","Afternoon",0,0.05,162,0.07,57.3900000000003
1742,1742,"Random (Pure Exploration)","Ad_D","Tablet","Afternoon",1,0.1,163,0.02,57.4100000000003
1743,1743,"Random (Pure Exploration)","Ad_B","Desktop","Evening",0,0.08,163,0.04,57.4500000000003
1744,1744,"Random (Pure Exploration)","Ad_C","Mobile","Afternoon",1,0.12,164,0,57.4500000000003
1745,1745,"Random (Pure Exploration)","Ad_A","Desktop","Morning",0,0.05,164,0.07,57.5200000000003
1746,1746,"Random (Pure Exploration)","Ad_A","Desktop","Morning",1,0.05,165,0.07,57.5900000000003
1747,1747,"Random (Pure Exploration)","Ad_B","Tablet","Evening",0,0.08,165,0.04,57.6300000000003
1748,1748,"Random (Pure Exploration)","Ad_B","Desktop","Afternoon",0,0.08,165,0.04,57.6700000000003
1749,1749,"Random (Pure Exploration)","Ad_D","Desktop","Evening",0,0.1,165,0.02,57.6900000000003
1750,1750,"Random (Pure Exploration)","Ad_B","Tablet","Morning",0,0.08,165,0.04,57.7300000000003
1751,1751,"Random (Pure Exploration)","Ad_D","Mobile","Morning",0,0.1,165,0.02,57.7500000000003
1752,1752,"Random (Pure Exploration)","Ad_B","Tablet","Morning",1,0.08,166,0.04,57.7900000000003
1753,1753,"Random (Pure Exploration)","Ad_A","Desktop","Evening",0,0.05,166,0.07,57.8600000000003
1754,1754,"Random (Pure Exploration)","Ad_D","Desktop","Afternoon",0,0.1,166,0.02,57.8800000000003
1755,1755,"Random (Pure Exploration)","Ad_B","Tablet","Afternoon",0,0.08,166,0.04,57.9200000000003
1756,1756,"Random (Pure Exploration)","Ad_B","Desktop","Afternoon",1,0.08,167,0.04,57.9600000000003
1757,1757,"Random (Pure Exploration)","Ad_A","Tablet","Morning",0,0.05,167,0.07,58.0300000000003
1758,1758,"Random (Pure Exploration)","Ad_A","Mobile","Afternoon",0,0.05,167,0.07,58.1000000000003
1759,1759,"Random (Pure Exploration)","Ad_B","Tablet","Afternoon",0,0.08,167,0.04,58.1400000000003
1760,1760,"Random (Pure Exploration)","Ad_D","Desktop","Evening",0,0.1,167,0.02,58.1600000000003
1761,1761,"Random (Pure Exploration)","Ad_B","Desktop","Evening",0,0.08,167,0.04,58.2000000000003
1762,1762,"Random (Pure Exploration)","Ad_A","Tablet","Morning",0,0.05,167,0.07,58.2700000000003
1763,1763,"Random (Pure Exploration)","Ad_B","Mobile","Morning",0,0.08,167,0.04,58.3100000000003
1764,1764,"Random (Pure Exploration)","Ad_A","Mobile","Evening",0,0.05,167,0.07,58.3800000000003
1765,1765,"Random (Pure Exploration)","Ad_B","Mobile","Evening",0,0.08,167,0.04,58.4200000000003
1766,1766,"Random (Pure Exploration)","Ad_D","Tablet","Afternoon",0,0.1,167,0.02,58.4400000000003
1767,1767,"Random (Pure Exploration)","Ad_D","Desktop","Evening",0,0.1,167,0.02,58.4600000000003
1768,1768,"Random (Pure Exploration)","Ad_A","Mobile","Afternoon",0,0.05,167,0.07,58.5300000000003
1769,1769,"Random (Pure Exploration)","Ad_B","Desktop","Evening",0,0.08,167,0.04,58.5700000000003
1770,1770,"Random (Pure Exploration)","Ad_B","Mobile","Afternoon",0,0.08,167,0.04,58.6100000000003
1771,1771,"Random (Pure Exploration)","Ad_D","Tablet","Evening",1,0.1,168,0.02,58.6300000000003
1772,1772,"Random (Pure Exploration)","Ad_D","Mobile","Morning",0,0.1,168,0.02,58.6500000000003
1773,1773,"Random (Pure Exploration)","Ad_A","Desktop","Morning",0,0.05,168,0.07,58.7200000000003
1774,1774,"Random (Pure Exploration)","Ad_A","Mobile","Evening",0,0.05,168,0.07,58.7900000000003
1775,1775,"Random (Pure Exploration)","Ad_D","Mobile","Afternoon",0,0.1,168,0.02,58.8100000000003
1776,1776,"Random (Pure Exploration)","Ad_D","Mobile","Afternoon",0,0.1,168,0.02,58.8300000000003
1777,1777,"Random (Pure Exploration)","Ad_D","Tablet","Afternoon",0,0.1,168,0.02,58.8500000000003
1778,1778,"Random (Pure Exploration)","Ad_C","Mobile","Evening",0,0.12,168,0,58.8500000000003
1779,1779,"Random (Pure Exploration)","Ad_C","Desktop","Afternoon",0,0.12,168,0,58.8500000000003
1780,1780,"Random (Pure Exploration)","Ad_A","Mobile","Afternoon",0,0.05,168,0.07,58.9200000000003
1781,1781,"Random (Pure Exploration)","Ad_D","Desktop","Afternoon",1,0.1,169,0.02,58.9400000000003
1782,1782,"Random (Pure Exploration)","Ad_A","Mobile","Evening",0,0.05,169,0.07,59.0100000000003
1783,1783,"Random (Pure Exploration)","Ad_B","Tablet","Evening",0,0.08,169,0.04,59.0500000000003
1784,1784,"Random (Pure Exploration)","Ad_C","Desktop","Evening",1,0.12,170,0,59.0500000000003
1785,1785,"Random (Pure Exploration)","Ad_D","Desktop","Afternoon",0,0.1,170,0.02,59.0700000000003
1786,1786,"Random (Pure Exploration)","Ad_A","Tablet","Afternoon",0,0.05,170,0.07,59.1400000000003
1787,1787,"Random (Pure Exploration)","Ad_D","Mobile","Evening",0,0.1,170,0.02,59.1600000000003
1788,1788,"Random (Pure Exploration)","Ad_B","Mobile","Evening",0,0.08,170,0.04,59.2000000000003
1789,1789,"Random (Pure Exploration)","Ad_C","Tablet","Afternoon",0,0.12,170,0,59.2000000000003
1790,1790,"Random (Pure Exploration)","Ad_C","Desktop","Morning",1,0.12,171,0,59.2000000000003
1791,1791,"Random (Pure Exploration)","Ad_C","Mobile","Morning",0,0.12,171,0,59.2000000000003
1792,1792,"Random (Pure Exploration)","Ad_C","Desktop","Evening",0,0.12,171,0,59.2000000000003
1793,1793,"Random (Pure Exploration)","Ad_C","Tablet","Evening",0,0.12,171,0,59.2000000000003
1794,1794,"Random (Pure Exploration)","Ad_C","Mobile","Evening",0,0.12,171,0,59.2000000000003
1795,1795,"Random (Pure Exploration)","Ad_C","Mobile","Morning",0,0.12,171,0,59.2000000000003
1796,1796,"Random (Pure Exploration)","Ad_A","Mobile","Afternoon",0,0.05,171,0.07,59.2700000000003
1797,1797,"Random (Pure Exploration)","Ad_B","Mobile","Evening",0,0.08,171,0.04,59.3100000000003
1798,1798,"Random (Pure Exploration)","Ad_A","Desktop","Evening",0,0.05,171,0.07,59.3800000000003
1799,1799,"Random (Pure Exploration)","Ad_A","Mobile","Morning",1,0.05,172,0.07,59.4500000000003
1800,1800,"Random (Pure Exploration)","Ad_D","Tablet","Morning",1,0.1,173,0.02,59.4700000000003
1801,1801,"Random (Pure Exploration)","Ad_B","Mobile","Afternoon",0,0.08,173,0.04,59.5100000000003
1802,1802,"Random (Pure Exploration)","Ad_B","Desktop","Evening",0,0.08,173,0.04,59.5500000000003
1803,1803,"Random (Pure Exploration)","Ad_B","Tablet","Evening",0,0.08,173,0.04,59.5900000000003
1804,1804,"Random (Pure Exploration)","Ad_C","Tablet","Afternoon",0,0.12,173,0,59.5900000000003
1805,1805,"Random (Pure Exploration)","Ad_B","Tablet","Evening",0,0.08,173,0.04,59.6300000000003
1806,1806,"Random (Pure Exploration)","Ad_C","Desktop","Evening",0,0.12,173,0,59.6300000000003
1807,1807,"Random (Pure Exploration)","Ad_D","Tablet","Morning",0,0.1,173,0.02,59.6500000000003
1808,1808,"Random (Pure Exploration)","Ad_A","Desktop","Afternoon",0,0.05,173,0.07,59.7200000000003
1809,1809,"Random (Pure Exploration)","Ad_B","Tablet","Evening",0,0.08,173,0.04,59.7600000000003
1810,1810,"Random (Pure Exploration)","Ad_D","Desktop","Morning",0,0.1,173,0.02,59.7800000000003
1811,1811,"Random (Pure Exploration)","Ad_C","Desktop","Afternoon",0,0.12,173,0,59.7800000000003
1812,1812,"Random (Pure Exploration)","Ad_B","Desktop","Evening",0,0.08,173,0.04,59.8200000000003
1813,1813,"Random (Pure Exploration)","Ad_C","Mobile","Afternoon",0,0.12,173,0,59.8200000000003
1814,1814,"Random (Pure Exploration)","Ad_D","Desktop","Evening",0,0.1,173,0.02,59.8400000000003
1815,1815,"Random (Pure Exploration)","Ad_A","Desktop","Evening",0,0.05,173,0.07,59.9100000000003
1816,1816,"Random (Pure Exploration)","Ad_A","Tablet","Morning",0,0.05,173,0.07,59.9800000000003
1817,1817,"Random (Pure Exploration)","Ad_D","Tablet","Morning",0,0.1,173,0.02,60.0000000000003
1818,1818,"Random (Pure Exploration)","Ad_A","Tablet","Morning",0,0.05,173,0.07,60.0700000000003
1819,1819,"Random (Pure Exploration)","Ad_D","Desktop","Afternoon",0,0.1,173,0.02,60.0900000000003
1820,1820,"Random (Pure Exploration)","Ad_B","Mobile","Afternoon",0,0.08,173,0.04,60.1300000000003
1821,1821,"Random (Pure Exploration)","Ad_C","Tablet","Afternoon",0,0.12,173,0,60.1300000000003
1822,1822,"Random (Pure Exploration)","Ad_B","Desktop","Morning",0,0.08,173,0.04,60.1700000000003
1823,1823,"Random (Pure Exploration)","Ad_A","Desktop","Morning",0,0.05,173,0.07,60.2400000000003
1824,1824,"Random (Pure Exploration)","Ad_A","Mobile","Morning",0,0.05,173,0.07,60.3100000000003
1825,1825,"Random (Pure Exploration)","Ad_D","Mobile","Evening",0,0.1,173,0.02,60.3300000000003
1826,1826,"Random (Pure Exploration)","Ad_C","Mobile","Afternoon",0,0.12,173,0,60.3300000000003
1827,1827,"Random (Pure Exploration)","Ad_D","Mobile","Evening",1,0.1,174,0.02,60.3500000000003
1828,1828,"Random (Pure Exploration)","Ad_B","Tablet","Morning",0,0.08,174,0.04,60.3900000000003
1829,1829,"Random (Pure Exploration)","Ad_B","Mobile","Morning",0,0.08,174,0.04,60.4300000000003
1830,1830,"Random (Pure Exploration)","Ad_B","Mobile","Morning",0,0.08,174,0.04,60.4700000000003
1831,1831,"Random (Pure Exploration)","Ad_B","Tablet","Morning",0,0.08,174,0.04,60.5100000000003
1832,1832,"Random (Pure Exploration)","Ad_C","Tablet","Evening",0,0.12,174,0,60.5100000000003
1833,1833,"Random (Pure Exploration)","Ad_B","Desktop","Evening",0,0.08,174,0.04,60.5500000000003
1834,1834,"Random (Pure Exploration)","Ad_B","Tablet","Morning",0,0.08,174,0.04,60.5900000000003
1835,1835,"Random (Pure Exploration)","Ad_D","Tablet","Afternoon",0,0.1,174,0.02,60.6100000000003
1836,1836,"Random (Pure Exploration)","Ad_A","Desktop","Afternoon",0,0.05,174,0.07,60.6800000000003
1837,1837,"Random (Pure Exploration)","Ad_A","Tablet","Afternoon",0,0.05,174,0.07,60.7500000000003
1838,1838,"Random (Pure Exploration)","Ad_D","Mobile","Morning",0,0.1,174,0.02,60.7700000000004
1839,1839,"Random (Pure Exploration)","Ad_B","Desktop","Afternoon",0,0.08,174,0.04,60.8100000000004
1840,1840,"Random (Pure Exploration)","Ad_B","Tablet","Afternoon",1,0.08,175,0.04,60.8500000000003
1841,1841,"Random (Pure Exploration)","Ad_C","Desktop","Evening",0,0.12,175,0,60.8500000000003
1842,1842,"Random (Pure Exploration)","Ad_C","Desktop","Afternoon",1,0.12,176,0,60.8500000000003
1843,1843,"Random (Pure Exploration)","Ad_A","Mobile","Afternoon",0,0.05,176,0.07,60.9200000000003
1844,1844,"Random (Pure Exploration)","Ad_B","Mobile","Afternoon",0,0.08,176,0.04,60.9600000000003
1845,1845,"Random (Pure Exploration)","Ad_C","Desktop","Afternoon",0,0.12,176,0,60.9600000000003
1846,1846,"Random (Pure Exploration)","Ad_C","Desktop","Afternoon",0,0.12,176,0,60.9600000000003
1847,1847,"Random (Pure Exploration)","Ad_A","Mobile","Afternoon",0,0.05,176,0.07,61.0300000000003
1848,1848,"Random (Pure Exploration)","Ad_B","Mobile","Afternoon",0,0.08,176,0.04,61.0700000000003
1849,1849,"Random (Pure Exploration)","Ad_A","Desktop","Afternoon",0,0.05,176,0.07,61.1400000000003
1850,1850,"Random (Pure Exploration)","Ad_D","Desktop","Evening",1,0.1,177,0.02,61.1600000000004
1851,1851,"Random (Pure Exploration)","Ad_A","Mobile","Evening",0,0.05,177,0.07,61.2300000000004
1852,1852,"Random (Pure Exploration)","Ad_A","Mobile","Morning",0,0.05,177,0.07,61.3000000000004
1853,1853,"Random (Pure Exploration)","Ad_A","Mobile","Afternoon",0,0.05,177,0.07,61.3700000000004
1854,1854,"Random (Pure Exploration)","Ad_B","Desktop","Morning",0,0.08,177,0.04,61.4100000000004
1855,1855,"Random (Pure Exploration)","Ad_C","Mobile","Afternoon",0,0.12,177,0,61.4100000000004
1856,1856,"Random (Pure Exploration)","Ad_C","Tablet","Morning",0,0.12,177,0,61.4100000000004
1857,1857,"Random (Pure Exploration)","Ad_C","Tablet","Afternoon",0,0.12,177,0,61.4100000000004
1858,1858,"Random (Pure Exploration)","Ad_B","Mobile","Afternoon",0,0.08,177,0.04,61.4500000000004
1859,1859,"Random (Pure Exploration)","Ad_B","Mobile","Morning",0,0.08,177,0.04,61.4900000000004
1860,1860,"Random (Pure Exploration)","Ad_A","Desktop","Afternoon",0,0.05,177,0.07,61.5600000000004
1861,1861,"Random (Pure Exploration)","Ad_D","Mobile","Morning",0,0.1,177,0.02,61.5800000000004
1862,1862,"Random (Pure Exploration)","Ad_C","Mobile","Afternoon",0,0.12,177,0,61.5800000000004
1863,1863,"Random (Pure Exploration)","Ad_A","Mobile","Morning",0,0.05,177,0.07,61.6500000000004
1864,1864,"Random (Pure Exploration)","Ad_C","Desktop","Morning",1,0.12,178,0,61.6500000000004
1865,1865,"Random (Pure Exploration)","Ad_A","Mobile","Evening",0,0.05,178,0.07,61.7200000000004
1866,1866,"Random (Pure Exploration)","Ad_D","Mobile","Morning",0,0.1,178,0.02,61.7400000000004
1867,1867,"Random (Pure Exploration)","Ad_C","Mobile","Evening",0,0.12,178,0,61.7400000000004
1868,1868,"Random (Pure Exploration)","Ad_D","Tablet","Afternoon",0,0.1,178,0.02,61.7600000000004
1869,1869,"Random (Pure Exploration)","Ad_D","Tablet","Evening",0,0.1,178,0.02,61.7800000000004
1870,1870,"Random (Pure Exploration)","Ad_D","Mobile","Evening",0,0.1,178,0.02,61.8000000000004
1871,1871,"Random (Pure Exploration)","Ad_D","Tablet","Morning",0,0.1,178,0.02,61.8200000000004
1872,1872,"Random (Pure Exploration)","Ad_B","Tablet","Afternoon",0,0.08,178,0.04,61.8600000000004
1873,1873,"Random (Pure Exploration)","Ad_A","Mobile","Morning",0,0.05,178,0.07,61.9300000000004
1874,1874,"Random (Pure Exploration)","Ad_A","Desktop","Afternoon",0,0.05,178,0.07,62.0000000000004
1875,1875,"Random (Pure Exploration)","Ad_C","Desktop","Afternoon",0,0.12,178,0,62.0000000000004
1876,1876,"Random (Pure Exploration)","Ad_C","Desktop","Evening",0,0.12,178,0,62.0000000000004
1877,1877,"Random (Pure Exploration)","Ad_B","Desktop","Afternoon",0,0.08,178,0.04,62.0400000000004
1878,1878,"Random (Pure Exploration)","Ad_C","Tablet","Evening",0,0.12,178,0,62.0400000000004
1879,1879,"Random (Pure Exploration)","Ad_B","Mobile","Evening",0,0.08,178,0.04,62.0800000000004
1880,1880,"Random (Pure Exploration)","Ad_A","Mobile","Afternoon",0,0.05,178,0.07,62.1500000000004
1881,1881,"Random (Pure Exploration)","Ad_D","Mobile","Morning",0,0.1,178,0.02,62.1700000000004
1882,1882,"Random (Pure Exploration)","Ad_B","Mobile","Afternoon",0,0.08,178,0.04,62.2100000000004
1883,1883,"Random (Pure Exploration)","Ad_D","Tablet","Evening",1,0.1,179,0.02,62.2300000000004
1884,1884,"Random (Pure Exploration)","Ad_A","Tablet","Evening",0,0.05,179,0.07,62.3000000000004
1885,1885,"Random (Pure Exploration)","Ad_D","Mobile","Morning",0,0.1,179,0.02,62.3200000000004
1886,1886,"Random (Pure Exploration)","Ad_D","Desktop","Afternoon",0,0.1,179,0.02,62.3400000000004
1887,1887,"Random (Pure Exploration)","Ad_C","Mobile","Afternoon",0,0.12,179,0,62.3400000000004
1888,1888,"Random (Pure Exploration)","Ad_A","Tablet","Morning",0,0.05,179,0.07,62.4100000000004
1889,1889,"Random (Pure Exploration)","Ad_C","Mobile","Afternoon",0,0.12,179,0,62.4100000000004
1890,1890,"Random (Pure Exploration)","Ad_D","Tablet","Evening",0,0.1,179,0.02,62.4300000000004
1891,1891,"Random (Pure Exploration)","Ad_B","Tablet","Morning",0,0.08,179,0.04,62.4700000000004
1892,1892,"Random (Pure Exploration)","Ad_A","Desktop","Evening",0,0.05,179,0.07,62.5400000000004
1893,1893,"Random (Pure Exploration)","Ad_C","Mobile","Afternoon",0,0.12,179,0,62.5400000000004
1894,1894,"Random (Pure Exploration)","Ad_D","Tablet","Morning",0,0.1,179,0.02,62.5600000000004
1895,1895,"Random (Pure Exploration)","Ad_B","Desktop","Afternoon",0,0.08,179,0.04,62.6000000000004
1896,1896,"Random (Pure Exploration)","Ad_D","Mobile","Afternoon",0,0.1,179,0.02,62.6200000000004
1897,1897,"Random (Pure Exploration)","Ad_C","Tablet","Evening",0,0.12,179,0,62.6200000000004
1898,1898,"Random (Pure Exploration)","Ad_C","Desktop","Evening",0,0.12,179,0,62.6200000000004
1899,1899,"Random (Pure Exploration)","Ad_D","Tablet","Afternoon",0,0.1,179,0.02,62.6400000000004
1900,1900,"Random (Pure Exploration)","Ad_A","Tablet","Afternoon",0,0.05,179,0.07,62.7100000000004
1901,1901,"Random (Pure Exploration)","Ad_B","Tablet","Morning",0,0.08,179,0.04,62.7500000000004
1902,1902,"Random (Pure Exploration)","Ad_A","Tablet","Evening",0,0.05,179,0.07,62.8200000000004
1903,1903,"Random (Pure Exploration)","Ad_B","Desktop","Morning",0,0.08,179,0.04,62.8600000000004
1904,1904,"Random (Pure Exploration)","Ad_D","Desktop","Afternoon",1,0.1,180,0.02,62.8800000000004
1905,1905,"Random (Pure Exploration)","Ad_C","Tablet","Afternoon",0,0.12,180,0,62.8800000000004
1906,1906,"Random (Pure Exploration)","Ad_B","Tablet","Evening",0,0.08,180,0.04,62.9200000000004
1907,1907,"Random (Pure Exploration)","Ad_C","Desktop","Evening",0,0.12,180,0,62.9200000000004
1908,1908,"Random (Pure Exploration)","Ad_D","Desktop","Morning",0,0.1,180,0.02,62.9400000000004
1909,1909,"Random (Pure Exploration)","Ad_A","Mobile","Morning",0,0.05,180,0.07,63.0100000000004
1910,1910,"Random (Pure Exploration)","Ad_A","Desktop","Afternoon",0,0.05,180,0.07,63.0800000000004
1911,1911,"Random (Pure Exploration)","Ad_A","Mobile","Morning",0,0.05,180,0.07,63.1500000000004
1912,1912,"Random (Pure Exploration)","Ad_C","Mobile","Afternoon",0,0.12,180,0,63.1500000000004
1913,1913,"Random (Pure Exploration)","Ad_C","Mobile","Morning",0,0.12,180,0,63.1500000000004
1914,1914,"Random (Pure Exploration)","Ad_A","Desktop","Afternoon",0,0.05,180,0.07,63.2200000000004
1915,1915,"Random (Pure Exploration)","Ad_C","Mobile","Morning",0,0.12,180,0,63.2200000000004
1916,1916,"Random (Pure Exploration)","Ad_C","Tablet","Morning",0,0.12,180,0,63.2200000000004
1917,1917,"Random (Pure Exploration)","Ad_B","Mobile","Afternoon",0,0.08,180,0.04,63.2600000000004
1918,1918,"Random (Pure Exploration)","Ad_D","Tablet","Morning",0,0.1,180,0.02,63.2800000000004
1919,1919,"Random (Pure Exploration)","Ad_C","Mobile","Afternoon",0,0.12,180,0,63.2800000000004
1920,1920,"Random (Pure Exploration)","Ad_B","Tablet","Afternoon",1,0.08,181,0.04,63.3200000000004
1921,1921,"Random (Pure Exploration)","Ad_D","Tablet","Evening",0,0.1,181,0.02,63.3400000000004
1922,1922,"Random (Pure Exploration)","Ad_B","Desktop","Afternoon",0,0.08,181,0.04,63.3800000000004
1923,1923,"Random (Pure Exploration)","Ad_C","Mobile","Evening",0,0.12,181,0,63.3800000000004
1924,1924,"Random (Pure Exploration)","Ad_D","Tablet","Afternoon",0,0.1,181,0.02,63.4000000000004
1925,1925,"Random (Pure Exploration)","Ad_A","Mobile","Evening",0,0.05,181,0.07,63.4700000000004
1926,1926,"Random (Pure Exploration)","Ad_C","Tablet","Afternoon",0,0.12,181,0,63.4700000000004
1927,1927,"Random (Pure Exploration)","Ad_C","Tablet","Afternoon",0,0.12,181,0,63.4700000000004
1928,1928,"Random (Pure Exploration)","Ad_D","Tablet","Afternoon",0,0.1,181,0.02,63.4900000000004
1929,1929,"Random (Pure Exploration)","Ad_C","Tablet","Evening",0,0.12,181,0,63.4900000000004
1930,1930,"Random (Pure Exploration)","Ad_B","Tablet","Morning",0,0.08,181,0.04,63.5300000000004
1931,1931,"Random (Pure Exploration)","Ad_B","Tablet","Morning",0,0.08,181,0.04,63.5700000000004
1932,1932,"Random (Pure Exploration)","Ad_D","Desktop","Evening",0,0.1,181,0.02,63.5900000000004
1933,1933,"Random (Pure Exploration)","Ad_B","Tablet","Evening",0,0.08,181,0.04,63.6300000000004
1934,1934,"Random (Pure Exploration)","Ad_C","Desktop","Evening",0,0.12,181,0,63.6300000000004
1935,1935,"Random (Pure Exploration)","Ad_B","Desktop","Afternoon",0,0.08,181,0.04,63.6700000000004
1936,1936,"Random (Pure Exploration)","Ad_D","Mobile","Evening",0,0.1,181,0.02,63.6900000000004
1937,1937,"Random (Pure Exploration)","Ad_C","Mobile","Morning",1,0.12,182,0,63.6900000000004
1938,1938,"Random (Pure Exploration)","Ad_D","Tablet","Morning",0,0.1,182,0.02,63.7100000000004
1939,1939,"Random (Pure Exploration)","Ad_A","Tablet","Morning",0,0.05,182,0.07,63.7800000000004
1940,1940,"Random (Pure Exploration)","Ad_A","Mobile","Afternoon",0,0.05,182,0.07,63.8500000000004
1941,1941,"Random (Pure Exploration)","Ad_C","Mobile","Morning",1,0.12,183,0,63.8500000000004
1942,1942,"Random (Pure Exploration)","Ad_C","Mobile","Evening",0,0.12,183,0,63.8500000000004
1943,1943,"Random (Pure Exploration)","Ad_C","Mobile","Afternoon",0,0.12,183,0,63.8500000000004
1944,1944,"Random (Pure Exploration)","Ad_D","Mobile","Afternoon",0,0.1,183,0.02,63.8700000000004
1945,1945,"Random (Pure Exploration)","Ad_A","Mobile","Afternoon",0,0.05,183,0.07,63.9400000000004
1946,1946,"Random (Pure Exploration)","Ad_C","Desktop","Afternoon",0,0.12,183,0,63.9400000000004
1947,1947,"Random (Pure Exploration)","Ad_D","Tablet","Afternoon",0,0.1,183,0.02,63.9600000000004
1948,1948,"Random (Pure Exploration)","Ad_B","Tablet","Morning",0,0.08,183,0.04,64.0000000000004
1949,1949,"Random (Pure Exploration)","Ad_A","Desktop","Evening",0,0.05,183,0.07,64.0700000000004
1950,1950,"Random (Pure Exploration)","Ad_C","Mobile","Morning",0,0.12,183,0,64.0700000000004
1951,1951,"Random (Pure Exploration)","Ad_B","Mobile","Afternoon",0,0.08,183,0.04,64.1100000000004
1952,1952,"Random (Pure Exploration)","Ad_C","Tablet","Afternoon",0,0.12,183,0,64.1100000000004
1953,1953,"Random (Pure Exploration)","Ad_A","Mobile","Evening",0,0.05,183,0.07,64.1800000000004
1954,1954,"Random (Pure Exploration)","Ad_D","Mobile","Morning",0,0.1,183,0.02,64.2000000000004
1955,1955,"Random (Pure Exploration)","Ad_B","Tablet","Morning",0,0.08,183,0.04,64.2400000000004
1956,1956,"Random (Pure Exploration)","Ad_B","Mobile","Evening",0,0.08,183,0.04,64.2800000000004
1957,1957,"Random (Pure Exploration)","Ad_A","Mobile","Evening",0,0.05,183,0.07,64.3500000000004
1958,1958,"Random (Pure Exploration)","Ad_B","Mobile","Afternoon",0,0.08,183,0.04,64.3900000000004
1959,1959,"Random (Pure Exploration)","Ad_D","Desktop","Morning",0,0.1,183,0.02,64.4100000000004
1960,1960,"Random (Pure Exploration)","Ad_A","Mobile","Evening",0,0.05,183,0.07,64.4800000000004
1961,1961,"Random (Pure Exploration)","Ad_B","Mobile","Morning",0,0.08,183,0.04,64.5200000000004
1962,1962,"Random (Pure Exploration)","Ad_A","Desktop","Afternoon",0,0.05,183,0.07,64.5900000000004
1963,1963,"Random (Pure Exploration)","Ad_D","Mobile","Evening",0,0.1,183,0.02,64.6100000000004
1964,1964,"Random (Pure Exploration)","Ad_A","Tablet","Evening",0,0.05,183,0.07,64.6800000000004
1965,1965,"Random (Pure Exploration)","Ad_A","Mobile","Evening",1,0.05,184,0.07,64.7500000000004
1966,1966,"Random (Pure Exploration)","Ad_B","Desktop","Morning",0,0.08,184,0.04,64.7900000000004
1967,1967,"Random (Pure Exploration)","Ad_D","Desktop","Afternoon",0,0.1,184,0.02,64.8100000000004
1968,1968,"Random (Pure Exploration)","Ad_A","Tablet","Morning",0,0.05,184,0.07,64.8800000000004
1969,1969,"Random (Pure Exploration)","Ad_C","Desktop","Evening",0,0.12,184,0,64.8800000000004
1970,1970,"Random (Pure Exploration)","Ad_B","Tablet","Afternoon",0,0.08,184,0.04,64.9200000000004
1971,1971,"Random (Pure Exploration)","Ad_B","Tablet","Afternoon",0,0.08,184,0.04,64.9600000000004
1972,1972,"Random (Pure Exploration)","Ad_A","Desktop","Morning",0,0.05,184,0.07,65.0300000000004
1973,1973,"Random (Pure Exploration)","Ad_D","Desktop","Morning",0,0.1,184,0.02,65.0500000000004
1974,1974,"Random (Pure Exploration)","Ad_D","Mobile","Evening",0,0.1,184,0.02,65.0700000000004
1975,1975,"Random (Pure Exploration)","Ad_C","Tablet","Morning",0,0.12,184,0,65.0700000000004
1976,1976,"Random (Pure Exploration)","Ad_D","Tablet","Afternoon",1,0.1,185,0.02,65.0900000000004
1977,1977,"Random (Pure Exploration)","Ad_A","Desktop","Morning",0,0.05,185,0.07,65.1600000000004
1978,1978,"Random (Pure Exploration)","Ad_D","Tablet","Morning",0,0.1,185,0.02,65.1800000000004
1979,1979,"Random (Pure Exploration)","Ad_A","Tablet","Evening",0,0.05,185,0.07,65.2500000000004
1980,1980,"Random (Pure Exploration)","Ad_A","Desktop","Afternoon",0,0.05,185,0.07,65.3200000000004
1981,1981,"Random (Pure Exploration)","Ad_D","Mobile","Morning",0,0.1,185,0.02,65.3400000000004
1982,1982,"Random (Pure Exploration)","Ad_A","Desktop","Evening",0,0.05,185,0.07,65.4100000000004
1983,1983,"Random (Pure Exploration)","Ad_A","Mobile","Evening",0,0.05,185,0.07,65.4800000000003
1984,1984,"Random (Pure Exploration)","Ad_C","Tablet","Afternoon",0,0.12,185,0,65.4800000000003
1985,1985,"Random (Pure Exploration)","Ad_A","Mobile","Afternoon",0,0.05,185,0.07,65.5500000000003
1986,1986,"Random (Pure Exploration)","Ad_D","Tablet","Morning",0,0.1,185,0.02,65.5700000000003
1987,1987,"Random (Pure Exploration)","Ad_A","Tablet","Evening",0,0.05,185,0.07,65.6400000000003
1988,1988,"Random (Pure Exploration)","Ad_A","Desktop","Evening",0,0.05,185,0.07,65.7100000000003
1989,1989,"Random (Pure Exploration)","Ad_C","Mobile","Afternoon",0,0.12,185,0,65.7100000000003
1990,1990,"Random (Pure Exploration)","Ad_C","Mobile","Evening",0,0.12,185,0,65.7100000000003
1991,1991,"Random (Pure Exploration)","Ad_A","Mobile","Morning",0,0.05,185,0.07,65.7800000000003
1992,1992,"Random (Pure Exploration)","Ad_D","Mobile","Morning",0,0.1,185,0.02,65.8000000000003
1993,1993,"Random (Pure Exploration)","Ad_B","Desktop","Evening",0,0.08,185,0.04,65.8400000000003
1994,1994,"Random (Pure Exploration)","Ad_A","Tablet","Morning",0,0.05,185,0.07,65.9100000000003
1995,1995,"Random (Pure Exploration)","Ad_B","Tablet","Evening",0,0.08,185,0.04,65.9500000000003
1996,1996,"Random (Pure Exploration)","Ad_B","Tablet","Morning",0,0.08,185,0.04,65.9900000000003
1997,1997,"Random (Pure Exploration)","Ad_A","Mobile","Evening",0,0.05,185,0.07,66.0600000000003
1998,1998,"Random (Pure Exploration)","Ad_B","Tablet","Morning",0,0.08,185,0.04,66.1000000000003
1999,1999,"Random (Pure Exploration)","Ad_A","Tablet","Afternoon",0,0.05,185,0.07,66.1700000000003
2000,2000,"Random (Pure Exploration)","Ad_B","Desktop","Morning",0,0.08,185,0.04,66.2100000000003
2001,1,"Greedy (Pure Exploitation)","Ad_A","Desktop","Morning",0,0.05,0,0.07,0.07
2002,2,"Greedy (Pure Exploitation)","Ad_B","Mobile","Afternoon",1,0.08,1,0.04,0.11
2003,3,"Greedy (Pure Exploitation)","Ad_C","Mobile","Afternoon",0,0.12,1,0,0.11
2004,4,"Greedy (Pure Exploitation)","Ad_D","Desktop","Morning",0,0.1,1,0.02,0.13
2005,5,"Greedy (Pure Exploitation)","Ad_B","Desktop","Evening",0,0.08,1,0.04,0.17
2006,6,"Greedy (Pure Exploitation)","Ad_B","Tablet","Morning",0,0.08,1,0.04,0.21
2007,7,"Greedy (Pure Exploitation)","Ad_B","Tablet","Evening",0,0.08,1,0.04,0.25
2008,8,"Greedy (Pure Exploitation)","Ad_B","Mobile","Evening",0,0.08,1,0.04,0.29
2009,9,"Greedy (Pure Exploitation)","Ad_B","Mobile","Afternoon",0,0.08,1,0.04,0.33
2010,10,"Greedy (Pure Exploitation)","Ad_B","Tablet","Morning",1,0.08,2,0.04,0.37
2011,11,"Greedy (Pure Exploitation)","Ad_B","Desktop","Afternoon",0,0.08,2,0.04,0.41
2012,12,"Greedy (Pure Exploitation)","Ad_B","Desktop","Morning",0,0.08,2,0.04,0.45
2013,13,"Greedy (Pure Exploitation)","Ad_B","Mobile","Afternoon",0,0.08,2,0.04,0.49
2014,14,"Greedy (Pure Exploitation)","Ad_B","Tablet","Evening",0,0.08,2,0.04,0.53
2015,15,"Greedy (Pure Exploitation)","Ad_B","Mobile","Afternoon",0,0.08,2,0.04,0.57
2016,16,"Greedy (Pure Exploitation)","Ad_B","Mobile","Morning",0,0.08,2,0.04,0.61
2017,17,"Greedy (Pure Exploitation)","Ad_B","Mobile","Evening",0,0.08,2,0.04,0.65
2018,18,"Greedy (Pure Exploitation)","Ad_B","Mobile","Morning",0,0.08,2,0.04,0.69
2019,19,"Greedy (Pure Exploitation)","Ad_B","Tablet","Afternoon",0,0.08,2,0.04,0.73
2020,20,"Greedy (Pure Exploitation)","Ad_B","Tablet","Evening",0,0.08,2,0.04,0.77
2021,21,"Greedy (Pure Exploitation)","Ad_B","Mobile","Morning",0,0.08,2,0.04,0.81
2022,22,"Greedy (Pure Exploitation)","Ad_B","Tablet","Morning",0,0.08,2,0.04,0.85
2023,23,"Greedy (Pure Exploitation)","Ad_B","Mobile","Evening",0,0.08,2,0.04,0.89
2024,24,"Greedy (Pure Exploitation)","Ad_B","Tablet","Afternoon",0,0.08,2,0.04,0.93
2025,25,"Greedy (Pure Exploitation)","Ad_B","Desktop","Afternoon",0,0.08,2,0.04,0.97
2026,26,"Greedy (Pure Exploitation)","Ad_B","Desktop","Evening",0,0.08,2,0.04,1.01
2027,27,"Greedy (Pure Exploitation)","Ad_B","Tablet","Morning",0,0.08,2,0.04,1.05
2028,28,"Greedy (Pure Exploitation)","Ad_B","Tablet","Afternoon",0,0.08,2,0.04,1.09
2029,29,"Greedy (Pure Exploitation)","Ad_B","Mobile","Afternoon",0,0.08,2,0.04,1.13
2030,30,"Greedy (Pure Exploitation)","Ad_B","Mobile","Evening",0,0.08,2,0.04,1.17
2031,31,"Greedy (Pure Exploitation)","Ad_B","Desktop","Evening",0,0.08,2,0.04,1.21
2032,32,"Greedy (Pure Exploitation)","Ad_B","Mobile","Afternoon",0,0.08,2,0.04,1.25
2033,33,"Greedy (Pure Exploitation)","Ad_B","Tablet","Afternoon",0,0.08,2,0.04,1.29
2034,34,"Greedy (Pure Exploitation)","Ad_B","Tablet","Morning",0,0.08,2,0.04,1.33
2035,35,"Greedy (Pure Exploitation)","Ad_B","Desktop","Evening",1,0.08,3,0.04,1.37
2036,36,"Greedy (Pure Exploitation)","Ad_B","Desktop","Afternoon",0,0.08,3,0.04,1.41
2037,37,"Greedy (Pure Exploitation)","Ad_B","Desktop","Evening",0,0.08,3,0.04,1.45
2038,38,"Greedy (Pure Exploitation)","Ad_B","Mobile","Afternoon",0,0.08,3,0.04,1.49
2039,39,"Greedy (Pure Exploitation)","Ad_B","Mobile","Afternoon",0,0.08,3,0.04,1.53
2040,40,"Greedy (Pure Exploitation)","Ad_B","Desktop","Evening",0,0.08,3,0.04,1.57
2041,41,"Greedy (Pure Exploitation)","Ad_B","Desktop","Evening",0,0.08,3,0.04,1.61
2042,42,"Greedy (Pure Exploitation)","Ad_B","Desktop","Morning",0,0.08,3,0.04,1.65
2043,43,"Greedy (Pure Exploitation)","Ad_B","Mobile","Morning",0,0.08,3,0.04,1.69
2044,44,"Greedy (Pure Exploitation)","Ad_B","Mobile","Afternoon",0,0.08,3,0.04,1.73
2045,45,"Greedy (Pure Exploitation)","Ad_B","Tablet","Evening",0,0.08,3,0.04,1.77
2046,46,"Greedy (Pure Exploitation)","Ad_B","Tablet","Morning",0,0.08,3,0.04,1.81
2047,47,"Greedy (Pure Exploitation)","Ad_B","Tablet","Evening",0,0.08,3,0.04,1.85
2048,48,"Greedy (Pure Exploitation)","Ad_B","Desktop","Morning",0,0.08,3,0.04,1.89
2049,49,"Greedy (Pure Exploitation)","Ad_B","Mobile","Morning",0,0.08,3,0.04,1.93
2050,50,"Greedy (Pure Exploitation)","Ad_B","Tablet","Morning",0,0.08,3,0.04,1.97
2051,51,"Greedy (Pure Exploitation)","Ad_B","Mobile","Afternoon",0,0.08,3,0.04,2.01
2052,52,"Greedy (Pure Exploitation)","Ad_B","Tablet","Morning",0,0.08,3,0.04,2.05
2053,53,"Greedy (Pure Exploitation)","Ad_B","Tablet","Afternoon",1,0.08,4,0.04,2.09
2054,54,"Greedy (Pure Exploitation)","Ad_B","Desktop","Morning",0,0.08,4,0.04,2.13
2055,55,"Greedy (Pure Exploitation)","Ad_B","Tablet","Afternoon",1,0.08,5,0.04,2.17
2056,56,"Greedy (Pure Exploitation)","Ad_B","Tablet","Morning",0,0.08,5,0.04,2.21
2057,57,"Greedy (Pure Exploitation)","Ad_B","Mobile","Afternoon",0,0.08,5,0.04,2.25
2058,58,"Greedy (Pure Exploitation)","Ad_B","Tablet","Morning",0,0.08,5,0.04,2.29
2059,59,"Greedy (Pure Exploitation)","Ad_B","Mobile","Morning",0,0.08,5,0.04,2.33
2060,60,"Greedy (Pure Exploitation)","Ad_B","Mobile","Evening",0,0.08,5,0.04,2.37
2061,61,"Greedy (Pure Exploitation)","Ad_B","Mobile","Evening",0,0.08,5,0.04,2.41
2062,62,"Greedy (Pure Exploitation)","Ad_B","Desktop","Morning",1,0.08,6,0.04,2.45
2063,63,"Greedy (Pure Exploitation)","Ad_B","Desktop","Afternoon",0,0.08,6,0.04,2.49
2064,64,"Greedy (Pure Exploitation)","Ad_B","Desktop","Afternoon",0,0.08,6,0.04,2.53
2065,65,"Greedy (Pure Exploitation)","Ad_B","Tablet","Afternoon",0,0.08,6,0.04,2.57
2066,66,"Greedy (Pure Exploitation)","Ad_B","Mobile","Morning",0,0.08,6,0.04,2.61
2067,67,"Greedy (Pure Exploitation)","Ad_B","Tablet","Evening",0,0.08,6,0.04,2.65
2068,68,"Greedy (Pure Exploitation)","Ad_B","Tablet","Morning",0,0.08,6,0.04,2.69
2069,69,"Greedy (Pure Exploitation)","Ad_B","Tablet","Morning",0,0.08,6,0.04,2.73
2070,70,"Greedy (Pure Exploitation)","Ad_B","Desktop","Evening",0,0.08,6,0.04,2.77
2071,71,"Greedy (Pure Exploitation)","Ad_B","Desktop","Evening",0,0.08,6,0.04,2.81
2072,72,"Greedy (Pure Exploitation)","Ad_B","Mobile","Afternoon",0,0.08,6,0.04,2.85
2073,73,"Greedy (Pure Exploitation)","Ad_B","Mobile","Morning",0,0.08,6,0.04,2.89
2074,74,"Greedy (Pure Exploitation)","Ad_B","Desktop","Morning",0,0.08,6,0.04,2.93
2075,75,"Greedy (Pure Exploitation)","Ad_B","Mobile","Evening",0,0.08,6,0.04,2.97
2076,76,"Greedy (Pure Exploitation)","Ad_B","Desktop","Evening",1,0.08,7,0.04,3.01
2077,77,"Greedy (Pure Exploitation)","Ad_B","Desktop","Afternoon",0,0.08,7,0.04,3.05
2078,78,"Greedy (Pure Exploitation)","Ad_B","Tablet","Evening",0,0.08,7,0.04,3.09
2079,79,"Greedy (Pure Exploitation)","Ad_B","Mobile","Morning",1,0.08,8,0.04,3.13
2080,80,"Greedy (Pure Exploitation)","Ad_B","Desktop","Morning",0,0.08,8,0.04,3.17
2081,81,"Greedy (Pure Exploitation)","Ad_B","Mobile","Morning",0,0.08,8,0.04,3.21
2082,82,"Greedy (Pure Exploitation)","Ad_B","Tablet","Afternoon",0,0.08,8,0.04,3.25
2083,83,"Greedy (Pure Exploitation)","Ad_B","Mobile","Evening",0,0.08,8,0.04,3.29
2084,84,"Greedy (Pure Exploitation)","Ad_B","Tablet","Afternoon",0,0.08,8,0.04,3.33
2085,85,"Greedy (Pure Exploitation)","Ad_B","Mobile","Afternoon",0,0.08,8,0.04,3.37
2086,86,"Greedy (Pure Exploitation)","Ad_B","Desktop","Afternoon",0,0.08,8,0.04,3.41
2087,87,"Greedy (Pure Exploitation)","Ad_B","Desktop","Morning",0,0.08,8,0.04,3.45
2088,88,"Greedy (Pure Exploitation)","Ad_B","Mobile","Morning",0,0.08,8,0.04,3.49
2089,89,"Greedy (Pure Exploitation)","Ad_B","Mobile","Evening",0,0.08,8,0.04,3.53
2090,90,"Greedy (Pure Exploitation)","Ad_B","Tablet","Evening",0,0.08,8,0.04,3.57
2091,91,"Greedy (Pure Exploitation)","Ad_B","Desktop","Morning",0,0.08,8,0.04,3.61
2092,92,"Greedy (Pure Exploitation)","Ad_B","Tablet","Evening",0,0.08,8,0.04,3.65
2093,93,"Greedy (Pure Exploitation)","Ad_B","Tablet","Afternoon",0,0.08,8,0.04,3.69
2094,94,"Greedy (Pure Exploitation)","Ad_B","Desktop","Morning",0,0.08,8,0.04,3.73
2095,95,"Greedy (Pure Exploitation)","Ad_B","Tablet","Afternoon",0,0.08,8,0.04,3.77
2096,96,"Greedy (Pure Exploitation)","Ad_B","Desktop","Morning",0,0.08,8,0.04,3.81
2097,97,"Greedy (Pure Exploitation)","Ad_B","Mobile","Afternoon",0,0.08,8,0.04,3.85
2098,98,"Greedy (Pure Exploitation)","Ad_B","Tablet","Evening",1,0.08,9,0.04,3.89
2099,99,"Greedy (Pure Exploitation)","Ad_B","Tablet","Evening",0,0.08,9,0.04,3.93
2100,100,"Greedy (Pure Exploitation)","Ad_B","Mobile","Afternoon",0,0.08,9,0.04,3.97
2101,101,"Greedy (Pure Exploitation)","Ad_B","Desktop","Evening",0,0.08,9,0.04,4.01
2102,102,"Greedy (Pure Exploitation)","Ad_B","Desktop","Afternoon",0,0.08,9,0.04,4.05
2103,103,"Greedy (Pure Exploitation)","Ad_B","Mobile","Afternoon",0,0.08,9,0.04,4.09
2104,104,"Greedy (Pure Exploitation)","Ad_B","Mobile","Afternoon",0,0.08,9,0.04,4.13
2105,105,"Greedy (Pure Exploitation)","Ad_B","Tablet","Evening",0,0.08,9,0.04,4.17
2106,106,"Greedy (Pure Exploitation)","Ad_B","Mobile","Evening",0,0.08,9,0.04,4.21
2107,107,"Greedy (Pure Exploitation)","Ad_B","Mobile","Afternoon",0,0.08,9,0.04,4.25
2108,108,"Greedy (Pure Exploitation)","Ad_B","Tablet","Evening",0,0.08,9,0.04,4.29
2109,109,"Greedy (Pure Exploitation)","Ad_B","Desktop","Afternoon",1,0.08,10,0.04,4.33
2110,110,"Greedy (Pure Exploitation)","Ad_B","Desktop","Evening",0,0.08,10,0.04,4.37
2111,111,"Greedy (Pure Exploitation)","Ad_B","Mobile","Morning",0,0.08,10,0.04,4.41
2112,112,"Greedy (Pure Exploitation)","Ad_B","Tablet","Afternoon",0,0.08,10,0.04,4.45
2113,113,"Greedy (Pure Exploitation)","Ad_B","Mobile","Morning",0,0.08,10,0.04,4.49
2114,114,"Greedy (Pure Exploitation)","Ad_B","Desktop","Evening",0,0.08,10,0.04,4.53
2115,115,"Greedy (Pure Exploitation)","Ad_B","Tablet","Afternoon",0,0.08,10,0.04,4.57
2116,116,"Greedy (Pure Exploitation)","Ad_B","Desktop","Morning",0,0.08,10,0.04,4.61
2117,117,"Greedy (Pure Exploitation)","Ad_B","Mobile","Morning",0,0.08,10,0.04,4.65
2118,118,"Greedy (Pure Exploitation)","Ad_B","Desktop","Afternoon",0,0.08,10,0.04,4.69
2119,119,"Greedy (Pure Exploitation)","Ad_B","Tablet","Afternoon",0,0.08,10,0.04,4.73
2120,120,"Greedy (Pure Exploitation)","Ad_B","Mobile","Morning",0,0.08,10,0.04,4.77
2121,121,"Greedy (Pure Exploitation)","Ad_B","Mobile","Afternoon",0,0.08,10,0.04,4.81
2122,122,"Greedy (Pure Exploitation)","Ad_B","Desktop","Evening",0,0.08,10,0.04,4.85
2123,123,"Greedy (Pure Exploitation)","Ad_B","Desktop","Afternoon",0,0.08,10,0.04,4.89
2124,124,"Greedy (Pure Exploitation)","Ad_B","Mobile","Evening",0,0.08,10,0.04,4.93
2125,125,"Greedy (Pure Exploitation)","Ad_B","Mobile","Afternoon",0,0.08,10,0.04,4.97
2126,126,"Greedy (Pure Exploitation)","Ad_B","Tablet","Afternoon",0,0.08,10,0.04,5.01
2127,127,"Greedy (Pure Exploitation)","Ad_B","Tablet","Morning",0,0.08,10,0.04,5.05
2128,128,"Greedy (Pure Exploitation)","Ad_B","Tablet","Evening",1,0.08,11,0.04,5.09
2129,129,"Greedy (Pure Exploitation)","Ad_B","Mobile","Evening",0,0.08,11,0.04,5.13
2130,130,"Greedy (Pure Exploitation)","Ad_B","Mobile","Morning",0,0.08,11,0.04,5.17
2131,131,"Greedy (Pure Exploitation)","Ad_B","Tablet","Morning",0,0.08,11,0.04,5.21
2132,132,"Greedy (Pure Exploitation)","Ad_B","Desktop","Evening",0,0.08,11,0.04,5.25
2133,133,"Greedy (Pure Exploitation)","Ad_B","Desktop","Evening",1,0.08,12,0.04,5.29
2134,134,"Greedy (Pure Exploitation)","Ad_B","Mobile","Morning",1,0.08,13,0.04,5.33
2135,135,"Greedy (Pure Exploitation)","Ad_B","Tablet","Evening",0,0.08,13,0.04,5.37
2136,136,"Greedy (Pure Exploitation)","Ad_B","Tablet","Evening",0,0.08,13,0.04,5.41
2137,137,"Greedy (Pure Exploitation)","Ad_B","Mobile","Evening",0,0.08,13,0.04,5.45
2138,138,"Greedy (Pure Exploitation)","Ad_B","Mobile","Evening",0,0.08,13,0.04,5.49
2139,139,"Greedy (Pure Exploitation)","Ad_B","Desktop","Evening",0,0.08,13,0.04,5.53
2140,140,"Greedy (Pure Exploitation)","Ad_B","Mobile","Evening",0,0.08,13,0.04,5.57
2141,141,"Greedy (Pure Exploitation)","Ad_B","Mobile","Evening",0,0.08,13,0.04,5.61
2142,142,"Greedy (Pure Exploitation)","Ad_B","Tablet","Morning",0,0.08,13,0.04,5.65
2143,143,"Greedy (Pure Exploitation)","Ad_B","Tablet","Evening",0,0.08,13,0.04,5.69
2144,144,"Greedy (Pure Exploitation)","Ad_B","Desktop","Evening",1,0.08,14,0.04,5.73
2145,145,"Greedy (Pure Exploitation)","Ad_B","Tablet","Evening",0,0.08,14,0.04,5.77
2146,146,"Greedy (Pure Exploitation)","Ad_B","Desktop","Evening",0,0.08,14,0.04,5.81
2147,147,"Greedy (Pure Exploitation)","Ad_B","Tablet","Morning",0,0.08,14,0.04,5.85
2148,148,"Greedy (Pure Exploitation)","Ad_B","Tablet","Evening",0,0.08,14,0.04,5.89
2149,149,"Greedy (Pure Exploitation)","Ad_B","Mobile","Evening",0,0.08,14,0.04,5.93
2150,150,"Greedy (Pure Exploitation)","Ad_B","Mobile","Evening",0,0.08,14,0.04,5.97
2151,151,"Greedy (Pure Exploitation)","Ad_B","Tablet","Evening",0,0.08,14,0.04,6.01
2152,152,"Greedy (Pure Exploitation)","Ad_B","Tablet","Morning",0,0.08,14,0.04,6.05
2153,153,"Greedy (Pure Exploitation)","Ad_B","Desktop","Afternoon",0,0.08,14,0.04,6.09
2154,154,"Greedy (Pure Exploitation)","Ad_B","Desktop","Morning",0,0.08,14,0.04,6.13
2155,155,"Greedy (Pure Exploitation)","Ad_B","Mobile","Afternoon",1,0.08,15,0.04,6.17
2156,156,"Greedy (Pure Exploitation)","Ad_B","Tablet","Evening",0,0.08,15,0.04,6.21
2157,157,"Greedy (Pure Exploitation)","Ad_B","Desktop","Morning",0,0.08,15,0.04,6.25
2158,158,"Greedy (Pure Exploitation)","Ad_B","Tablet","Morning",0,0.08,15,0.04,6.29
2159,159,"Greedy (Pure Exploitation)","Ad_B","Mobile","Afternoon",0,0.08,15,0.04,6.33
2160,160,"Greedy (Pure Exploitation)","Ad_B","Mobile","Evening",0,0.08,15,0.04,6.37
2161,161,"Greedy (Pure Exploitation)","Ad_B","Mobile","Morning",0,0.08,15,0.04,6.41
2162,162,"Greedy (Pure Exploitation)","Ad_B","Tablet","Morning",0,0.08,15,0.04,6.45
2163,163,"Greedy (Pure Exploitation)","Ad_B","Tablet","Afternoon",0,0.08,15,0.04,6.49
2164,164,"Greedy (Pure Exploitation)","Ad_B","Mobile","Afternoon",0,0.08,15,0.04,6.53
2165,165,"Greedy (Pure Exploitation)","Ad_B","Tablet","Evening",0,0.08,15,0.04,6.57
2166,166,"Greedy (Pure Exploitation)","Ad_B","Desktop","Morning",0,0.08,15,0.04,6.61
2167,167,"Greedy (Pure Exploitation)","Ad_B","Tablet","Morning",0,0.08,15,0.04,6.65
2168,168,"Greedy (Pure Exploitation)","Ad_B","Desktop","Morning",0,0.08,15,0.04,6.69
2169,169,"Greedy (Pure Exploitation)","Ad_B","Desktop","Evening",0,0.08,15,0.04,6.73
2170,170,"Greedy (Pure Exploitation)","Ad_B","Desktop","Evening",0,0.08,15,0.04,6.77
2171,171,"Greedy (Pure Exploitation)","Ad_B","Desktop","Evening",0,0.08,15,0.04,6.81
2172,172,"Greedy (Pure Exploitation)","Ad_B","Desktop","Afternoon",0,0.08,15,0.04,6.85
2173,173,"Greedy (Pure Exploitation)","Ad_B","Mobile","Morning",0,0.08,15,0.04,6.89000000000001
2174,174,"Greedy (Pure Exploitation)","Ad_B","Desktop","Evening",0,0.08,15,0.04,6.93000000000001
2175,175,"Greedy (Pure Exploitation)","Ad_B","Mobile","Evening",0,0.08,15,0.04,6.97000000000001
2176,176,"Greedy (Pure Exploitation)","Ad_B","Tablet","Evening",0,0.08,15,0.04,7.01000000000001
2177,177,"Greedy (Pure Exploitation)","Ad_B","Tablet","Evening",0,0.08,15,0.04,7.05000000000001
2178,178,"Greedy (Pure Exploitation)","Ad_B","Desktop","Evening",0,0.08,15,0.04,7.09000000000001
2179,179,"Greedy (Pure Exploitation)","Ad_B","Tablet","Morning",0,0.08,15,0.04,7.13000000000001
2180,180,"Greedy (Pure Exploitation)","Ad_B","Desktop","Afternoon",0,0.08,15,0.04,7.17000000000001
2181,181,"Greedy (Pure Exploitation)","Ad_B","Tablet","Morning",0,0.08,15,0.04,7.21000000000001
2182,182,"Greedy (Pure Exploitation)","Ad_B","Desktop","Morning",0,0.08,15,0.04,7.25000000000001
2183,183,"Greedy (Pure Exploitation)","Ad_B","Mobile","Afternoon",0,0.08,15,0.04,7.29000000000001
2184,184,"Greedy (Pure Exploitation)","Ad_B","Mobile","Evening",0,0.08,15,0.04,7.33000000000001
2185,185,"Greedy (Pure Exploitation)","Ad_B","Desktop","Afternoon",0,0.08,15,0.04,7.37000000000001
2186,186,"Greedy (Pure Exploitation)","Ad_B","Mobile","Morning",1,0.08,16,0.04,7.41000000000001
2187,187,"Greedy (Pure Exploitation)","Ad_B","Desktop","Afternoon",0,0.08,16,0.04,7.45000000000001
2188,188,"Greedy (Pure Exploitation)","Ad_B","Mobile","Afternoon",0,0.08,16,0.04,7.49000000000001
2189,189,"Greedy (Pure Exploitation)","Ad_B","Tablet","Afternoon",0,0.08,16,0.04,7.53000000000001
2190,190,"Greedy (Pure Exploitation)","Ad_B","Mobile","Evening",1,0.08,17,0.04,7.57000000000001
2191,191,"Greedy (Pure Exploitation)","Ad_B","Tablet","Morning",0,0.08,17,0.04,7.61000000000001
2192,192,"Greedy (Pure Exploitation)","Ad_B","Desktop","Morning",0,0.08,17,0.04,7.65000000000001
2193,193,"Greedy (Pure Exploitation)","Ad_B","Mobile","Morning",0,0.08,17,0.04,7.69000000000001
2194,194,"Greedy (Pure Exploitation)","Ad_B","Tablet","Morning",0,0.08,17,0.04,7.73000000000001
2195,195,"Greedy (Pure Exploitation)","Ad_B","Mobile","Morning",0,0.08,17,0.04,7.77000000000001
2196,196,"Greedy (Pure Exploitation)","Ad_B","Tablet","Morning",0,0.08,17,0.04,7.81000000000001
2197,197,"Greedy (Pure Exploitation)","Ad_B","Mobile","Morning",0,0.08,17,0.04,7.85000000000001
2198,198,"Greedy (Pure Exploitation)","Ad_B","Mobile","Evening",0,0.08,17,0.04,7.89000000000001
2199,199,"Greedy (Pure Exploitation)","Ad_B","Tablet","Morning",0,0.08,17,0.04,7.93000000000001
2200,200,"Greedy (Pure Exploitation)","Ad_B","Tablet","Morning",0,0.08,17,0.04,7.97000000000001
2201,201,"Greedy (Pure Exploitation)","Ad_B","Mobile","Evening",0,0.08,17,0.04,8.01000000000001
2202,202,"Greedy (Pure Exploitation)","Ad_B","Tablet","Morning",0,0.08,17,0.04,8.05
2203,203,"Greedy (Pure Exploitation)","Ad_B","Tablet","Afternoon",0,0.08,17,0.04,8.09
2204,204,"Greedy (Pure Exploitation)","Ad_B","Mobile","Morning",0,0.08,17,0.04,8.13
2205,205,"Greedy (Pure Exploitation)","Ad_B","Mobile","Afternoon",0,0.08,17,0.04,8.17
2206,206,"Greedy (Pure Exploitation)","Ad_B","Desktop","Evening",0,0.08,17,0.04,8.21
2207,207,"Greedy (Pure Exploitation)","Ad_B","Desktop","Evening",0,0.08,17,0.04,8.25
2208,208,"Greedy (Pure Exploitation)","Ad_B","Desktop","Morning",0,0.08,17,0.04,8.29
2209,209,"Greedy (Pure Exploitation)","Ad_B","Tablet","Afternoon",0,0.08,17,0.04,8.33
2210,210,"Greedy (Pure Exploitation)","Ad_B","Mobile","Evening",0,0.08,17,0.04,8.37
2211,211,"Greedy (Pure Exploitation)","Ad_B","Desktop","Afternoon",0,0.08,17,0.04,8.41
2212,212,"Greedy (Pure Exploitation)","Ad_B","Mobile","Afternoon",0,0.08,17,0.04,8.45
2213,213,"Greedy (Pure Exploitation)","Ad_B","Desktop","Morning",0,0.08,17,0.04,8.48999999999999
2214,214,"Greedy (Pure Exploitation)","Ad_B","Tablet","Morning",0,0.08,17,0.04,8.52999999999999
2215,215,"Greedy (Pure Exploitation)","Ad_B","Desktop","Afternoon",0,0.08,17,0.04,8.56999999999999
2216,216,"Greedy (Pure Exploitation)","Ad_B","Desktop","Evening",0,0.08,17,0.04,8.60999999999999
2217,217,"Greedy (Pure Exploitation)","Ad_B","Tablet","Evening",0,0.08,17,0.04,8.64999999999999
2218,218,"Greedy (Pure Exploitation)","Ad_B","Desktop","Afternoon",0,0.08,17,0.04,8.68999999999999
2219,219,"Greedy (Pure Exploitation)","Ad_B","Tablet","Morning",0,0.08,17,0.04,8.72999999999999
2220,220,"Greedy (Pure Exploitation)","Ad_B","Desktop","Evening",0,0.08,17,0.04,8.76999999999999
2221,221,"Greedy (Pure Exploitation)","Ad_B","Tablet","Afternoon",0,0.08,17,0.04,8.80999999999999
2222,222,"Greedy (Pure Exploitation)","Ad_B","Tablet","Evening",0,0.08,17,0.04,8.84999999999999
2223,223,"Greedy (Pure Exploitation)","Ad_B","Tablet","Morning",0,0.08,17,0.04,8.88999999999999
2224,224,"Greedy (Pure Exploitation)","Ad_B","Mobile","Afternoon",0,0.08,17,0.04,8.92999999999999
2225,225,"Greedy (Pure Exploitation)","Ad_B","Tablet","Evening",0,0.08,17,0.04,8.96999999999998
2226,226,"Greedy (Pure Exploitation)","Ad_B","Tablet","Afternoon",0,0.08,17,0.04,9.00999999999998
2227,227,"Greedy (Pure Exploitation)","Ad_B","Tablet","Evening",0,0.08,17,0.04,9.04999999999998
2228,228,"Greedy (Pure Exploitation)","Ad_B","Mobile","Afternoon",0,0.08,17,0.04,9.08999999999998
2229,229,"Greedy (Pure Exploitation)","Ad_B","Tablet","Afternoon",0,0.08,17,0.04,9.12999999999998
2230,230,"Greedy (Pure Exploitation)","Ad_B","Desktop","Evening",0,0.08,17,0.04,9.16999999999998
2231,231,"Greedy (Pure Exploitation)","Ad_B","Desktop","Evening",0,0.08,17,0.04,9.20999999999998
2232,232,"Greedy (Pure Exploitation)","Ad_B","Tablet","Evening",0,0.08,17,0.04,9.24999999999998
2233,233,"Greedy (Pure Exploitation)","Ad_B","Mobile","Morning",0,0.08,17,0.04,9.28999999999998
2234,234,"Greedy (Pure Exploitation)","Ad_B","Tablet","Morning",0,0.08,17,0.04,9.32999999999998
2235,235,"Greedy (Pure Exploitation)","Ad_B","Mobile","Morning",0,0.08,17,0.04,9.36999999999998
2236,236,"Greedy (Pure Exploitation)","Ad_B","Mobile","Morning",0,0.08,17,0.04,9.40999999999998
2237,237,"Greedy (Pure Exploitation)","Ad_B","Desktop","Evening",0,0.08,17,0.04,9.44999999999997
2238,238,"Greedy (Pure Exploitation)","Ad_B","Desktop","Morning",1,0.08,18,0.04,9.48999999999997
2239,239,"Greedy (Pure Exploitation)","Ad_B","Tablet","Morning",0,0.08,18,0.04,9.52999999999997
2240,240,"Greedy (Pure Exploitation)","Ad_B","Tablet","Morning",0,0.08,18,0.04,9.56999999999997
2241,241,"Greedy (Pure Exploitation)","Ad_B","Mobile","Evening",0,0.08,18,0.04,9.60999999999997
2242,242,"Greedy (Pure Exploitation)","Ad_B","Mobile","Morning",0,0.08,18,0.04,9.64999999999997
2243,243,"Greedy (Pure Exploitation)","Ad_B","Tablet","Evening",0,0.08,18,0.04,9.68999999999997
2244,244,"Greedy (Pure Exploitation)","Ad_B","Desktop","Evening",0,0.08,18,0.04,9.72999999999997
2245,245,"Greedy (Pure Exploitation)","Ad_B","Mobile","Morning",0,0.08,18,0.04,9.76999999999997
2246,246,"Greedy (Pure Exploitation)","Ad_B","Tablet","Afternoon",0,0.08,18,0.04,9.80999999999997
2247,247,"Greedy (Pure Exploitation)","Ad_B","Mobile","Morning",0,0.08,18,0.04,9.84999999999997
2248,248,"Greedy (Pure Exploitation)","Ad_B","Desktop","Morning",0,0.08,18,0.04,9.88999999999997
2249,249,"Greedy (Pure Exploitation)","Ad_B","Desktop","Evening",0,0.08,18,0.04,9.92999999999996
2250,250,"Greedy (Pure Exploitation)","Ad_B","Tablet","Evening",0,0.08,18,0.04,9.96999999999996
2251,251,"Greedy (Pure Exploitation)","Ad_B","Desktop","Afternoon",0,0.08,18,0.04,10.01
2252,252,"Greedy (Pure Exploitation)","Ad_B","Mobile","Morning",0,0.08,18,0.04,10.05
2253,253,"Greedy (Pure Exploitation)","Ad_B","Desktop","Afternoon",0,0.08,18,0.04,10.09
2254,254,"Greedy (Pure Exploitation)","Ad_B","Desktop","Morning",0,0.08,18,0.04,10.13
2255,255,"Greedy (Pure Exploitation)","Ad_B","Mobile","Morning",0,0.08,18,0.04,10.17
2256,256,"Greedy (Pure Exploitation)","Ad_B","Desktop","Morning",0,0.08,18,0.04,10.21
2257,257,"Greedy (Pure Exploitation)","Ad_B","Desktop","Afternoon",0,0.08,18,0.04,10.25
2258,258,"Greedy (Pure Exploitation)","Ad_B","Mobile","Evening",0,0.08,18,0.04,10.29
2259,259,"Greedy (Pure Exploitation)","Ad_B","Desktop","Evening",0,0.08,18,0.04,10.33
2260,260,"Greedy (Pure Exploitation)","Ad_B","Tablet","Afternoon",0,0.08,18,0.04,10.37
2261,261,"Greedy (Pure Exploitation)","Ad_B","Tablet","Afternoon",0,0.08,18,0.04,10.41
2262,262,"Greedy (Pure Exploitation)","Ad_B","Tablet","Afternoon",0,0.08,18,0.04,10.45
2263,263,"Greedy (Pure Exploitation)","Ad_B","Mobile","Morning",0,0.08,18,0.04,10.49
2264,264,"Greedy (Pure Exploitation)","Ad_B","Tablet","Morning",0,0.08,18,0.04,10.53
2265,265,"Greedy (Pure Exploitation)","Ad_B","Mobile","Afternoon",0,0.08,18,0.04,10.57
2266,266,"Greedy (Pure Exploitation)","Ad_B","Desktop","Morning",0,0.08,18,0.04,10.6099999999999
2267,267,"Greedy (Pure Exploitation)","Ad_B","Desktop","Evening",0,0.08,18,0.04,10.6499999999999
2268,268,"Greedy (Pure Exploitation)","Ad_B","Desktop","Morning",1,0.08,19,0.04,10.6899999999999
2269,269,"Greedy (Pure Exploitation)","Ad_B","Mobile","Afternoon",0,0.08,19,0.04,10.7299999999999
2270,270,"Greedy (Pure Exploitation)","Ad_B","Desktop","Evening",0,0.08,19,0.04,10.7699999999999
2271,271,"Greedy (Pure Exploitation)","Ad_B","Tablet","Morning",0,0.08,19,0.04,10.8099999999999
2272,272,"Greedy (Pure Exploitation)","Ad_B","Mobile","Morning",0,0.08,19,0.04,10.8499999999999
2273,273,"Greedy (Pure Exploitation)","Ad_B","Tablet","Afternoon",0,0.08,19,0.04,10.8899999999999
2274,274,"Greedy (Pure Exploitation)","Ad_B","Mobile","Afternoon",0,0.08,19,0.04,10.9299999999999
2275,275,"Greedy (Pure Exploitation)","Ad_B","Desktop","Afternoon",0,0.08,19,0.04,10.9699999999999
2276,276,"Greedy (Pure Exploitation)","Ad_B","Mobile","Evening",0,0.08,19,0.04,11.0099999999999
2277,277,"Greedy (Pure Exploitation)","Ad_B","Tablet","Evening",1,0.08,20,0.04,11.0499999999999
2278,278,"Greedy (Pure Exploitation)","Ad_B","Tablet","Evening",0,0.08,20,0.04,11.0899999999999
2279,279,"Greedy (Pure Exploitation)","Ad_B","Desktop","Morning",1,0.08,21,0.04,11.1299999999999
2280,280,"Greedy (Pure Exploitation)","Ad_B","Desktop","Afternoon",0,0.08,21,0.04,11.1699999999999
2281,281,"Greedy (Pure Exploitation)","Ad_B","Desktop","Morning",0,0.08,21,0.04,11.2099999999999
2282,282,"Greedy (Pure Exploitation)","Ad_B","Tablet","Evening",0,0.08,21,0.04,11.2499999999999
2283,283,"Greedy (Pure Exploitation)","Ad_B","Tablet","Evening",0,0.08,21,0.04,11.2899999999999
2284,284,"Greedy (Pure Exploitation)","Ad_B","Tablet","Morning",0,0.08,21,0.04,11.3299999999999
2285,285,"Greedy (Pure Exploitation)","Ad_B","Mobile","Afternoon",0,0.08,21,0.04,11.3699999999999
2286,286,"Greedy (Pure Exploitation)","Ad_B","Tablet","Afternoon",1,0.08,22,0.04,11.4099999999999
2287,287,"Greedy (Pure Exploitation)","Ad_B","Mobile","Morning",0,0.08,22,0.04,11.4499999999999
2288,288,"Greedy (Pure Exploitation)","Ad_B","Desktop","Morning",0,0.08,22,0.04,11.4899999999999
2289,289,"Greedy (Pure Exploitation)","Ad_B","Tablet","Evening",1,0.08,23,0.04,11.5299999999999
2290,290,"Greedy (Pure Exploitation)","Ad_B","Tablet","Morning",0,0.08,23,0.04,11.5699999999999
2291,291,"Greedy (Pure Exploitation)","Ad_B","Mobile","Afternoon",0,0.08,23,0.04,11.6099999999999
2292,292,"Greedy (Pure Exploitation)","Ad_B","Tablet","Afternoon",0,0.08,23,0.04,11.6499999999999
2293,293,"Greedy (Pure Exploitation)","Ad_B","Tablet","Morning",0,0.08,23,0.04,11.6899999999999
2294,294,"Greedy (Pure Exploitation)","Ad_B","Desktop","Afternoon",0,0.08,23,0.04,11.7299999999999
2295,295,"Greedy (Pure Exploitation)","Ad_B","Desktop","Evening",0,0.08,23,0.04,11.7699999999999
2296,296,"Greedy (Pure Exploitation)","Ad_B","Desktop","Afternoon",0,0.08,23,0.04,11.8099999999999
2297,297,"Greedy (Pure Exploitation)","Ad_B","Mobile","Afternoon",1,0.08,24,0.04,11.8499999999999
2298,298,"Greedy (Pure Exploitation)","Ad_B","Tablet","Afternoon",0,0.08,24,0.04,11.8899999999999
2299,299,"Greedy (Pure Exploitation)","Ad_B","Tablet","Morning",0,0.08,24,0.04,11.9299999999999
2300,300,"Greedy (Pure Exploitation)","Ad_B","Tablet","Evening",0,0.08,24,0.04,11.9699999999999
2301,301,"Greedy (Pure Exploitation)","Ad_B","Tablet","Afternoon",1,0.08,25,0.04,12.0099999999999
2302,302,"Greedy (Pure Exploitation)","Ad_B","Desktop","Evening",0,0.08,25,0.04,12.0499999999999
2303,303,"Greedy (Pure Exploitation)","Ad_B","Mobile","Evening",0,0.08,25,0.04,12.0899999999999
2304,304,"Greedy (Pure Exploitation)","Ad_B","Tablet","Afternoon",0,0.08,25,0.04,12.1299999999999
2305,305,"Greedy (Pure Exploitation)","Ad_B","Desktop","Evening",0,0.08,25,0.04,12.1699999999999
2306,306,"Greedy (Pure Exploitation)","Ad_B","Mobile","Evening",0,0.08,25,0.04,12.2099999999999
2307,307,"Greedy (Pure Exploitation)","Ad_B","Desktop","Afternoon",0,0.08,25,0.04,12.2499999999999
2308,308,"Greedy (Pure Exploitation)","Ad_B","Tablet","Evening",0,0.08,25,0.04,12.2899999999999
2309,309,"Greedy (Pure Exploitation)","Ad_B","Tablet","Evening",0,0.08,25,0.04,12.3299999999999
2310,310,"Greedy (Pure Exploitation)","Ad_B","Desktop","Evening",0,0.08,25,0.04,12.3699999999999
2311,311,"Greedy (Pure Exploitation)","Ad_B","Desktop","Evening",0,0.08,25,0.04,12.4099999999999
2312,312,"Greedy (Pure Exploitation)","Ad_B","Mobile","Evening",0,0.08,25,0.04,12.4499999999999
2313,313,"Greedy (Pure Exploitation)","Ad_B","Tablet","Morning",0,0.08,25,0.04,12.4899999999999
2314,314,"Greedy (Pure Exploitation)","Ad_B","Mobile","Morning",1,0.08,26,0.04,12.5299999999999
2315,315,"Greedy (Pure Exploitation)","Ad_B","Tablet","Morning",0,0.08,26,0.04,12.5699999999999
2316,316,"Greedy (Pure Exploitation)","Ad_B","Mobile","Afternoon",0,0.08,26,0.04,12.6099999999999
2317,317,"Greedy (Pure Exploitation)","Ad_B","Desktop","Morning",0,0.08,26,0.04,12.6499999999999
2318,318,"Greedy (Pure Exploitation)","Ad_B","Mobile","Morning",0,0.08,26,0.04,12.6899999999999
2319,319,"Greedy (Pure Exploitation)","Ad_B","Desktop","Evening",1,0.08,27,0.04,12.7299999999999
2320,320,"Greedy (Pure Exploitation)","Ad_B","Desktop","Morning",0,0.08,27,0.04,12.7699999999999
2321,321,"Greedy (Pure Exploitation)","Ad_B","Desktop","Evening",0,0.08,27,0.04,12.8099999999999
2322,322,"Greedy (Pure Exploitation)","Ad_B","Tablet","Afternoon",0,0.08,27,0.04,12.8499999999999
2323,323,"Greedy (Pure Exploitation)","Ad_B","Desktop","Morning",0,0.08,27,0.04,12.8899999999999
2324,324,"Greedy (Pure Exploitation)","Ad_B","Tablet","Evening",1,0.08,28,0.04,12.9299999999999
2325,325,"Greedy (Pure Exploitation)","Ad_B","Desktop","Evening",0,0.08,28,0.04,12.9699999999999
2326,326,"Greedy (Pure Exploitation)","Ad_B","Mobile","Morning",0,0.08,28,0.04,13.0099999999999
2327,327,"Greedy (Pure Exploitation)","Ad_B","Desktop","Morning",0,0.08,28,0.04,13.0499999999999
2328,328,"Greedy (Pure Exploitation)","Ad_B","Desktop","Morning",0,0.08,28,0.04,13.0899999999999
2329,329,"Greedy (Pure Exploitation)","Ad_B","Mobile","Morning",0,0.08,28,0.04,13.1299999999999
2330,330,"Greedy (Pure Exploitation)","Ad_B","Tablet","Morning",1,0.08,29,0.04,13.1699999999999
2331,331,"Greedy (Pure Exploitation)","Ad_B","Tablet","Morning",0,0.08,29,0.04,13.2099999999999
2332,332,"Greedy (Pure Exploitation)","Ad_B","Tablet","Morning",0,0.08,29,0.04,13.2499999999999
2333,333,"Greedy (Pure Exploitation)","Ad_B","Mobile","Morning",0,0.08,29,0.04,13.2899999999999
2334,334,"Greedy (Pure Exploitation)","Ad_B","Tablet","Evening",0,0.08,29,0.04,13.3299999999999
2335,335,"Greedy (Pure Exploitation)","Ad_B","Tablet","Morning",0,0.08,29,0.04,13.3699999999999
2336,336,"Greedy (Pure Exploitation)","Ad_B","Tablet","Morning",0,0.08,29,0.04,13.4099999999999
2337,337,"Greedy (Pure Exploitation)","Ad_B","Mobile","Morning",0,0.08,29,0.04,13.4499999999999
2338,338,"Greedy (Pure Exploitation)","Ad_B","Mobile","Afternoon",0,0.08,29,0.04,13.4899999999999
2339,339,"Greedy (Pure Exploitation)","Ad_B","Mobile","Evening",1,0.08,30,0.04,13.5299999999999
2340,340,"Greedy (Pure Exploitation)","Ad_B","Desktop","Evening",0,0.08,30,0.04,13.5699999999999
2341,341,"Greedy (Pure Exploitation)","Ad_B","Tablet","Morning",0,0.08,30,0.04,13.6099999999999
2342,342,"Greedy (Pure Exploitation)","Ad_B","Desktop","Afternoon",0,0.08,30,0.04,13.6499999999999
2343,343,"Greedy (Pure Exploitation)","Ad_B","Tablet","Afternoon",0,0.08,30,0.04,13.6899999999999
2344,344,"Greedy (Pure Exploitation)","Ad_B","Tablet","Morning",0,0.08,30,0.04,13.7299999999999
2345,345,"Greedy (Pure Exploitation)","Ad_B","Tablet","Morning",0,0.08,30,0.04,13.7699999999999
2346,346,"Greedy (Pure Exploitation)","Ad_B","Mobile","Evening",0,0.08,30,0.04,13.8099999999999
2347,347,"Greedy (Pure Exploitation)","Ad_B","Desktop","Morning",0,0.08,30,0.04,13.8499999999999
2348,348,"Greedy (Pure Exploitation)","Ad_B","Mobile","Evening",0,0.08,30,0.04,13.8899999999999
2349,349,"Greedy (Pure Exploitation)","Ad_B","Tablet","Evening",0,0.08,30,0.04,13.9299999999999
2350,350,"Greedy (Pure Exploitation)","Ad_B","Tablet","Afternoon",0,0.08,30,0.04,13.9699999999999
2351,351,"Greedy (Pure Exploitation)","Ad_B","Tablet","Evening",0,0.08,30,0.04,14.0099999999999
2352,352,"Greedy (Pure Exploitation)","Ad_B","Tablet","Morning",0,0.08,30,0.04,14.0499999999999
2353,353,"Greedy (Pure Exploitation)","Ad_B","Desktop","Evening",1,0.08,31,0.04,14.0899999999999
2354,354,"Greedy (Pure Exploitation)","Ad_B","Desktop","Evening",0,0.08,31,0.04,14.1299999999999
2355,355,"Greedy (Pure Exploitation)","Ad_B","Mobile","Morning",0,0.08,31,0.04,14.1699999999999
2356,356,"Greedy (Pure Exploitation)","Ad_B","Desktop","Morning",0,0.08,31,0.04,14.2099999999999
2357,357,"Greedy (Pure Exploitation)","Ad_B","Mobile","Morning",0,0.08,31,0.04,14.2499999999999
2358,358,"Greedy (Pure Exploitation)","Ad_B","Desktop","Morning",0,0.08,31,0.04,14.2899999999999
2359,359,"Greedy (Pure Exploitation)","Ad_B","Mobile","Afternoon",0,0.08,31,0.04,14.3299999999999
2360,360,"Greedy (Pure Exploitation)","Ad_B","Desktop","Morning",0,0.08,31,0.04,14.3699999999999
2361,361,"Greedy (Pure Exploitation)","Ad_B","Desktop","Morning",0,0.08,31,0.04,14.4099999999999
2362,362,"Greedy (Pure Exploitation)","Ad_B","Mobile","Afternoon",1,0.08,32,0.04,14.4499999999999
2363,363,"Greedy (Pure Exploitation)","Ad_B","Desktop","Morning",0,0.08,32,0.04,14.4899999999999
2364,364,"Greedy (Pure Exploitation)","Ad_B","Mobile","Evening",0,0.08,32,0.04,14.5299999999999
2365,365,"Greedy (Pure Exploitation)","Ad_B","Mobile","Morning",0,0.08,32,0.04,14.5699999999999
2366,366,"Greedy (Pure Exploitation)","Ad_B","Mobile","Morning",0,0.08,32,0.04,14.6099999999999
2367,367,"Greedy (Pure Exploitation)","Ad_B","Tablet","Evening",0,0.08,32,0.04,14.6499999999999
2368,368,"Greedy (Pure Exploitation)","Ad_B","Tablet","Evening",0,0.08,32,0.04,14.6899999999999
2369,369,"Greedy (Pure Exploitation)","Ad_B","Tablet","Morning",0,0.08,32,0.04,14.7299999999999
2370,370,"Greedy (Pure Exploitation)","Ad_B","Tablet","Afternoon",0,0.08,32,0.04,14.7699999999999
2371,371,"Greedy (Pure Exploitation)","Ad_B","Tablet","Morning",0,0.08,32,0.04,14.8099999999999
2372,372,"Greedy (Pure Exploitation)","Ad_B","Desktop","Afternoon",0,0.08,32,0.04,14.8499999999999
2373,373,"Greedy (Pure Exploitation)","Ad_B","Tablet","Morning",0,0.08,32,0.04,14.8899999999999
2374,374,"Greedy (Pure Exploitation)","Ad_B","Desktop","Morning",0,0.08,32,0.04,14.9299999999999
2375,375,"Greedy (Pure Exploitation)","Ad_B","Mobile","Evening",0,0.08,32,0.04,14.9699999999999
2376,376,"Greedy (Pure Exploitation)","Ad_B","Mobile","Afternoon",0,0.08,32,0.04,15.0099999999999
2377,377,"Greedy (Pure Exploitation)","Ad_B","Desktop","Afternoon",0,0.08,32,0.04,15.0499999999999
2378,378,"Greedy (Pure Exploitation)","Ad_B","Desktop","Afternoon",0,0.08,32,0.04,15.0899999999999
2379,379,"Greedy (Pure Exploitation)","Ad_B","Tablet","Morning",0,0.08,32,0.04,15.1299999999999
2380,380,"Greedy (Pure Exploitation)","Ad_B","Tablet","Morning",0,0.08,32,0.04,15.1699999999999
2381,381,"Greedy (Pure Exploitation)","Ad_B","Mobile","Morning",0,0.08,32,0.04,15.2099999999999
2382,382,"Greedy (Pure Exploitation)","Ad_B","Tablet","Evening",0,0.08,32,0.04,15.2499999999999
2383,383,"Greedy (Pure Exploitation)","Ad_B","Tablet","Evening",0,0.08,32,0.04,15.2899999999998
2384,384,"Greedy (Pure Exploitation)","Ad_B","Desktop","Morning",0,0.08,32,0.04,15.3299999999998
2385,385,"Greedy (Pure Exploitation)","Ad_B","Mobile","Afternoon",0,0.08,32,0.04,15.3699999999998
2386,386,"Greedy (Pure Exploitation)","Ad_B","Tablet","Evening",0,0.08,32,0.04,15.4099999999998
2387,387,"Greedy (Pure Exploitation)","Ad_B","Desktop","Afternoon",0,0.08,32,0.04,15.4499999999998
2388,388,"Greedy (Pure Exploitation)","Ad_B","Tablet","Evening",0,0.08,32,0.04,15.4899999999998
2389,389,"Greedy (Pure Exploitation)","Ad_B","Desktop","Afternoon",0,0.08,32,0.04,15.5299999999998
2390,390,"Greedy (Pure Exploitation)","Ad_B","Mobile","Afternoon",0,0.08,32,0.04,15.5699999999998
2391,391,"Greedy (Pure Exploitation)","Ad_B","Desktop","Morning",0,0.08,32,0.04,15.6099999999998
2392,392,"Greedy (Pure Exploitation)","Ad_B","Desktop","Evening",0,0.08,32,0.04,15.6499999999998
2393,393,"Greedy (Pure Exploitation)","Ad_B","Desktop","Evening",0,0.08,32,0.04,15.6899999999998
2394,394,"Greedy (Pure Exploitation)","Ad_B","Desktop","Evening",0,0.08,32,0.04,15.7299999999998
2395,395,"Greedy (Pure Exploitation)","Ad_B","Desktop","Morning",0,0.08,32,0.04,15.7699999999998
2396,396,"Greedy (Pure Exploitation)","Ad_B","Mobile","Morning",0,0.08,32,0.04,15.8099999999998
2397,397,"Greedy (Pure Exploitation)","Ad_B","Desktop","Evening",0,0.08,32,0.04,15.8499999999998
2398,398,"Greedy (Pure Exploitation)","Ad_B","Tablet","Evening",0,0.08,32,0.04,15.8899999999998
2399,399,"Greedy (Pure Exploitation)","Ad_B","Tablet","Afternoon",0,0.08,32,0.04,15.9299999999998
2400,400,"Greedy (Pure Exploitation)","Ad_B","Desktop","Evening",1,0.08,33,0.04,15.9699999999998
2401,401,"Greedy (Pure Exploitation)","Ad_B","Mobile","Evening",0,0.08,33,0.04,16.0099999999998
2402,402,"Greedy (Pure Exploitation)","Ad_B","Mobile","Morning",1,0.08,34,0.04,16.0499999999998
2403,403,"Greedy (Pure Exploitation)","Ad_B","Mobile","Afternoon",0,0.08,34,0.04,16.0899999999998
2404,404,"Greedy (Pure Exploitation)","Ad_B","Desktop","Afternoon",0,0.08,34,0.04,16.1299999999998
2405,405,"Greedy (Pure Exploitation)","Ad_B","Mobile","Afternoon",0,0.08,34,0.04,16.1699999999998
2406,406,"Greedy (Pure Exploitation)","Ad_B","Tablet","Evening",0,0.08,34,0.04,16.2099999999998
2407,407,"Greedy (Pure Exploitation)","Ad_B","Mobile","Morning",0,0.08,34,0.04,16.2499999999998
2408,408,"Greedy (Pure Exploitation)","Ad_B","Tablet","Morning",0,0.08,34,0.04,16.2899999999998
2409,409,"Greedy (Pure Exploitation)","Ad_B","Desktop","Afternoon",0,0.08,34,0.04,16.3299999999998
2410,410,"Greedy (Pure Exploitation)","Ad_B","Mobile","Evening",0,0.08,34,0.04,16.3699999999998
2411,411,"Greedy (Pure Exploitation)","Ad_B","Desktop","Afternoon",0,0.08,34,0.04,16.4099999999998
2412,412,"Greedy (Pure Exploitation)","Ad_B","Mobile","Evening",0,0.08,34,0.04,16.4499999999998
2413,413,"Greedy (Pure Exploitation)","Ad_B","Mobile","Evening",1,0.08,35,0.04,16.4899999999998
2414,414,"Greedy (Pure Exploitation)","Ad_B","Mobile","Morning",0,0.08,35,0.04,16.5299999999998
2415,415,"Greedy (Pure Exploitation)","Ad_B","Mobile","Evening",1,0.08,36,0.04,16.5699999999998
2416,416,"Greedy (Pure Exploitation)","Ad_B","Mobile","Afternoon",0,0.08,36,0.04,16.6099999999998
2417,417,"Greedy (Pure Exploitation)","Ad_B","Mobile","Morning",0,0.08,36,0.04,16.6499999999998
2418,418,"Greedy (Pure Exploitation)","Ad_B","Desktop","Morning",0,0.08,36,0.04,16.6899999999998
2419,419,"Greedy (Pure Exploitation)","Ad_B","Tablet","Evening",0,0.08,36,0.04,16.7299999999998
2420,420,"Greedy (Pure Exploitation)","Ad_B","Desktop","Morning",0,0.08,36,0.04,16.7699999999998
2421,421,"Greedy (Pure Exploitation)","Ad_B","Tablet","Afternoon",0,0.08,36,0.04,16.8099999999998
2422,422,"Greedy (Pure Exploitation)","Ad_B","Mobile","Morning",0,0.08,36,0.04,16.8499999999998
2423,423,"Greedy (Pure Exploitation)","Ad_B","Mobile","Afternoon",0,0.08,36,0.04,16.8899999999998
2424,424,"Greedy (Pure Exploitation)","Ad_B","Desktop","Morning",0,0.08,36,0.04,16.9299999999998
2425,425,"Greedy (Pure Exploitation)","Ad_B","Desktop","Evening",0,0.08,36,0.04,16.9699999999998
2426,426,"Greedy (Pure Exploitation)","Ad_B","Mobile","Evening",0,0.08,36,0.04,17.0099999999998
2427,427,"Greedy (Pure Exploitation)","Ad_B","Mobile","Afternoon",0,0.08,36,0.04,17.0499999999998
2428,428,"Greedy (Pure Exploitation)","Ad_B","Desktop","Morning",0,0.08,36,0.04,17.0899999999998
2429,429,"Greedy (Pure Exploitation)","Ad_B","Tablet","Afternoon",0,0.08,36,0.04,17.1299999999998
2430,430,"Greedy (Pure Exploitation)","Ad_B","Mobile","Evening",0,0.08,36,0.04,17.1699999999998
2431,431,"Greedy (Pure Exploitation)","Ad_B","Desktop","Afternoon",0,0.08,36,0.04,17.2099999999998
2432,432,"Greedy (Pure Exploitation)","Ad_B","Desktop","Morning",0,0.08,36,0.04,17.2499999999998
2433,433,"Greedy (Pure Exploitation)","Ad_B","Mobile","Afternoon",0,0.08,36,0.04,17.2899999999998
2434,434,"Greedy (Pure Exploitation)","Ad_B","Desktop","Evening",0,0.08,36,0.04,17.3299999999998
2435,435,"Greedy (Pure Exploitation)","Ad_B","Desktop","Evening",0,0.08,36,0.04,17.3699999999998
2436,436,"Greedy (Pure Exploitation)","Ad_B","Desktop","Morning",0,0.08,36,0.04,17.4099999999998
2437,437,"Greedy (Pure Exploitation)","Ad_B","Mobile","Evening",0,0.08,36,0.04,17.4499999999998
2438,438,"Greedy (Pure Exploitation)","Ad_B","Desktop","Evening",0,0.08,36,0.04,17.4899999999998
2439,439,"Greedy (Pure Exploitation)","Ad_B","Mobile","Afternoon",0,0.08,36,0.04,17.5299999999998
2440,440,"Greedy (Pure Exploitation)","Ad_B","Tablet","Evening",0,0.08,36,0.04,17.5699999999998
2441,441,"Greedy (Pure Exploitation)","Ad_B","Desktop","Evening",1,0.08,37,0.04,17.6099999999998
2442,442,"Greedy (Pure Exploitation)","Ad_B","Desktop","Evening",0,0.08,37,0.04,17.6499999999998
2443,443,"Greedy (Pure Exploitation)","Ad_B","Tablet","Afternoon",0,0.08,37,0.04,17.6899999999998
2444,444,"Greedy (Pure Exploitation)","Ad_B","Desktop","Evening",0,0.08,37,0.04,17.7299999999998
2445,445,"Greedy (Pure Exploitation)","Ad_B","Desktop","Morning",1,0.08,38,0.04,17.7699999999998
2446,446,"Greedy (Pure Exploitation)","Ad_B","Tablet","Evening",0,0.08,38,0.04,17.8099999999998
2447,447,"Greedy (Pure Exploitation)","Ad_B","Tablet","Evening",0,0.08,38,0.04,17.8499999999998
2448,448,"Greedy (Pure Exploitation)","Ad_B","Mobile","Evening",0,0.08,38,0.04,17.8899999999998
2449,449,"Greedy (Pure Exploitation)","Ad_B","Desktop","Afternoon",0,0.08,38,0.04,17.9299999999998
2450,450,"Greedy (Pure Exploitation)","Ad_B","Desktop","Afternoon",0,0.08,38,0.04,17.9699999999998
2451,451,"Greedy (Pure Exploitation)","Ad_B","Desktop","Afternoon",1,0.08,39,0.04,18.0099999999998
2452,452,"Greedy (Pure Exploitation)","Ad_B","Tablet","Evening",0,0.08,39,0.04,18.0499999999998
2453,453,"Greedy (Pure Exploitation)","Ad_B","Mobile","Morning",0,0.08,39,0.04,18.0899999999998
2454,454,"Greedy (Pure Exploitation)","Ad_B","Tablet","Evening",1,0.08,40,0.04,18.1299999999998
2455,455,"Greedy (Pure Exploitation)","Ad_B","Mobile","Morning",1,0.08,41,0.04,18.1699999999998
2456,456,"Greedy (Pure Exploitation)","Ad_B","Desktop","Afternoon",0,0.08,41,0.04,18.2099999999998
2457,457,"Greedy (Pure Exploitation)","Ad_B","Desktop","Afternoon",0,0.08,41,0.04,18.2499999999998
2458,458,"Greedy (Pure Exploitation)","Ad_B","Desktop","Afternoon",1,0.08,42,0.04,18.2899999999998
2459,459,"Greedy (Pure Exploitation)","Ad_B","Mobile","Evening",0,0.08,42,0.04,18.3299999999998
2460,460,"Greedy (Pure Exploitation)","Ad_B","Mobile","Morning",1,0.08,43,0.04,18.3699999999998
2461,461,"Greedy (Pure Exploitation)","Ad_B","Desktop","Evening",0,0.08,43,0.04,18.4099999999998
2462,462,"Greedy (Pure Exploitation)","Ad_B","Mobile","Afternoon",0,0.08,43,0.04,18.4499999999998
2463,463,"Greedy (Pure Exploitation)","Ad_B","Mobile","Afternoon",0,0.08,43,0.04,18.4899999999998
2464,464,"Greedy (Pure Exploitation)","Ad_B","Mobile","Evening",0,0.08,43,0.04,18.5299999999998
2465,465,"Greedy (Pure Exploitation)","Ad_B","Desktop","Morning",0,0.08,43,0.04,18.5699999999998
2466,466,"Greedy (Pure Exploitation)","Ad_B","Tablet","Morning",0,0.08,43,0.04,18.6099999999998
2467,467,"Greedy (Pure Exploitation)","Ad_B","Desktop","Evening",0,0.08,43,0.04,18.6499999999998
2468,468,"Greedy (Pure Exploitation)","Ad_B","Tablet","Evening",0,0.08,43,0.04,18.6899999999998
2469,469,"Greedy (Pure Exploitation)","Ad_B","Desktop","Evening",0,0.08,43,0.04,18.7299999999998
2470,470,"Greedy (Pure Exploitation)","Ad_B","Tablet","Evening",0,0.08,43,0.04,18.7699999999998
2471,471,"Greedy (Pure Exploitation)","Ad_B","Mobile","Morning",0,0.08,43,0.04,18.8099999999998
2472,472,"Greedy (Pure Exploitation)","Ad_B","Mobile","Evening",0,0.08,43,0.04,18.8499999999998
2473,473,"Greedy (Pure Exploitation)","Ad_B","Mobile","Afternoon",0,0.08,43,0.04,18.8899999999998
2474,474,"Greedy (Pure Exploitation)","Ad_B","Tablet","Morning",0,0.08,43,0.04,18.9299999999998
2475,475,"Greedy (Pure Exploitation)","Ad_B","Desktop","Morning",0,0.08,43,0.04,18.9699999999998
2476,476,"Greedy (Pure Exploitation)","Ad_B","Desktop","Morning",0,0.08,43,0.04,19.0099999999998
2477,477,"Greedy (Pure Exploitation)","Ad_B","Tablet","Afternoon",0,0.08,43,0.04,19.0499999999998
2478,478,"Greedy (Pure Exploitation)","Ad_B","Desktop","Afternoon",0,0.08,43,0.04,19.0899999999998
2479,479,"Greedy (Pure Exploitation)","Ad_B","Mobile","Afternoon",0,0.08,43,0.04,19.1299999999998
2480,480,"Greedy (Pure Exploitation)","Ad_B","Desktop","Morning",0,0.08,43,0.04,19.1699999999998
2481,481,"Greedy (Pure Exploitation)","Ad_B","Desktop","Evening",0,0.08,43,0.04,19.2099999999998
2482,482,"Greedy (Pure Exploitation)","Ad_B","Desktop","Afternoon",0,0.08,43,0.04,19.2499999999998
2483,483,"Greedy (Pure Exploitation)","Ad_B","Mobile","Afternoon",0,0.08,43,0.04,19.2899999999998
2484,484,"Greedy (Pure Exploitation)","Ad_B","Desktop","Evening",0,0.08,43,0.04,19.3299999999998
2485,485,"Greedy (Pure Exploitation)","Ad_B","Tablet","Evening",0,0.08,43,0.04,19.3699999999998
2486,486,"Greedy (Pure Exploitation)","Ad_B","Mobile","Morning",0,0.08,43,0.04,19.4099999999998
2487,487,"Greedy (Pure Exploitation)","Ad_B","Mobile","Evening",0,0.08,43,0.04,19.4499999999998
2488,488,"Greedy (Pure Exploitation)","Ad_B","Mobile","Evening",0,0.08,43,0.04,19.4899999999998
2489,489,"Greedy (Pure Exploitation)","Ad_B","Tablet","Afternoon",0,0.08,43,0.04,19.5299999999998
2490,490,"Greedy (Pure Exploitation)","Ad_B","Tablet","Afternoon",0,0.08,43,0.04,19.5699999999998
2491,491,"Greedy (Pure Exploitation)","Ad_B","Mobile","Morning",0,0.08,43,0.04,19.6099999999998
2492,492,"Greedy (Pure Exploitation)","Ad_B","Desktop","Evening",0,0.08,43,0.04,19.6499999999998
2493,493,"Greedy (Pure Exploitation)","Ad_B","Tablet","Afternoon",0,0.08,43,0.04,19.6899999999998
2494,494,"Greedy (Pure Exploitation)","Ad_B","Mobile","Evening",0,0.08,43,0.04,19.7299999999998
2495,495,"Greedy (Pure Exploitation)","Ad_B","Tablet","Afternoon",0,0.08,43,0.04,19.7699999999998
2496,496,"Greedy (Pure Exploitation)","Ad_B","Tablet","Afternoon",0,0.08,43,0.04,19.8099999999998
2497,497,"Greedy (Pure Exploitation)","Ad_B","Tablet","Evening",0,0.08,43,0.04,19.8499999999998
2498,498,"Greedy (Pure Exploitation)","Ad_B","Mobile","Afternoon",0,0.08,43,0.04,19.8899999999998
2499,499,"Greedy (Pure Exploitation)","Ad_B","Desktop","Evening",0,0.08,43,0.04,19.9299999999998
2500,500,"Greedy (Pure Exploitation)","Ad_B","Tablet","Afternoon",0,0.08,43,0.04,19.9699999999998
2501,501,"Greedy (Pure Exploitation)","Ad_B","Tablet","Afternoon",0,0.08,43,0.04,20.0099999999997
2502,502,"Greedy (Pure Exploitation)","Ad_B","Tablet","Morning",0,0.08,43,0.04,20.0499999999997
2503,503,"Greedy (Pure Exploitation)","Ad_B","Mobile","Morning",1,0.08,44,0.04,20.0899999999997
2504,504,"Greedy (Pure Exploitation)","Ad_B","Tablet","Afternoon",0,0.08,44,0.04,20.1299999999997
2505,505,"Greedy (Pure Exploitation)","Ad_B","Desktop","Afternoon",0,0.08,44,0.04,20.1699999999997
2506,506,"Greedy (Pure Exploitation)","Ad_B","Mobile","Evening",0,0.08,44,0.04,20.2099999999997
2507,507,"Greedy (Pure Exploitation)","Ad_B","Mobile","Afternoon",0,0.08,44,0.04,20.2499999999997
2508,508,"Greedy (Pure Exploitation)","Ad_B","Tablet","Morning",0,0.08,44,0.04,20.2899999999997
2509,509,"Greedy (Pure Exploitation)","Ad_B","Tablet","Evening",0,0.08,44,0.04,20.3299999999997
2510,510,"Greedy (Pure Exploitation)","Ad_B","Mobile","Evening",0,0.08,44,0.04,20.3699999999997
2511,511,"Greedy (Pure Exploitation)","Ad_B","Tablet","Afternoon",0,0.08,44,0.04,20.4099999999997
2512,512,"Greedy (Pure Exploitation)","Ad_B","Tablet","Afternoon",0,0.08,44,0.04,20.4499999999997
2513,513,"Greedy (Pure Exploitation)","Ad_B","Mobile","Evening",0,0.08,44,0.04,20.4899999999997
2514,514,"Greedy (Pure Exploitation)","Ad_B","Mobile","Evening",0,0.08,44,0.04,20.5299999999997
2515,515,"Greedy (Pure Exploitation)","Ad_B","Desktop","Evening",0,0.08,44,0.04,20.5699999999997
2516,516,"Greedy (Pure Exploitation)","Ad_B","Desktop","Afternoon",0,0.08,44,0.04,20.6099999999997
2517,517,"Greedy (Pure Exploitation)","Ad_B","Mobile","Morning",0,0.08,44,0.04,20.6499999999997
2518,518,"Greedy (Pure Exploitation)","Ad_B","Tablet","Morning",0,0.08,44,0.04,20.6899999999997
2519,519,"Greedy (Pure Exploitation)","Ad_B","Tablet","Evening",0,0.08,44,0.04,20.7299999999997
2520,520,"Greedy (Pure Exploitation)","Ad_B","Tablet","Evening",0,0.08,44,0.04,20.7699999999997
2521,521,"Greedy (Pure Exploitation)","Ad_B","Mobile","Evening",0,0.08,44,0.04,20.8099999999997
2522,522,"Greedy (Pure Exploitation)","Ad_B","Desktop","Afternoon",0,0.08,44,0.04,20.8499999999997
2523,523,"Greedy (Pure Exploitation)","Ad_B","Tablet","Evening",1,0.08,45,0.04,20.8899999999997
2524,524,"Greedy (Pure Exploitation)","Ad_B","Desktop","Afternoon",0,0.08,45,0.04,20.9299999999997
2525,525,"Greedy (Pure Exploitation)","Ad_B","Tablet","Evening",0,0.08,45,0.04,20.9699999999997
2526,526,"Greedy (Pure Exploitation)","Ad_B","Tablet","Afternoon",0,0.08,45,0.04,21.0099999999997
2527,527,"Greedy (Pure Exploitation)","Ad_B","Desktop","Afternoon",0,0.08,45,0.04,21.0499999999997
2528,528,"Greedy (Pure Exploitation)","Ad_B","Desktop","Afternoon",0,0.08,45,0.04,21.0899999999997
2529,529,"Greedy (Pure Exploitation)","Ad_B","Mobile","Morning",0,0.08,45,0.04,21.1299999999997
2530,530,"Greedy (Pure Exploitation)","Ad_B","Mobile","Evening",0,0.08,45,0.04,21.1699999999997
2531,531,"Greedy (Pure Exploitation)","Ad_B","Desktop","Evening",0,0.08,45,0.04,21.2099999999997
2532,532,"Greedy (Pure Exploitation)","Ad_B","Desktop","Afternoon",0,0.08,45,0.04,21.2499999999997
2533,533,"Greedy (Pure Exploitation)","Ad_B","Mobile","Evening",0,0.08,45,0.04,21.2899999999997
2534,534,"Greedy (Pure Exploitation)","Ad_B","Tablet","Morning",0,0.08,45,0.04,21.3299999999997
2535,535,"Greedy (Pure Exploitation)","Ad_B","Tablet","Afternoon",0,0.08,45,0.04,21.3699999999997
2536,536,"Greedy (Pure Exploitation)","Ad_B","Tablet","Afternoon",0,0.08,45,0.04,21.4099999999997
2537,537,"Greedy (Pure Exploitation)","Ad_B","Desktop","Morning",0,0.08,45,0.04,21.4499999999997
2538,538,"Greedy (Pure Exploitation)","Ad_B","Desktop","Afternoon",0,0.08,45,0.04,21.4899999999997
2539,539,"Greedy (Pure Exploitation)","Ad_B","Mobile","Morning",0,0.08,45,0.04,21.5299999999997
2540,540,"Greedy (Pure Exploitation)","Ad_B","Mobile","Evening",0,0.08,45,0.04,21.5699999999997
2541,541,"Greedy (Pure Exploitation)","Ad_B","Tablet","Afternoon",0,0.08,45,0.04,21.6099999999997
2542,542,"Greedy (Pure Exploitation)","Ad_B","Desktop","Afternoon",0,0.08,45,0.04,21.6499999999997
2543,543,"Greedy (Pure Exploitation)","Ad_B","Tablet","Afternoon",0,0.08,45,0.04,21.6899999999997
2544,544,"Greedy (Pure Exploitation)","Ad_B","Mobile","Afternoon",0,0.08,45,0.04,21.7299999999997
2545,545,"Greedy (Pure Exploitation)","Ad_B","Tablet","Morning",0,0.08,45,0.04,21.7699999999997
2546,546,"Greedy (Pure Exploitation)","Ad_B","Tablet","Evening",0,0.08,45,0.04,21.8099999999997
2547,547,"Greedy (Pure Exploitation)","Ad_B","Desktop","Morning",0,0.08,45,0.04,21.8499999999997
2548,548,"Greedy (Pure Exploitation)","Ad_B","Tablet","Afternoon",0,0.08,45,0.04,21.8899999999997
2549,549,"Greedy (Pure Exploitation)","Ad_B","Desktop","Afternoon",0,0.08,45,0.04,21.9299999999997
2550,550,"Greedy (Pure Exploitation)","Ad_B","Mobile","Evening",0,0.08,45,0.04,21.9699999999997
2551,551,"Greedy (Pure Exploitation)","Ad_B","Tablet","Evening",1,0.08,46,0.04,22.0099999999997
2552,552,"Greedy (Pure Exploitation)","Ad_B","Tablet","Evening",0,0.08,46,0.04,22.0499999999997
2553,553,"Greedy (Pure Exploitation)","Ad_B","Mobile","Afternoon",0,0.08,46,0.04,22.0899999999997
2554,554,"Greedy (Pure Exploitation)","Ad_B","Desktop","Morning",0,0.08,46,0.04,22.1299999999997
2555,555,"Greedy (Pure Exploitation)","Ad_B","Mobile","Afternoon",0,0.08,46,0.04,22.1699999999997
2556,556,"Greedy (Pure Exploitation)","Ad_B","Mobile","Afternoon",0,0.08,46,0.04,22.2099999999997
2557,557,"Greedy (Pure Exploitation)","Ad_B","Tablet","Afternoon",0,0.08,46,0.04,22.2499999999997
2558,558,"Greedy (Pure Exploitation)","Ad_B","Desktop","Morning",0,0.08,46,0.04,22.2899999999997
2559,559,"Greedy (Pure Exploitation)","Ad_B","Tablet","Evening",0,0.08,46,0.04,22.3299999999997
2560,560,"Greedy (Pure Exploitation)","Ad_B","Desktop","Morning",0,0.08,46,0.04,22.3699999999997
2561,561,"Greedy (Pure Exploitation)","Ad_B","Mobile","Evening",0,0.08,46,0.04,22.4099999999997
2562,562,"Greedy (Pure Exploitation)","Ad_B","Desktop","Afternoon",0,0.08,46,0.04,22.4499999999997
2563,563,"Greedy (Pure Exploitation)","Ad_B","Tablet","Evening",0,0.08,46,0.04,22.4899999999997
2564,564,"Greedy (Pure Exploitation)","Ad_B","Mobile","Afternoon",0,0.08,46,0.04,22.5299999999997
2565,565,"Greedy (Pure Exploitation)","Ad_B","Tablet","Evening",0,0.08,46,0.04,22.5699999999997
2566,566,"Greedy (Pure Exploitation)","Ad_B","Mobile","Afternoon",0,0.08,46,0.04,22.6099999999997
2567,567,"Greedy (Pure Exploitation)","Ad_B","Mobile","Morning",0,0.08,46,0.04,22.6499999999997
2568,568,"Greedy (Pure Exploitation)","Ad_B","Desktop","Afternoon",0,0.08,46,0.04,22.6899999999997
2569,569,"Greedy (Pure Exploitation)","Ad_B","Tablet","Morning",1,0.08,47,0.04,22.7299999999997
2570,570,"Greedy (Pure Exploitation)","Ad_B","Mobile","Afternoon",0,0.08,47,0.04,22.7699999999997
2571,571,"Greedy (Pure Exploitation)","Ad_B","Desktop","Evening",0,0.08,47,0.04,22.8099999999997
2572,572,"Greedy (Pure Exploitation)","Ad_B","Desktop","Afternoon",0,0.08,47,0.04,22.8499999999997
2573,573,"Greedy (Pure Exploitation)","Ad_B","Mobile","Morning",0,0.08,47,0.04,22.8899999999997
2574,574,"Greedy (Pure Exploitation)","Ad_B","Mobile","Morning",0,0.08,47,0.04,22.9299999999997
2575,575,"Greedy (Pure Exploitation)","Ad_B","Mobile","Evening",1,0.08,48,0.04,22.9699999999997
2576,576,"Greedy (Pure Exploitation)","Ad_B","Mobile","Evening",0,0.08,48,0.04,23.0099999999997
2577,577,"Greedy (Pure Exploitation)","Ad_B","Mobile","Evening",0,0.08,48,0.04,23.0499999999997
2578,578,"Greedy (Pure Exploitation)","Ad_B","Mobile","Morning",0,0.08,48,0.04,23.0899999999997
2579,579,"Greedy (Pure Exploitation)","Ad_B","Desktop","Evening",0,0.08,48,0.04,23.1299999999997
2580,580,"Greedy (Pure Exploitation)","Ad_B","Mobile","Morning",0,0.08,48,0.04,23.1699999999997
2581,581,"Greedy (Pure Exploitation)","Ad_B","Desktop","Afternoon",0,0.08,48,0.04,23.2099999999997
2582,582,"Greedy (Pure Exploitation)","Ad_B","Tablet","Afternoon",0,0.08,48,0.04,23.2499999999997
2583,583,"Greedy (Pure Exploitation)","Ad_B","Tablet","Afternoon",0,0.08,48,0.04,23.2899999999997
2584,584,"Greedy (Pure Exploitation)","Ad_B","Tablet","Morning",0,0.08,48,0.04,23.3299999999997
2585,585,"Greedy (Pure Exploitation)","Ad_B","Tablet","Morning",0,0.08,48,0.04,23.3699999999997
2586,586,"Greedy (Pure Exploitation)","Ad_B","Desktop","Evening",0,0.08,48,0.04,23.4099999999997
2587,587,"Greedy (Pure Exploitation)","Ad_B","Desktop","Evening",0,0.08,48,0.04,23.4499999999997
2588,588,"Greedy (Pure Exploitation)","Ad_B","Desktop","Evening",0,0.08,48,0.04,23.4899999999997
2589,589,"Greedy (Pure Exploitation)","Ad_B","Mobile","Afternoon",0,0.08,48,0.04,23.5299999999997
2590,590,"Greedy (Pure Exploitation)","Ad_B","Mobile","Morning",0,0.08,48,0.04,23.5699999999997
2591,591,"Greedy (Pure Exploitation)","Ad_B","Desktop","Morning",0,0.08,48,0.04,23.6099999999997
2592,592,"Greedy (Pure Exploitation)","Ad_B","Tablet","Evening",0,0.08,48,0.04,23.6499999999997
2593,593,"Greedy (Pure Exploitation)","Ad_B","Tablet","Afternoon",0,0.08,48,0.04,23.6899999999997
2594,594,"Greedy (Pure Exploitation)","Ad_B","Tablet","Evening",0,0.08,48,0.04,23.7299999999997
2595,595,"Greedy (Pure Exploitation)","Ad_B","Tablet","Evening",0,0.08,48,0.04,23.7699999999997
2596,596,"Greedy (Pure Exploitation)","Ad_B","Tablet","Evening",0,0.08,48,0.04,23.8099999999997
2597,597,"Greedy (Pure Exploitation)","Ad_B","Mobile","Morning",0,0.08,48,0.04,23.8499999999997
2598,598,"Greedy (Pure Exploitation)","Ad_B","Mobile","Afternoon",0,0.08,48,0.04,23.8899999999997
2599,599,"Greedy (Pure Exploitation)","Ad_B","Mobile","Morning",0,0.08,48,0.04,23.9299999999997
2600,600,"Greedy (Pure Exploitation)","Ad_B","Mobile","Morning",0,0.08,48,0.04,23.9699999999997
2601,601,"Greedy (Pure Exploitation)","Ad_B","Tablet","Evening",0,0.08,48,0.04,24.0099999999997
2602,602,"Greedy (Pure Exploitation)","Ad_B","Mobile","Morning",0,0.08,48,0.04,24.0499999999997
2603,603,"Greedy (Pure Exploitation)","Ad_B","Tablet","Evening",1,0.08,49,0.04,24.0899999999997
2604,604,"Greedy (Pure Exploitation)","Ad_B","Tablet","Morning",0,0.08,49,0.04,24.1299999999997
2605,605,"Greedy (Pure Exploitation)","Ad_B","Tablet","Evening",0,0.08,49,0.04,24.1699999999997
2606,606,"Greedy (Pure Exploitation)","Ad_B","Desktop","Afternoon",0,0.08,49,0.04,24.2099999999997
2607,607,"Greedy (Pure Exploitation)","Ad_B","Desktop","Evening",0,0.08,49,0.04,24.2499999999997
2608,608,"Greedy (Pure Exploitation)","Ad_B","Tablet","Morning",0,0.08,49,0.04,24.2899999999997
2609,609,"Greedy (Pure Exploitation)","Ad_B","Desktop","Evening",0,0.08,49,0.04,24.3299999999997
2610,610,"Greedy (Pure Exploitation)","Ad_B","Tablet","Evening",0,0.08,49,0.04,24.3699999999997
2611,611,"Greedy (Pure Exploitation)","Ad_B","Desktop","Evening",0,0.08,49,0.04,24.4099999999997
2612,612,"Greedy (Pure Exploitation)","Ad_B","Tablet","Afternoon",0,0.08,49,0.04,24.4499999999997
2613,613,"Greedy (Pure Exploitation)","Ad_B","Desktop","Evening",0,0.08,49,0.04,24.4899999999997
2614,614,"Greedy (Pure Exploitation)","Ad_B","Mobile","Morning",0,0.08,49,0.04,24.5299999999997
2615,615,"Greedy (Pure Exploitation)","Ad_B","Desktop","Morning",0,0.08,49,0.04,24.5699999999997
2616,616,"Greedy (Pure Exploitation)","Ad_B","Mobile","Morning",0,0.08,49,0.04,24.6099999999997
2617,617,"Greedy (Pure Exploitation)","Ad_B","Mobile","Evening",0,0.08,49,0.04,24.6499999999997
2618,618,"Greedy (Pure Exploitation)","Ad_B","Desktop","Morning",0,0.08,49,0.04,24.6899999999996
2619,619,"Greedy (Pure Exploitation)","Ad_B","Mobile","Evening",1,0.08,50,0.04,24.7299999999996
2620,620,"Greedy (Pure Exploitation)","Ad_B","Tablet","Evening",0,0.08,50,0.04,24.7699999999996
2621,621,"Greedy (Pure Exploitation)","Ad_B","Mobile","Afternoon",0,0.08,50,0.04,24.8099999999996
2622,622,"Greedy (Pure Exploitation)","Ad_B","Mobile","Evening",0,0.08,50,0.04,24.8499999999996
2623,623,"Greedy (Pure Exploitation)","Ad_B","Desktop","Morning",0,0.08,50,0.04,24.8899999999996
2624,624,"Greedy (Pure Exploitation)","Ad_B","Mobile","Morning",0,0.08,50,0.04,24.9299999999996
2625,625,"Greedy (Pure Exploitation)","Ad_B","Desktop","Evening",0,0.08,50,0.04,24.9699999999996
2626,626,"Greedy (Pure Exploitation)","Ad_B","Tablet","Afternoon",0,0.08,50,0.04,25.0099999999996
2627,627,"Greedy (Pure Exploitation)","Ad_B","Mobile","Evening",0,0.08,50,0.04,25.0499999999996
2628,628,"Greedy (Pure Exploitation)","Ad_B","Mobile","Morning",0,0.08,50,0.04,25.0899999999996
2629,629,"Greedy (Pure Exploitation)","Ad_B","Tablet","Evening",0,0.08,50,0.04,25.1299999999996
2630,630,"Greedy (Pure Exploitation)","Ad_B","Tablet","Afternoon",0,0.08,50,0.04,25.1699999999996
2631,631,"Greedy (Pure Exploitation)","Ad_B","Desktop","Morning",0,0.08,50,0.04,25.2099999999996
2632,632,"Greedy (Pure Exploitation)","Ad_B","Desktop","Evening",0,0.08,50,0.04,25.2499999999996
2633,633,"Greedy (Pure Exploitation)","Ad_B","Desktop","Afternoon",0,0.08,50,0.04,25.2899999999996
2634,634,"Greedy (Pure Exploitation)","Ad_B","Tablet","Afternoon",0,0.08,50,0.04,25.3299999999996
2635,635,"Greedy (Pure Exploitation)","Ad_B","Tablet","Morning",0,0.08,50,0.04,25.3699999999996
2636,636,"Greedy (Pure Exploitation)","Ad_B","Tablet","Evening",0,0.08,50,0.04,25.4099999999996
2637,637,"Greedy (Pure Exploitation)","Ad_B","Mobile","Evening",0,0.08,50,0.04,25.4499999999996
2638,638,"Greedy (Pure Exploitation)","Ad_B","Desktop","Evening",0,0.08,50,0.04,25.4899999999996
2639,639,"Greedy (Pure Exploitation)","Ad_B","Tablet","Morning",0,0.08,50,0.04,25.5299999999996
2640,640,"Greedy (Pure Exploitation)","Ad_B","Desktop","Evening",0,0.08,50,0.04,25.5699999999996
2641,641,"Greedy (Pure Exploitation)","Ad_B","Desktop","Afternoon",0,0.08,50,0.04,25.6099999999996
2642,642,"Greedy (Pure Exploitation)","Ad_B","Mobile","Afternoon",1,0.08,51,0.04,25.6499999999996
2643,643,"Greedy (Pure Exploitation)","Ad_B","Mobile","Evening",0,0.08,51,0.04,25.6899999999996
2644,644,"Greedy (Pure Exploitation)","Ad_B","Mobile","Evening",0,0.08,51,0.04,25.7299999999996
2645,645,"Greedy (Pure Exploitation)","Ad_B","Desktop","Morning",0,0.08,51,0.04,25.7699999999996
2646,646,"Greedy (Pure Exploitation)","Ad_B","Tablet","Morning",0,0.08,51,0.04,25.8099999999996
2647,647,"Greedy (Pure Exploitation)","Ad_B","Tablet","Afternoon",0,0.08,51,0.04,25.8499999999996
2648,648,"Greedy (Pure Exploitation)","Ad_B","Tablet","Morning",0,0.08,51,0.04,25.8899999999996
2649,649,"Greedy (Pure Exploitation)","Ad_B","Mobile","Evening",0,0.08,51,0.04,25.9299999999996
2650,650,"Greedy (Pure Exploitation)","Ad_B","Mobile","Afternoon",0,0.08,51,0.04,25.9699999999996
2651,651,"Greedy (Pure Exploitation)","Ad_B","Mobile","Morning",0,0.08,51,0.04,26.0099999999996
2652,652,"Greedy (Pure Exploitation)","Ad_B","Desktop","Evening",0,0.08,51,0.04,26.0499999999996
2653,653,"Greedy (Pure Exploitation)","Ad_B","Mobile","Afternoon",0,0.08,51,0.04,26.0899999999996
2654,654,"Greedy (Pure Exploitation)","Ad_B","Mobile","Evening",0,0.08,51,0.04,26.1299999999996
2655,655,"Greedy (Pure Exploitation)","Ad_B","Tablet","Morning",0,0.08,51,0.04,26.1699999999996
2656,656,"Greedy (Pure Exploitation)","Ad_B","Desktop","Morning",0,0.08,51,0.04,26.2099999999996
2657,657,"Greedy (Pure Exploitation)","Ad_B","Desktop","Morning",0,0.08,51,0.04,26.2499999999996
2658,658,"Greedy (Pure Exploitation)","Ad_B","Tablet","Evening",0,0.08,51,0.04,26.2899999999996
2659,659,"Greedy (Pure Exploitation)","Ad_B","Tablet","Morning",0,0.08,51,0.04,26.3299999999996
2660,660,"Greedy (Pure Exploitation)","Ad_B","Mobile","Morning",0,0.08,51,0.04,26.3699999999996
2661,661,"Greedy (Pure Exploitation)","Ad_B","Mobile","Afternoon",0,0.08,51,0.04,26.4099999999996
2662,662,"Greedy (Pure Exploitation)","Ad_B","Tablet","Afternoon",1,0.08,52,0.04,26.4499999999996
2663,663,"Greedy (Pure Exploitation)","Ad_B","Desktop","Evening",0,0.08,52,0.04,26.4899999999996
2664,664,"Greedy (Pure Exploitation)","Ad_B","Mobile","Afternoon",0,0.08,52,0.04,26.5299999999996
2665,665,"Greedy (Pure Exploitation)","Ad_B","Desktop","Evening",1,0.08,53,0.04,26.5699999999996
2666,666,"Greedy (Pure Exploitation)","Ad_B","Tablet","Afternoon",0,0.08,53,0.04,26.6099999999996
2667,667,"Greedy (Pure Exploitation)","Ad_B","Mobile","Afternoon",1,0.08,54,0.04,26.6499999999996
2668,668,"Greedy (Pure Exploitation)","Ad_B","Tablet","Evening",1,0.08,55,0.04,26.6899999999996
2669,669,"Greedy (Pure Exploitation)","Ad_B","Desktop","Afternoon",0,0.08,55,0.04,26.7299999999996
2670,670,"Greedy (Pure Exploitation)","Ad_B","Mobile","Evening",0,0.08,55,0.04,26.7699999999996
2671,671,"Greedy (Pure Exploitation)","Ad_B","Desktop","Evening",0,0.08,55,0.04,26.8099999999996
2672,672,"Greedy (Pure Exploitation)","Ad_B","Desktop","Evening",0,0.08,55,0.04,26.8499999999996
2673,673,"Greedy (Pure Exploitation)","Ad_B","Mobile","Afternoon",1,0.08,56,0.04,26.8899999999996
2674,674,"Greedy (Pure Exploitation)","Ad_B","Tablet","Evening",0,0.08,56,0.04,26.9299999999996
2675,675,"Greedy (Pure Exploitation)","Ad_B","Mobile","Evening",0,0.08,56,0.04,26.9699999999996
2676,676,"Greedy (Pure Exploitation)","Ad_B","Tablet","Afternoon",0,0.08,56,0.04,27.0099999999996
2677,677,"Greedy (Pure Exploitation)","Ad_B","Tablet","Morning",0,0.08,56,0.04,27.0499999999996
2678,678,"Greedy (Pure Exploitation)","Ad_B","Tablet","Evening",0,0.08,56,0.04,27.0899999999996
2679,679,"Greedy (Pure Exploitation)","Ad_B","Desktop","Morning",0,0.08,56,0.04,27.1299999999996
2680,680,"Greedy (Pure Exploitation)","Ad_B","Mobile","Morning",0,0.08,56,0.04,27.1699999999996
2681,681,"Greedy (Pure Exploitation)","Ad_B","Tablet","Morning",0,0.08,56,0.04,27.2099999999996
2682,682,"Greedy (Pure Exploitation)","Ad_B","Tablet","Morning",0,0.08,56,0.04,27.2499999999996
2683,683,"Greedy (Pure Exploitation)","Ad_B","Tablet","Evening",0,0.08,56,0.04,27.2899999999996
2684,684,"Greedy (Pure Exploitation)","Ad_B","Desktop","Evening",0,0.08,56,0.04,27.3299999999996
2685,685,"Greedy (Pure Exploitation)","Ad_B","Mobile","Afternoon",0,0.08,56,0.04,27.3699999999996
2686,686,"Greedy (Pure Exploitation)","Ad_B","Desktop","Morning",0,0.08,56,0.04,27.4099999999996
2687,687,"Greedy (Pure Exploitation)","Ad_B","Tablet","Afternoon",0,0.08,56,0.04,27.4499999999996
2688,688,"Greedy (Pure Exploitation)","Ad_B","Desktop","Morning",0,0.08,56,0.04,27.4899999999996
2689,689,"Greedy (Pure Exploitation)","Ad_B","Mobile","Morning",0,0.08,56,0.04,27.5299999999996
2690,690,"Greedy (Pure Exploitation)","Ad_B","Desktop","Evening",0,0.08,56,0.04,27.5699999999996
2691,691,"Greedy (Pure Exploitation)","Ad_B","Mobile","Evening",0,0.08,56,0.04,27.6099999999996
2692,692,"Greedy (Pure Exploitation)","Ad_B","Mobile","Afternoon",0,0.08,56,0.04,27.6499999999996
2693,693,"Greedy (Pure Exploitation)","Ad_B","Mobile","Morning",0,0.08,56,0.04,27.6899999999996
2694,694,"Greedy (Pure Exploitation)","Ad_B","Mobile","Evening",0,0.08,56,0.04,27.7299999999996
2695,695,"Greedy (Pure Exploitation)","Ad_B","Mobile","Afternoon",0,0.08,56,0.04,27.7699999999996
2696,696,"Greedy (Pure Exploitation)","Ad_B","Tablet","Evening",1,0.08,57,0.04,27.8099999999996
2697,697,"Greedy (Pure Exploitation)","Ad_B","Desktop","Afternoon",0,0.08,57,0.04,27.8499999999996
2698,698,"Greedy (Pure Exploitation)","Ad_B","Mobile","Morning",0,0.08,57,0.04,27.8899999999996
2699,699,"Greedy (Pure Exploitation)","Ad_B","Desktop","Afternoon",0,0.08,57,0.04,27.9299999999996
2700,700,"Greedy (Pure Exploitation)","Ad_B","Tablet","Morning",0,0.08,57,0.04,27.9699999999996
2701,701,"Greedy (Pure Exploitation)","Ad_B","Tablet","Morning",0,0.08,57,0.04,28.0099999999996
2702,702,"Greedy (Pure Exploitation)","Ad_B","Tablet","Evening",0,0.08,57,0.04,28.0499999999996
2703,703,"Greedy (Pure Exploitation)","Ad_B","Desktop","Evening",0,0.08,57,0.04,28.0899999999996
2704,704,"Greedy (Pure Exploitation)","Ad_B","Mobile","Afternoon",0,0.08,57,0.04,28.1299999999996
2705,705,"Greedy (Pure Exploitation)","Ad_B","Mobile","Evening",0,0.08,57,0.04,28.1699999999996
2706,706,"Greedy (Pure Exploitation)","Ad_B","Mobile","Afternoon",0,0.08,57,0.04,28.2099999999996
2707,707,"Greedy (Pure Exploitation)","Ad_B","Tablet","Afternoon",0,0.08,57,0.04,28.2499999999996
2708,708,"Greedy (Pure Exploitation)","Ad_B","Mobile","Afternoon",0,0.08,57,0.04,28.2899999999996
2709,709,"Greedy (Pure Exploitation)","Ad_B","Tablet","Morning",1,0.08,58,0.04,28.3299999999996
2710,710,"Greedy (Pure Exploitation)","Ad_B","Desktop","Morning",0,0.08,58,0.04,28.3699999999996
2711,711,"Greedy (Pure Exploitation)","Ad_B","Mobile","Morning",0,0.08,58,0.04,28.4099999999996
2712,712,"Greedy (Pure Exploitation)","Ad_B","Mobile","Evening",0,0.08,58,0.04,28.4499999999996
2713,713,"Greedy (Pure Exploitation)","Ad_B","Tablet","Morning",0,0.08,58,0.04,28.4899999999996
2714,714,"Greedy (Pure Exploitation)","Ad_B","Mobile","Evening",0,0.08,58,0.04,28.5299999999996
2715,715,"Greedy (Pure Exploitation)","Ad_B","Desktop","Evening",0,0.08,58,0.04,28.5699999999996
2716,716,"Greedy (Pure Exploitation)","Ad_B","Desktop","Morning",0,0.08,58,0.04,28.6099999999996
2717,717,"Greedy (Pure Exploitation)","Ad_B","Desktop","Morning",0,0.08,58,0.04,28.6499999999996
2718,718,"Greedy (Pure Exploitation)","Ad_B","Mobile","Evening",0,0.08,58,0.04,28.6899999999996
2719,719,"Greedy (Pure Exploitation)","Ad_B","Tablet","Morning",0,0.08,58,0.04,28.7299999999996
2720,720,"Greedy (Pure Exploitation)","Ad_B","Desktop","Evening",0,0.08,58,0.04,28.7699999999996
2721,721,"Greedy (Pure Exploitation)","Ad_B","Mobile","Morning",0,0.08,58,0.04,28.8099999999996
2722,722,"Greedy (Pure Exploitation)","Ad_B","Tablet","Evening",0,0.08,58,0.04,28.8499999999996
2723,723,"Greedy (Pure Exploitation)","Ad_B","Tablet","Evening",0,0.08,58,0.04,28.8899999999996
2724,724,"Greedy (Pure Exploitation)","Ad_B","Mobile","Morning",0,0.08,58,0.04,28.9299999999996
2725,725,"Greedy (Pure Exploitation)","Ad_B","Desktop","Morning",0,0.08,58,0.04,28.9699999999996
2726,726,"Greedy (Pure Exploitation)","Ad_B","Mobile","Morning",0,0.08,58,0.04,29.0099999999996
2727,727,"Greedy (Pure Exploitation)","Ad_B","Desktop","Morning",0,0.08,58,0.04,29.0499999999996
2728,728,"Greedy (Pure Exploitation)","Ad_B","Tablet","Evening",0,0.08,58,0.04,29.0899999999996
2729,729,"Greedy (Pure Exploitation)","Ad_B","Desktop","Evening",0,0.08,58,0.04,29.1299999999996
2730,730,"Greedy (Pure Exploitation)","Ad_B","Tablet","Afternoon",0,0.08,58,0.04,29.1699999999996
2731,731,"Greedy (Pure Exploitation)","Ad_B","Mobile","Afternoon",0,0.08,58,0.04,29.2099999999996
2732,732,"Greedy (Pure Exploitation)","Ad_B","Mobile","Afternoon",1,0.08,59,0.04,29.2499999999996
2733,733,"Greedy (Pure Exploitation)","Ad_B","Mobile","Evening",1,0.08,60,0.04,29.2899999999996
2734,734,"Greedy (Pure Exploitation)","Ad_B","Desktop","Afternoon",0,0.08,60,0.04,29.3299999999996
2735,735,"Greedy (Pure Exploitation)","Ad_B","Mobile","Morning",0,0.08,60,0.04,29.3699999999995
2736,736,"Greedy (Pure Exploitation)","Ad_B","Mobile","Evening",0,0.08,60,0.04,29.4099999999995
2737,737,"Greedy (Pure Exploitation)","Ad_B","Desktop","Morning",0,0.08,60,0.04,29.4499999999995
2738,738,"Greedy (Pure Exploitation)","Ad_B","Mobile","Morning",0,0.08,60,0.04,29.4899999999995
2739,739,"Greedy (Pure Exploitation)","Ad_B","Desktop","Afternoon",0,0.08,60,0.04,29.5299999999995
2740,740,"Greedy (Pure Exploitation)","Ad_B","Desktop","Afternoon",0,0.08,60,0.04,29.5699999999995
2741,741,"Greedy (Pure Exploitation)","Ad_B","Mobile","Evening",0,0.08,60,0.04,29.6099999999995
2742,742,"Greedy (Pure Exploitation)","Ad_B","Tablet","Evening",0,0.08,60,0.04,29.6499999999995
2743,743,"Greedy (Pure Exploitation)","Ad_B","Mobile","Afternoon",0,0.08,60,0.04,29.6899999999995
2744,744,"Greedy (Pure Exploitation)","Ad_B","Tablet","Afternoon",0,0.08,60,0.04,29.7299999999995
2745,745,"Greedy (Pure Exploitation)","Ad_B","Desktop","Afternoon",0,0.08,60,0.04,29.7699999999995
2746,746,"Greedy (Pure Exploitation)","Ad_B","Tablet","Morning",0,0.08,60,0.04,29.8099999999995
2747,747,"Greedy (Pure Exploitation)","Ad_B","Desktop","Afternoon",0,0.08,60,0.04,29.8499999999995
2748,748,"Greedy (Pure Exploitation)","Ad_B","Tablet","Evening",0,0.08,60,0.04,29.8899999999995
2749,749,"Greedy (Pure Exploitation)","Ad_B","Tablet","Evening",0,0.08,60,0.04,29.9299999999995
2750,750,"Greedy (Pure Exploitation)","Ad_B","Desktop","Morning",0,0.08,60,0.04,29.9699999999995
2751,751,"Greedy (Pure Exploitation)","Ad_B","Tablet","Morning",0,0.08,60,0.04,30.0099999999995
2752,752,"Greedy (Pure Exploitation)","Ad_B","Tablet","Morning",0,0.08,60,0.04,30.0499999999995
2753,753,"Greedy (Pure Exploitation)","Ad_B","Mobile","Afternoon",0,0.08,60,0.04,30.0899999999995
2754,754,"Greedy (Pure Exploitation)","Ad_B","Desktop","Evening",0,0.08,60,0.04,30.1299999999995
2755,755,"Greedy (Pure Exploitation)","Ad_B","Mobile","Morning",0,0.08,60,0.04,30.1699999999995
2756,756,"Greedy (Pure Exploitation)","Ad_B","Mobile","Morning",0,0.08,60,0.04,30.2099999999995
2757,757,"Greedy (Pure Exploitation)","Ad_B","Mobile","Morning",0,0.08,60,0.04,30.2499999999995
2758,758,"Greedy (Pure Exploitation)","Ad_B","Desktop","Evening",0,0.08,60,0.04,30.2899999999995
2759,759,"Greedy (Pure Exploitation)","Ad_B","Desktop","Evening",0,0.08,60,0.04,30.3299999999995
2760,760,"Greedy (Pure Exploitation)","Ad_B","Mobile","Afternoon",0,0.08,60,0.04,30.3699999999995
2761,761,"Greedy (Pure Exploitation)","Ad_B","Desktop","Evening",0,0.08,60,0.04,30.4099999999995
2762,762,"Greedy (Pure Exploitation)","Ad_B","Mobile","Afternoon",0,0.08,60,0.04,30.4499999999995
2763,763,"Greedy (Pure Exploitation)","Ad_B","Tablet","Evening",0,0.08,60,0.04,30.4899999999995
2764,764,"Greedy (Pure Exploitation)","Ad_B","Mobile","Afternoon",0,0.08,60,0.04,30.5299999999995
2765,765,"Greedy (Pure Exploitation)","Ad_B","Desktop","Evening",0,0.08,60,0.04,30.5699999999995
2766,766,"Greedy (Pure Exploitation)","Ad_B","Desktop","Evening",0,0.08,60,0.04,30.6099999999995
2767,767,"Greedy (Pure Exploitation)","Ad_B","Desktop","Afternoon",0,0.08,60,0.04,30.6499999999995
2768,768,"Greedy (Pure Exploitation)","Ad_B","Desktop","Evening",0,0.08,60,0.04,30.6899999999995
2769,769,"Greedy (Pure Exploitation)","Ad_B","Desktop","Evening",1,0.08,61,0.04,30.7299999999995
2770,770,"Greedy (Pure Exploitation)","Ad_B","Mobile","Morning",0,0.08,61,0.04,30.7699999999995
2771,771,"Greedy (Pure Exploitation)","Ad_B","Desktop","Afternoon",0,0.08,61,0.04,30.8099999999995
2772,772,"Greedy (Pure Exploitation)","Ad_B","Mobile","Morning",0,0.08,61,0.04,30.8499999999995
2773,773,"Greedy (Pure Exploitation)","Ad_B","Tablet","Morning",1,0.08,62,0.04,30.8899999999995
2774,774,"Greedy (Pure Exploitation)","Ad_B","Desktop","Morning",1,0.08,63,0.04,30.9299999999995
2775,775,"Greedy (Pure Exploitation)","Ad_B","Desktop","Afternoon",0,0.08,63,0.04,30.9699999999995
2776,776,"Greedy (Pure Exploitation)","Ad_B","Tablet","Morning",1,0.08,64,0.04,31.0099999999995
2777,777,"Greedy (Pure Exploitation)","Ad_B","Mobile","Morning",0,0.08,64,0.04,31.0499999999995
2778,778,"Greedy (Pure Exploitation)","Ad_B","Mobile","Evening",0,0.08,64,0.04,31.0899999999995
2779,779,"Greedy (Pure Exploitation)","Ad_B","Mobile","Afternoon",0,0.08,64,0.04,31.1299999999995
2780,780,"Greedy (Pure Exploitation)","Ad_B","Mobile","Morning",0,0.08,64,0.04,31.1699999999995
2781,781,"Greedy (Pure Exploitation)","Ad_B","Tablet","Morning",0,0.08,64,0.04,31.2099999999995
2782,782,"Greedy (Pure Exploitation)","Ad_B","Tablet","Afternoon",0,0.08,64,0.04,31.2499999999995
2783,783,"Greedy (Pure Exploitation)","Ad_B","Tablet","Evening",0,0.08,64,0.04,31.2899999999995
2784,784,"Greedy (Pure Exploitation)","Ad_B","Desktop","Evening",1,0.08,65,0.04,31.3299999999995
2785,785,"Greedy (Pure Exploitation)","Ad_B","Tablet","Afternoon",0,0.08,65,0.04,31.3699999999995
2786,786,"Greedy (Pure Exploitation)","Ad_B","Desktop","Morning",0,0.08,65,0.04,31.4099999999995
2787,787,"Greedy (Pure Exploitation)","Ad_B","Desktop","Morning",0,0.08,65,0.04,31.4499999999995
2788,788,"Greedy (Pure Exploitation)","Ad_B","Tablet","Afternoon",1,0.08,66,0.04,31.4899999999995
2789,789,"Greedy (Pure Exploitation)","Ad_B","Mobile","Evening",0,0.08,66,0.04,31.5299999999995
2790,790,"Greedy (Pure Exploitation)","Ad_B","Mobile","Evening",0,0.08,66,0.04,31.5699999999995
2791,791,"Greedy (Pure Exploitation)","Ad_B","Desktop","Evening",0,0.08,66,0.04,31.6099999999995
2792,792,"Greedy (Pure Exploitation)","Ad_B","Mobile","Evening",0,0.08,66,0.04,31.6499999999995
2793,793,"Greedy (Pure Exploitation)","Ad_B","Desktop","Morning",0,0.08,66,0.04,31.6899999999995
2794,794,"Greedy (Pure Exploitation)","Ad_B","Desktop","Morning",0,0.08,66,0.04,31.7299999999995
2795,795,"Greedy (Pure Exploitation)","Ad_B","Desktop","Morning",0,0.08,66,0.04,31.7699999999995
2796,796,"Greedy (Pure Exploitation)","Ad_B","Mobile","Afternoon",0,0.08,66,0.04,31.8099999999995
2797,797,"Greedy (Pure Exploitation)","Ad_B","Desktop","Evening",0,0.08,66,0.04,31.8499999999995
2798,798,"Greedy (Pure Exploitation)","Ad_B","Tablet","Morning",0,0.08,66,0.04,31.8899999999995
2799,799,"Greedy (Pure Exploitation)","Ad_B","Desktop","Afternoon",0,0.08,66,0.04,31.9299999999995
2800,800,"Greedy (Pure Exploitation)","Ad_B","Mobile","Afternoon",0,0.08,66,0.04,31.9699999999995
2801,801,"Greedy (Pure Exploitation)","Ad_B","Desktop","Afternoon",0,0.08,66,0.04,32.0099999999995
2802,802,"Greedy (Pure Exploitation)","Ad_B","Mobile","Morning",0,0.08,66,0.04,32.0499999999995
2803,803,"Greedy (Pure Exploitation)","Ad_B","Tablet","Evening",0,0.08,66,0.04,32.0899999999995
2804,804,"Greedy (Pure Exploitation)","Ad_B","Tablet","Morning",0,0.08,66,0.04,32.1299999999995
2805,805,"Greedy (Pure Exploitation)","Ad_B","Desktop","Evening",0,0.08,66,0.04,32.1699999999995
2806,806,"Greedy (Pure Exploitation)","Ad_B","Tablet","Afternoon",0,0.08,66,0.04,32.2099999999995
2807,807,"Greedy (Pure Exploitation)","Ad_B","Tablet","Morning",0,0.08,66,0.04,32.2499999999995
2808,808,"Greedy (Pure Exploitation)","Ad_B","Tablet","Afternoon",0,0.08,66,0.04,32.2899999999995
2809,809,"Greedy (Pure Exploitation)","Ad_B","Desktop","Evening",0,0.08,66,0.04,32.3299999999995
2810,810,"Greedy (Pure Exploitation)","Ad_B","Tablet","Afternoon",0,0.08,66,0.04,32.3699999999995
2811,811,"Greedy (Pure Exploitation)","Ad_B","Mobile","Evening",0,0.08,66,0.04,32.4099999999995
2812,812,"Greedy (Pure Exploitation)","Ad_B","Mobile","Evening",0,0.08,66,0.04,32.4499999999995
2813,813,"Greedy (Pure Exploitation)","Ad_B","Tablet","Afternoon",0,0.08,66,0.04,32.4899999999995
2814,814,"Greedy (Pure Exploitation)","Ad_B","Mobile","Evening",0,0.08,66,0.04,32.5299999999995
2815,815,"Greedy (Pure Exploitation)","Ad_B","Tablet","Morning",0,0.08,66,0.04,32.5699999999995
2816,816,"Greedy (Pure Exploitation)","Ad_B","Desktop","Afternoon",0,0.08,66,0.04,32.6099999999995
2817,817,"Greedy (Pure Exploitation)","Ad_B","Tablet","Afternoon",0,0.08,66,0.04,32.6499999999995
2818,818,"Greedy (Pure Exploitation)","Ad_B","Mobile","Evening",0,0.08,66,0.04,32.6899999999995
2819,819,"Greedy (Pure Exploitation)","Ad_B","Mobile","Morning",0,0.08,66,0.04,32.7299999999995
2820,820,"Greedy (Pure Exploitation)","Ad_B","Mobile","Afternoon",0,0.08,66,0.04,32.7699999999995
2821,821,"Greedy (Pure Exploitation)","Ad_B","Desktop","Afternoon",0,0.08,66,0.04,32.8099999999995
2822,822,"Greedy (Pure Exploitation)","Ad_B","Mobile","Evening",0,0.08,66,0.04,32.8499999999995
2823,823,"Greedy (Pure Exploitation)","Ad_B","Desktop","Morning",0,0.08,66,0.04,32.8899999999995
2824,824,"Greedy (Pure Exploitation)","Ad_B","Desktop","Morning",0,0.08,66,0.04,32.9299999999995
2825,825,"Greedy (Pure Exploitation)","Ad_B","Tablet","Evening",0,0.08,66,0.04,32.9699999999995
2826,826,"Greedy (Pure Exploitation)","Ad_B","Tablet","Afternoon",0,0.08,66,0.04,33.0099999999995
2827,827,"Greedy (Pure Exploitation)","Ad_B","Tablet","Evening",0,0.08,66,0.04,33.0499999999995
2828,828,"Greedy (Pure Exploitation)","Ad_B","Desktop","Afternoon",0,0.08,66,0.04,33.0899999999995
2829,829,"Greedy (Pure Exploitation)","Ad_B","Desktop","Afternoon",0,0.08,66,0.04,33.1299999999995
2830,830,"Greedy (Pure Exploitation)","Ad_B","Tablet","Morning",1,0.08,67,0.04,33.1699999999995
2831,831,"Greedy (Pure Exploitation)","Ad_B","Tablet","Afternoon",0,0.08,67,0.04,33.2099999999995
2832,832,"Greedy (Pure Exploitation)","Ad_B","Tablet","Evening",0,0.08,67,0.04,33.2499999999995
2833,833,"Greedy (Pure Exploitation)","Ad_B","Desktop","Afternoon",0,0.08,67,0.04,33.2899999999995
2834,834,"Greedy (Pure Exploitation)","Ad_B","Mobile","Evening",0,0.08,67,0.04,33.3299999999995
2835,835,"Greedy (Pure Exploitation)","Ad_B","Mobile","Afternoon",0,0.08,67,0.04,33.3699999999995
2836,836,"Greedy (Pure Exploitation)","Ad_B","Mobile","Morning",0,0.08,67,0.04,33.4099999999995
2837,837,"Greedy (Pure Exploitation)","Ad_B","Mobile","Afternoon",0,0.08,67,0.04,33.4499999999995
2838,838,"Greedy (Pure Exploitation)","Ad_B","Desktop","Morning",0,0.08,67,0.04,33.4899999999995
2839,839,"Greedy (Pure Exploitation)","Ad_B","Tablet","Afternoon",0,0.08,67,0.04,33.5299999999995
2840,840,"Greedy (Pure Exploitation)","Ad_B","Mobile","Afternoon",0,0.08,67,0.04,33.5699999999995
2841,841,"Greedy (Pure Exploitation)","Ad_B","Tablet","Evening",0,0.08,67,0.04,33.6099999999995
2842,842,"Greedy (Pure Exploitation)","Ad_B","Mobile","Afternoon",0,0.08,67,0.04,33.6499999999995
2843,843,"Greedy (Pure Exploitation)","Ad_B","Tablet","Afternoon",0,0.08,67,0.04,33.6899999999995
2844,844,"Greedy (Pure Exploitation)","Ad_B","Mobile","Evening",0,0.08,67,0.04,33.7299999999995
2845,845,"Greedy (Pure Exploitation)","Ad_B","Tablet","Evening",0,0.08,67,0.04,33.7699999999995
2846,846,"Greedy (Pure Exploitation)","Ad_B","Mobile","Morning",1,0.08,68,0.04,33.8099999999995
2847,847,"Greedy (Pure Exploitation)","Ad_B","Tablet","Evening",0,0.08,68,0.04,33.8499999999995
2848,848,"Greedy (Pure Exploitation)","Ad_B","Tablet","Morning",0,0.08,68,0.04,33.8899999999995
2849,849,"Greedy (Pure Exploitation)","Ad_B","Tablet","Morning",1,0.08,69,0.04,33.9299999999995
2850,850,"Greedy (Pure Exploitation)","Ad_B","Tablet","Morning",0,0.08,69,0.04,33.9699999999995
2851,851,"Greedy (Pure Exploitation)","Ad_B","Mobile","Afternoon",0,0.08,69,0.04,34.0099999999995
2852,852,"Greedy (Pure Exploitation)","Ad_B","Mobile","Morning",0,0.08,69,0.04,34.0499999999995
2853,853,"Greedy (Pure Exploitation)","Ad_B","Mobile","Morning",0,0.08,69,0.04,34.0899999999994
2854,854,"Greedy (Pure Exploitation)","Ad_B","Tablet","Evening",0,0.08,69,0.04,34.1299999999994
2855,855,"Greedy (Pure Exploitation)","Ad_B","Mobile","Afternoon",0,0.08,69,0.04,34.1699999999994
2856,856,"Greedy (Pure Exploitation)","Ad_B","Tablet","Afternoon",0,0.08,69,0.04,34.2099999999994
2857,857,"Greedy (Pure Exploitation)","Ad_B","Desktop","Morning",0,0.08,69,0.04,34.2499999999994
2858,858,"Greedy (Pure Exploitation)","Ad_B","Desktop","Evening",0,0.08,69,0.04,34.2899999999994
2859,859,"Greedy (Pure Exploitation)","Ad_B","Mobile","Afternoon",0,0.08,69,0.04,34.3299999999994
2860,860,"Greedy (Pure Exploitation)","Ad_B","Tablet","Afternoon",0,0.08,69,0.04,34.3699999999994
2861,861,"Greedy (Pure Exploitation)","Ad_B","Mobile","Afternoon",0,0.08,69,0.04,34.4099999999994
2862,862,"Greedy (Pure Exploitation)","Ad_B","Desktop","Afternoon",0,0.08,69,0.04,34.4499999999994
2863,863,"Greedy (Pure Exploitation)","Ad_B","Mobile","Evening",0,0.08,69,0.04,34.4899999999994
2864,864,"Greedy (Pure Exploitation)","Ad_B","Desktop","Evening",0,0.08,69,0.04,34.5299999999994
2865,865,"Greedy (Pure Exploitation)","Ad_B","Tablet","Afternoon",0,0.08,69,0.04,34.5699999999994
2866,866,"Greedy (Pure Exploitation)","Ad_B","Tablet","Evening",0,0.08,69,0.04,34.6099999999994
2867,867,"Greedy (Pure Exploitation)","Ad_B","Tablet","Morning",0,0.08,69,0.04,34.6499999999994
2868,868,"Greedy (Pure Exploitation)","Ad_B","Mobile","Evening",0,0.08,69,0.04,34.6899999999994
2869,869,"Greedy (Pure Exploitation)","Ad_B","Tablet","Evening",0,0.08,69,0.04,34.7299999999994
2870,870,"Greedy (Pure Exploitation)","Ad_B","Desktop","Evening",0,0.08,69,0.04,34.7699999999994
2871,871,"Greedy (Pure Exploitation)","Ad_B","Tablet","Evening",1,0.08,70,0.04,34.8099999999994
2872,872,"Greedy (Pure Exploitation)","Ad_B","Mobile","Morning",0,0.08,70,0.04,34.8499999999994
2873,873,"Greedy (Pure Exploitation)","Ad_B","Tablet","Evening",0,0.08,70,0.04,34.8899999999994
2874,874,"Greedy (Pure Exploitation)","Ad_B","Tablet","Afternoon",0,0.08,70,0.04,34.9299999999994
2875,875,"Greedy (Pure Exploitation)","Ad_B","Mobile","Morning",0,0.08,70,0.04,34.9699999999994
2876,876,"Greedy (Pure Exploitation)","Ad_B","Mobile","Morning",0,0.08,70,0.04,35.0099999999994
2877,877,"Greedy (Pure Exploitation)","Ad_B","Tablet","Evening",0,0.08,70,0.04,35.0499999999994
2878,878,"Greedy (Pure Exploitation)","Ad_B","Mobile","Evening",0,0.08,70,0.04,35.0899999999994
2879,879,"Greedy (Pure Exploitation)","Ad_B","Tablet","Evening",1,0.08,71,0.04,35.1299999999994
2880,880,"Greedy (Pure Exploitation)","Ad_B","Tablet","Evening",0,0.08,71,0.04,35.1699999999994
2881,881,"Greedy (Pure Exploitation)","Ad_B","Mobile","Afternoon",0,0.08,71,0.04,35.2099999999994
2882,882,"Greedy (Pure Exploitation)","Ad_B","Mobile","Evening",0,0.08,71,0.04,35.2499999999994
2883,883,"Greedy (Pure Exploitation)","Ad_B","Desktop","Morning",0,0.08,71,0.04,35.2899999999994
2884,884,"Greedy (Pure Exploitation)","Ad_B","Mobile","Evening",0,0.08,71,0.04,35.3299999999994
2885,885,"Greedy (Pure Exploitation)","Ad_B","Desktop","Evening",0,0.08,71,0.04,35.3699999999994
2886,886,"Greedy (Pure Exploitation)","Ad_B","Mobile","Morning",0,0.08,71,0.04,35.4099999999994
2887,887,"Greedy (Pure Exploitation)","Ad_B","Tablet","Afternoon",0,0.08,71,0.04,35.4499999999994
2888,888,"Greedy (Pure Exploitation)","Ad_B","Desktop","Afternoon",0,0.08,71,0.04,35.4899999999994
2889,889,"Greedy (Pure Exploitation)","Ad_B","Desktop","Morning",0,0.08,71,0.04,35.5299999999994
2890,890,"Greedy (Pure Exploitation)","Ad_B","Tablet","Morning",0,0.08,71,0.04,35.5699999999994
2891,891,"Greedy (Pure Exploitation)","Ad_B","Mobile","Morning",0,0.08,71,0.04,35.6099999999994
2892,892,"Greedy (Pure Exploitation)","Ad_B","Mobile","Afternoon",0,0.08,71,0.04,35.6499999999994
2893,893,"Greedy (Pure Exploitation)","Ad_B","Tablet","Morning",0,0.08,71,0.04,35.6899999999994
2894,894,"Greedy (Pure Exploitation)","Ad_B","Tablet","Evening",0,0.08,71,0.04,35.7299999999994
2895,895,"Greedy (Pure Exploitation)","Ad_B","Tablet","Afternoon",0,0.08,71,0.04,35.7699999999994
2896,896,"Greedy (Pure Exploitation)","Ad_B","Tablet","Evening",0,0.08,71,0.04,35.8099999999994
2897,897,"Greedy (Pure Exploitation)","Ad_B","Tablet","Evening",0,0.08,71,0.04,35.8499999999994
2898,898,"Greedy (Pure Exploitation)","Ad_B","Mobile","Afternoon",0,0.08,71,0.04,35.8899999999994
2899,899,"Greedy (Pure Exploitation)","Ad_B","Desktop","Morning",0,0.08,71,0.04,35.9299999999994
2900,900,"Greedy (Pure Exploitation)","Ad_B","Desktop","Morning",0,0.08,71,0.04,35.9699999999994
2901,901,"Greedy (Pure Exploitation)","Ad_B","Desktop","Afternoon",0,0.08,71,0.04,36.0099999999994
2902,902,"Greedy (Pure Exploitation)","Ad_B","Mobile","Morning",1,0.08,72,0.04,36.0499999999994
2903,903,"Greedy (Pure Exploitation)","Ad_B","Desktop","Evening",0,0.08,72,0.04,36.0899999999994
2904,904,"Greedy (Pure Exploitation)","Ad_B","Tablet","Evening",0,0.08,72,0.04,36.1299999999994
2905,905,"Greedy (Pure Exploitation)","Ad_B","Tablet","Evening",0,0.08,72,0.04,36.1699999999994
2906,906,"Greedy (Pure Exploitation)","Ad_B","Desktop","Evening",0,0.08,72,0.04,36.2099999999994
2907,907,"Greedy (Pure Exploitation)","Ad_B","Desktop","Evening",0,0.08,72,0.04,36.2499999999994
2908,908,"Greedy (Pure Exploitation)","Ad_B","Desktop","Evening",0,0.08,72,0.04,36.2899999999994
2909,909,"Greedy (Pure Exploitation)","Ad_B","Mobile","Evening",0,0.08,72,0.04,36.3299999999994
2910,910,"Greedy (Pure Exploitation)","Ad_B","Tablet","Evening",0,0.08,72,0.04,36.3699999999994
2911,911,"Greedy (Pure Exploitation)","Ad_B","Desktop","Morning",0,0.08,72,0.04,36.4099999999994
2912,912,"Greedy (Pure Exploitation)","Ad_B","Tablet","Evening",0,0.08,72,0.04,36.4499999999994
2913,913,"Greedy (Pure Exploitation)","Ad_B","Mobile","Evening",0,0.08,72,0.04,36.4899999999994
2914,914,"Greedy (Pure Exploitation)","Ad_B","Desktop","Morning",0,0.08,72,0.04,36.5299999999994
2915,915,"Greedy (Pure Exploitation)","Ad_B","Tablet","Evening",0,0.08,72,0.04,36.5699999999994
2916,916,"Greedy (Pure Exploitation)","Ad_B","Desktop","Evening",0,0.08,72,0.04,36.6099999999994
2917,917,"Greedy (Pure Exploitation)","Ad_B","Desktop","Morning",0,0.08,72,0.04,36.6499999999994
2918,918,"Greedy (Pure Exploitation)","Ad_B","Tablet","Afternoon",0,0.08,72,0.04,36.6899999999994
2919,919,"Greedy (Pure Exploitation)","Ad_B","Desktop","Evening",0,0.08,72,0.04,36.7299999999994
2920,920,"Greedy (Pure Exploitation)","Ad_B","Desktop","Evening",0,0.08,72,0.04,36.7699999999994
2921,921,"Greedy (Pure Exploitation)","Ad_B","Mobile","Afternoon",0,0.08,72,0.04,36.8099999999994
2922,922,"Greedy (Pure Exploitation)","Ad_B","Tablet","Morning",0,0.08,72,0.04,36.8499999999994
2923,923,"Greedy (Pure Exploitation)","Ad_B","Tablet","Afternoon",0,0.08,72,0.04,36.8899999999994
2924,924,"Greedy (Pure Exploitation)","Ad_B","Mobile","Afternoon",0,0.08,72,0.04,36.9299999999994
2925,925,"Greedy (Pure Exploitation)","Ad_B","Mobile","Evening",0,0.08,72,0.04,36.9699999999994
2926,926,"Greedy (Pure Exploitation)","Ad_B","Desktop","Morning",0,0.08,72,0.04,37.0099999999994
2927,927,"Greedy (Pure Exploitation)","Ad_B","Desktop","Morning",0,0.08,72,0.04,37.0499999999994
2928,928,"Greedy (Pure Exploitation)","Ad_B","Mobile","Afternoon",0,0.08,72,0.04,37.0899999999994
2929,929,"Greedy (Pure Exploitation)","Ad_B","Tablet","Morning",0,0.08,72,0.04,37.1299999999994
2930,930,"Greedy (Pure Exploitation)","Ad_B","Tablet","Morning",0,0.08,72,0.04,37.1699999999994
2931,931,"Greedy (Pure Exploitation)","Ad_B","Desktop","Afternoon",1,0.08,73,0.04,37.2099999999994
2932,932,"Greedy (Pure Exploitation)","Ad_B","Tablet","Evening",1,0.08,74,0.04,37.2499999999994
2933,933,"Greedy (Pure Exploitation)","Ad_B","Tablet","Morning",0,0.08,74,0.04,37.2899999999994
2934,934,"Greedy (Pure Exploitation)","Ad_B","Tablet","Morning",0,0.08,74,0.04,37.3299999999994
2935,935,"Greedy (Pure Exploitation)","Ad_B","Desktop","Afternoon",0,0.08,74,0.04,37.3699999999994
2936,936,"Greedy (Pure Exploitation)","Ad_B","Desktop","Afternoon",0,0.08,74,0.04,37.4099999999994
2937,937,"Greedy (Pure Exploitation)","Ad_B","Desktop","Morning",0,0.08,74,0.04,37.4499999999994
2938,938,"Greedy (Pure Exploitation)","Ad_B","Desktop","Afternoon",0,0.08,74,0.04,37.4899999999994
2939,939,"Greedy (Pure Exploitation)","Ad_B","Mobile","Morning",0,0.08,74,0.04,37.5299999999994
2940,940,"Greedy (Pure Exploitation)","Ad_B","Desktop","Morning",0,0.08,74,0.04,37.5699999999994
2941,941,"Greedy (Pure Exploitation)","Ad_B","Desktop","Morning",0,0.08,74,0.04,37.6099999999994
2942,942,"Greedy (Pure Exploitation)","Ad_B","Mobile","Morning",0,0.08,74,0.04,37.6499999999994
2943,943,"Greedy (Pure Exploitation)","Ad_B","Tablet","Morning",0,0.08,74,0.04,37.6899999999994
2944,944,"Greedy (Pure Exploitation)","Ad_B","Mobile","Morning",0,0.08,74,0.04,37.7299999999994
2945,945,"Greedy (Pure Exploitation)","Ad_B","Desktop","Afternoon",0,0.08,74,0.04,37.7699999999994
2946,946,"Greedy (Pure Exploitation)","Ad_B","Mobile","Afternoon",0,0.08,74,0.04,37.8099999999994
2947,947,"Greedy (Pure Exploitation)","Ad_B","Mobile","Afternoon",1,0.08,75,0.04,37.8499999999994
2948,948,"Greedy (Pure Exploitation)","Ad_B","Tablet","Afternoon",0,0.08,75,0.04,37.8899999999994
2949,949,"Greedy (Pure Exploitation)","Ad_B","Desktop","Afternoon",0,0.08,75,0.04,37.9299999999994
2950,950,"Greedy (Pure Exploitation)","Ad_B","Mobile","Morning",1,0.08,76,0.04,37.9699999999994
2951,951,"Greedy (Pure Exploitation)","Ad_B","Mobile","Morning",0,0.08,76,0.04,38.0099999999994
2952,952,"Greedy (Pure Exploitation)","Ad_B","Tablet","Morning",0,0.08,76,0.04,38.0499999999994
2953,953,"Greedy (Pure Exploitation)","Ad_B","Tablet","Morning",0,0.08,76,0.04,38.0899999999994
2954,954,"Greedy (Pure Exploitation)","Ad_B","Tablet","Evening",0,0.08,76,0.04,38.1299999999994
2955,955,"Greedy (Pure Exploitation)","Ad_B","Mobile","Afternoon",0,0.08,76,0.04,38.1699999999994
2956,956,"Greedy (Pure Exploitation)","Ad_B","Desktop","Afternoon",1,0.08,77,0.04,38.2099999999994
2957,957,"Greedy (Pure Exploitation)","Ad_B","Desktop","Afternoon",0,0.08,77,0.04,38.2499999999994
2958,958,"Greedy (Pure Exploitation)","Ad_B","Mobile","Afternoon",0,0.08,77,0.04,38.2899999999994
2959,959,"Greedy (Pure Exploitation)","Ad_B","Desktop","Evening",0,0.08,77,0.04,38.3299999999994
2960,960,"Greedy (Pure Exploitation)","Ad_B","Mobile","Evening",0,0.08,77,0.04,38.3699999999994
2961,961,"Greedy (Pure Exploitation)","Ad_B","Mobile","Afternoon",0,0.08,77,0.04,38.4099999999994
2962,962,"Greedy (Pure Exploitation)","Ad_B","Mobile","Morning",0,0.08,77,0.04,38.4499999999994
2963,963,"Greedy (Pure Exploitation)","Ad_B","Desktop","Afternoon",0,0.08,77,0.04,38.4899999999994
2964,964,"Greedy (Pure Exploitation)","Ad_B","Tablet","Afternoon",0,0.08,77,0.04,38.5299999999994
2965,965,"Greedy (Pure Exploitation)","Ad_B","Tablet","Afternoon",1,0.08,78,0.04,38.5699999999994
2966,966,"Greedy (Pure Exploitation)","Ad_B","Tablet","Morning",0,0.08,78,0.04,38.6099999999994
2967,967,"Greedy (Pure Exploitation)","Ad_B","Tablet","Afternoon",0,0.08,78,0.04,38.6499999999994
2968,968,"Greedy (Pure Exploitation)","Ad_B","Desktop","Afternoon",0,0.08,78,0.04,38.6899999999994
2969,969,"Greedy (Pure Exploitation)","Ad_B","Tablet","Evening",0,0.08,78,0.04,38.7299999999994
2970,970,"Greedy (Pure Exploitation)","Ad_B","Tablet","Afternoon",0,0.08,78,0.04,38.7699999999993
2971,971,"Greedy (Pure Exploitation)","Ad_B","Tablet","Evening",0,0.08,78,0.04,38.8099999999993
2972,972,"Greedy (Pure Exploitation)","Ad_B","Mobile","Morning",1,0.08,79,0.04,38.8499999999993
2973,973,"Greedy (Pure Exploitation)","Ad_B","Desktop","Evening",0,0.08,79,0.04,38.8899999999993
2974,974,"Greedy (Pure Exploitation)","Ad_B","Mobile","Evening",0,0.08,79,0.04,38.9299999999993
2975,975,"Greedy (Pure Exploitation)","Ad_B","Tablet","Afternoon",0,0.08,79,0.04,38.9699999999993
2976,976,"Greedy (Pure Exploitation)","Ad_B","Desktop","Afternoon",0,0.08,79,0.04,39.0099999999993
2977,977,"Greedy (Pure Exploitation)","Ad_B","Desktop","Morning",0,0.08,79,0.04,39.0499999999993
2978,978,"Greedy (Pure Exploitation)","Ad_B","Mobile","Evening",1,0.08,80,0.04,39.0899999999993
2979,979,"Greedy (Pure Exploitation)","Ad_B","Tablet","Morning",0,0.08,80,0.04,39.1299999999993
2980,980,"Greedy (Pure Exploitation)","Ad_B","Mobile","Evening",0,0.08,80,0.04,39.1699999999993
2981,981,"Greedy (Pure Exploitation)","Ad_B","Tablet","Evening",0,0.08,80,0.04,39.2099999999993
2982,982,"Greedy (Pure Exploitation)","Ad_B","Mobile","Evening",0,0.08,80,0.04,39.2499999999993
2983,983,"Greedy (Pure Exploitation)","Ad_B","Desktop","Morning",0,0.08,80,0.04,39.2899999999993
2984,984,"Greedy (Pure Exploitation)","Ad_B","Mobile","Afternoon",0,0.08,80,0.04,39.3299999999993
2985,985,"Greedy (Pure Exploitation)","Ad_B","Mobile","Afternoon",0,0.08,80,0.04,39.3699999999993
2986,986,"Greedy (Pure Exploitation)","Ad_B","Mobile","Morning",0,0.08,80,0.04,39.4099999999993
2987,987,"Greedy (Pure Exploitation)","Ad_B","Tablet","Morning",0,0.08,80,0.04,39.4499999999993
2988,988,"Greedy (Pure Exploitation)","Ad_B","Desktop","Morning",0,0.08,80,0.04,39.4899999999993
2989,989,"Greedy (Pure Exploitation)","Ad_B","Mobile","Afternoon",0,0.08,80,0.04,39.5299999999993
2990,990,"Greedy (Pure Exploitation)","Ad_B","Mobile","Afternoon",0,0.08,80,0.04,39.5699999999993
2991,991,"Greedy (Pure Exploitation)","Ad_B","Tablet","Morning",0,0.08,80,0.04,39.6099999999993
2992,992,"Greedy (Pure Exploitation)","Ad_B","Tablet","Morning",0,0.08,80,0.04,39.6499999999993
2993,993,"Greedy (Pure Exploitation)","Ad_B","Mobile","Afternoon",0,0.08,80,0.04,39.6899999999993
2994,994,"Greedy (Pure Exploitation)","Ad_B","Mobile","Morning",0,0.08,80,0.04,39.7299999999993
2995,995,"Greedy (Pure Exploitation)","Ad_B","Mobile","Afternoon",0,0.08,80,0.04,39.7699999999993
2996,996,"Greedy (Pure Exploitation)","Ad_B","Tablet","Evening",0,0.08,80,0.04,39.8099999999993
2997,997,"Greedy (Pure Exploitation)","Ad_B","Desktop","Morning",0,0.08,80,0.04,39.8499999999993
2998,998,"Greedy (Pure Exploitation)","Ad_B","Desktop","Evening",1,0.08,81,0.04,39.8899999999993
2999,999,"Greedy (Pure Exploitation)","Ad_B","Tablet","Evening",0,0.08,81,0.04,39.9299999999993
3000,1000,"Greedy (Pure Exploitation)","Ad_B","Mobile","Morning",0,0.08,81,0.04,39.9699999999993
3001,1001,"Greedy (Pure Exploitation)","Ad_B","Desktop","Afternoon",0,0.08,81,0.04,40.0099999999993
3002,1002,"Greedy (Pure Exploitation)","Ad_B","Desktop","Morning",0,0.08,81,0.04,40.0499999999993
3003,1003,"Greedy (Pure Exploitation)","Ad_B","Mobile","Morning",0,0.08,81,0.04,40.0899999999993
3004,1004,"Greedy (Pure Exploitation)","Ad_B","Desktop","Afternoon",0,0.08,81,0.04,40.1299999999993
3005,1005,"Greedy (Pure Exploitation)","Ad_B","Mobile","Morning",0,0.08,81,0.04,40.1699999999993
3006,1006,"Greedy (Pure Exploitation)","Ad_B","Desktop","Morning",0,0.08,81,0.04,40.2099999999993
3007,1007,"Greedy (Pure Exploitation)","Ad_B","Tablet","Evening",0,0.08,81,0.04,40.2499999999993
3008,1008,"Greedy (Pure Exploitation)","Ad_B","Desktop","Morning",1,0.08,82,0.04,40.2899999999993
3009,1009,"Greedy (Pure Exploitation)","Ad_B","Desktop","Morning",0,0.08,82,0.04,40.3299999999993
3010,1010,"Greedy (Pure Exploitation)","Ad_B","Desktop","Afternoon",0,0.08,82,0.04,40.3699999999993
3011,1011,"Greedy (Pure Exploitation)","Ad_B","Mobile","Afternoon",0,0.08,82,0.04,40.4099999999993
3012,1012,"Greedy (Pure Exploitation)","Ad_B","Desktop","Afternoon",0,0.08,82,0.04,40.4499999999993
3013,1013,"Greedy (Pure Exploitation)","Ad_B","Mobile","Morning",0,0.08,82,0.04,40.4899999999993
3014,1014,"Greedy (Pure Exploitation)","Ad_B","Mobile","Evening",0,0.08,82,0.04,40.5299999999993
3015,1015,"Greedy (Pure Exploitation)","Ad_B","Desktop","Evening",0,0.08,82,0.04,40.5699999999993
3016,1016,"Greedy (Pure Exploitation)","Ad_B","Tablet","Evening",0,0.08,82,0.04,40.6099999999993
3017,1017,"Greedy (Pure Exploitation)","Ad_B","Tablet","Afternoon",0,0.08,82,0.04,40.6499999999993
3018,1018,"Greedy (Pure Exploitation)","Ad_B","Mobile","Morning",0,0.08,82,0.04,40.6899999999993
3019,1019,"Greedy (Pure Exploitation)","Ad_B","Tablet","Afternoon",0,0.08,82,0.04,40.7299999999993
3020,1020,"Greedy (Pure Exploitation)","Ad_B","Mobile","Afternoon",0,0.08,82,0.04,40.7699999999993
3021,1021,"Greedy (Pure Exploitation)","Ad_B","Desktop","Morning",0,0.08,82,0.04,40.8099999999993
3022,1022,"Greedy (Pure Exploitation)","Ad_B","Mobile","Morning",0,0.08,82,0.04,40.8499999999993
3023,1023,"Greedy (Pure Exploitation)","Ad_B","Desktop","Evening",0,0.08,82,0.04,40.8899999999993
3024,1024,"Greedy (Pure Exploitation)","Ad_B","Tablet","Evening",1,0.08,83,0.04,40.9299999999993
3025,1025,"Greedy (Pure Exploitation)","Ad_B","Tablet","Evening",0,0.08,83,0.04,40.9699999999993
3026,1026,"Greedy (Pure Exploitation)","Ad_B","Tablet","Afternoon",0,0.08,83,0.04,41.0099999999993
3027,1027,"Greedy (Pure Exploitation)","Ad_B","Tablet","Afternoon",0,0.08,83,0.04,41.0499999999993
3028,1028,"Greedy (Pure Exploitation)","Ad_B","Tablet","Evening",0,0.08,83,0.04,41.0899999999993
3029,1029,"Greedy (Pure Exploitation)","Ad_B","Mobile","Afternoon",0,0.08,83,0.04,41.1299999999993
3030,1030,"Greedy (Pure Exploitation)","Ad_B","Tablet","Morning",0,0.08,83,0.04,41.1699999999993
3031,1031,"Greedy (Pure Exploitation)","Ad_B","Desktop","Evening",0,0.08,83,0.04,41.2099999999993
3032,1032,"Greedy (Pure Exploitation)","Ad_B","Mobile","Evening",0,0.08,83,0.04,41.2499999999993
3033,1033,"Greedy (Pure Exploitation)","Ad_B","Desktop","Morning",0,0.08,83,0.04,41.2899999999993
3034,1034,"Greedy (Pure Exploitation)","Ad_B","Tablet","Morning",0,0.08,83,0.04,41.3299999999993
3035,1035,"Greedy (Pure Exploitation)","Ad_B","Desktop","Evening",0,0.08,83,0.04,41.3699999999993
3036,1036,"Greedy (Pure Exploitation)","Ad_B","Tablet","Morning",1,0.08,84,0.04,41.4099999999993
3037,1037,"Greedy (Pure Exploitation)","Ad_B","Tablet","Afternoon",0,0.08,84,0.04,41.4499999999993
3038,1038,"Greedy (Pure Exploitation)","Ad_B","Mobile","Evening",0,0.08,84,0.04,41.4899999999993
3039,1039,"Greedy (Pure Exploitation)","Ad_B","Desktop","Morning",0,0.08,84,0.04,41.5299999999993
3040,1040,"Greedy (Pure Exploitation)","Ad_B","Desktop","Morning",0,0.08,84,0.04,41.5699999999993
3041,1041,"Greedy (Pure Exploitation)","Ad_B","Desktop","Morning",1,0.08,85,0.04,41.6099999999993
3042,1042,"Greedy (Pure Exploitation)","Ad_B","Tablet","Afternoon",0,0.08,85,0.04,41.6499999999993
3043,1043,"Greedy (Pure Exploitation)","Ad_B","Mobile","Afternoon",0,0.08,85,0.04,41.6899999999993
3044,1044,"Greedy (Pure Exploitation)","Ad_B","Mobile","Afternoon",0,0.08,85,0.04,41.7299999999993
3045,1045,"Greedy (Pure Exploitation)","Ad_B","Mobile","Afternoon",1,0.08,86,0.04,41.7699999999993
3046,1046,"Greedy (Pure Exploitation)","Ad_B","Tablet","Afternoon",0,0.08,86,0.04,41.8099999999993
3047,1047,"Greedy (Pure Exploitation)","Ad_B","Desktop","Morning",0,0.08,86,0.04,41.8499999999993
3048,1048,"Greedy (Pure Exploitation)","Ad_B","Desktop","Evening",0,0.08,86,0.04,41.8899999999993
3049,1049,"Greedy (Pure Exploitation)","Ad_B","Desktop","Evening",0,0.08,86,0.04,41.9299999999993
3050,1050,"Greedy (Pure Exploitation)","Ad_B","Tablet","Morning",0,0.08,86,0.04,41.9699999999993
3051,1051,"Greedy (Pure Exploitation)","Ad_B","Mobile","Afternoon",0,0.08,86,0.04,42.0099999999993
3052,1052,"Greedy (Pure Exploitation)","Ad_B","Tablet","Evening",0,0.08,86,0.04,42.0499999999993
3053,1053,"Greedy (Pure Exploitation)","Ad_B","Desktop","Morning",1,0.08,87,0.04,42.0899999999993
3054,1054,"Greedy (Pure Exploitation)","Ad_B","Mobile","Afternoon",0,0.08,87,0.04,42.1299999999993
3055,1055,"Greedy (Pure Exploitation)","Ad_B","Mobile","Morning",0,0.08,87,0.04,42.1699999999993
3056,1056,"Greedy (Pure Exploitation)","Ad_B","Desktop","Evening",0,0.08,87,0.04,42.2099999999993
3057,1057,"Greedy (Pure Exploitation)","Ad_B","Tablet","Morning",0,0.08,87,0.04,42.2499999999993
3058,1058,"Greedy (Pure Exploitation)","Ad_B","Desktop","Morning",0,0.08,87,0.04,42.2899999999993
3059,1059,"Greedy (Pure Exploitation)","Ad_B","Tablet","Evening",0,0.08,87,0.04,42.3299999999993
3060,1060,"Greedy (Pure Exploitation)","Ad_B","Desktop","Evening",0,0.08,87,0.04,42.3699999999993
3061,1061,"Greedy (Pure Exploitation)","Ad_B","Mobile","Morning",0,0.08,87,0.04,42.4099999999993
3062,1062,"Greedy (Pure Exploitation)","Ad_B","Desktop","Morning",0,0.08,87,0.04,42.4499999999993
3063,1063,"Greedy (Pure Exploitation)","Ad_B","Tablet","Afternoon",0,0.08,87,0.04,42.4899999999993
3064,1064,"Greedy (Pure Exploitation)","Ad_B","Mobile","Evening",0,0.08,87,0.04,42.5299999999993
3065,1065,"Greedy (Pure Exploitation)","Ad_B","Tablet","Morning",0,0.08,87,0.04,42.5699999999993
3066,1066,"Greedy (Pure Exploitation)","Ad_B","Desktop","Afternoon",0,0.08,87,0.04,42.6099999999993
3067,1067,"Greedy (Pure Exploitation)","Ad_B","Tablet","Afternoon",0,0.08,87,0.04,42.6499999999993
3068,1068,"Greedy (Pure Exploitation)","Ad_B","Mobile","Afternoon",0,0.08,87,0.04,42.6899999999993
3069,1069,"Greedy (Pure Exploitation)","Ad_B","Tablet","Evening",0,0.08,87,0.04,42.7299999999993
3070,1070,"Greedy (Pure Exploitation)","Ad_B","Tablet","Morning",0,0.08,87,0.04,42.7699999999993
3071,1071,"Greedy (Pure Exploitation)","Ad_B","Tablet","Morning",0,0.08,87,0.04,42.8099999999993
3072,1072,"Greedy (Pure Exploitation)","Ad_B","Tablet","Morning",0,0.08,87,0.04,42.8499999999993
3073,1073,"Greedy (Pure Exploitation)","Ad_B","Desktop","Evening",0,0.08,87,0.04,42.8899999999993
3074,1074,"Greedy (Pure Exploitation)","Ad_B","Tablet","Afternoon",0,0.08,87,0.04,42.9299999999993
3075,1075,"Greedy (Pure Exploitation)","Ad_B","Desktop","Afternoon",0,0.08,87,0.04,42.9699999999993
3076,1076,"Greedy (Pure Exploitation)","Ad_B","Mobile","Evening",0,0.08,87,0.04,43.0099999999993
3077,1077,"Greedy (Pure Exploitation)","Ad_B","Tablet","Morning",1,0.08,88,0.04,43.0499999999993
3078,1078,"Greedy (Pure Exploitation)","Ad_B","Mobile","Afternoon",0,0.08,88,0.04,43.0899999999993
3079,1079,"Greedy (Pure Exploitation)","Ad_B","Mobile","Evening",0,0.08,88,0.04,43.1299999999993
3080,1080,"Greedy (Pure Exploitation)","Ad_B","Mobile","Morning",0,0.08,88,0.04,43.1699999999993
3081,1081,"Greedy (Pure Exploitation)","Ad_B","Tablet","Afternoon",0,0.08,88,0.04,43.2099999999993
3082,1082,"Greedy (Pure Exploitation)","Ad_B","Tablet","Morning",0,0.08,88,0.04,43.2499999999993
3083,1083,"Greedy (Pure Exploitation)","Ad_B","Mobile","Afternoon",0,0.08,88,0.04,43.2899999999993
3084,1084,"Greedy (Pure Exploitation)","Ad_B","Desktop","Morning",0,0.08,88,0.04,43.3299999999993
3085,1085,"Greedy (Pure Exploitation)","Ad_B","Mobile","Evening",0,0.08,88,0.04,43.3699999999993
3086,1086,"Greedy (Pure Exploitation)","Ad_B","Mobile","Afternoon",0,0.08,88,0.04,43.4099999999993
3087,1087,"Greedy (Pure Exploitation)","Ad_B","Mobile","Evening",0,0.08,88,0.04,43.4499999999992
3088,1088,"Greedy (Pure Exploitation)","Ad_B","Tablet","Afternoon",0,0.08,88,0.04,43.4899999999992
3089,1089,"Greedy (Pure Exploitation)","Ad_B","Mobile","Morning",0,0.08,88,0.04,43.5299999999992
3090,1090,"Greedy (Pure Exploitation)","Ad_B","Mobile","Evening",1,0.08,89,0.04,43.5699999999992
3091,1091,"Greedy (Pure Exploitation)","Ad_B","Mobile","Evening",0,0.08,89,0.04,43.6099999999992
3092,1092,"Greedy (Pure Exploitation)","Ad_B","Desktop","Morning",0,0.08,89,0.04,43.6499999999992
3093,1093,"Greedy (Pure Exploitation)","Ad_B","Tablet","Afternoon",1,0.08,90,0.04,43.6899999999992
3094,1094,"Greedy (Pure Exploitation)","Ad_B","Tablet","Evening",0,0.08,90,0.04,43.7299999999992
3095,1095,"Greedy (Pure Exploitation)","Ad_B","Tablet","Evening",0,0.08,90,0.04,43.7699999999992
3096,1096,"Greedy (Pure Exploitation)","Ad_B","Tablet","Morning",0,0.08,90,0.04,43.8099999999992
3097,1097,"Greedy (Pure Exploitation)","Ad_B","Tablet","Afternoon",0,0.08,90,0.04,43.8499999999992
3098,1098,"Greedy (Pure Exploitation)","Ad_B","Desktop","Evening",0,0.08,90,0.04,43.8899999999992
3099,1099,"Greedy (Pure Exploitation)","Ad_B","Tablet","Morning",0,0.08,90,0.04,43.9299999999992
3100,1100,"Greedy (Pure Exploitation)","Ad_B","Tablet","Afternoon",0,0.08,90,0.04,43.9699999999992
3101,1101,"Greedy (Pure Exploitation)","Ad_B","Tablet","Afternoon",1,0.08,91,0.04,44.0099999999992
3102,1102,"Greedy (Pure Exploitation)","Ad_B","Desktop","Evening",0,0.08,91,0.04,44.0499999999992
3103,1103,"Greedy (Pure Exploitation)","Ad_B","Tablet","Morning",0,0.08,91,0.04,44.0899999999992
3104,1104,"Greedy (Pure Exploitation)","Ad_B","Mobile","Evening",0,0.08,91,0.04,44.1299999999992
3105,1105,"Greedy (Pure Exploitation)","Ad_B","Mobile","Afternoon",0,0.08,91,0.04,44.1699999999992
3106,1106,"Greedy (Pure Exploitation)","Ad_B","Desktop","Evening",0,0.08,91,0.04,44.2099999999992
3107,1107,"Greedy (Pure Exploitation)","Ad_B","Tablet","Evening",0,0.08,91,0.04,44.2499999999992
3108,1108,"Greedy (Pure Exploitation)","Ad_B","Mobile","Evening",0,0.08,91,0.04,44.2899999999992
3109,1109,"Greedy (Pure Exploitation)","Ad_B","Desktop","Morning",0,0.08,91,0.04,44.3299999999992
3110,1110,"Greedy (Pure Exploitation)","Ad_B","Mobile","Evening",0,0.08,91,0.04,44.3699999999992
3111,1111,"Greedy (Pure Exploitation)","Ad_B","Tablet","Evening",0,0.08,91,0.04,44.4099999999992
3112,1112,"Greedy (Pure Exploitation)","Ad_B","Desktop","Evening",0,0.08,91,0.04,44.4499999999992
3113,1113,"Greedy (Pure Exploitation)","Ad_B","Tablet","Afternoon",1,0.08,92,0.04,44.4899999999992
3114,1114,"Greedy (Pure Exploitation)","Ad_B","Mobile","Morning",0,0.08,92,0.04,44.5299999999992
3115,1115,"Greedy (Pure Exploitation)","Ad_B","Desktop","Evening",0,0.08,92,0.04,44.5699999999992
3116,1116,"Greedy (Pure Exploitation)","Ad_B","Mobile","Morning",1,0.08,93,0.04,44.6099999999992
3117,1117,"Greedy (Pure Exploitation)","Ad_B","Desktop","Afternoon",0,0.08,93,0.04,44.6499999999992
3118,1118,"Greedy (Pure Exploitation)","Ad_B","Desktop","Afternoon",0,0.08,93,0.04,44.6899999999992
3119,1119,"Greedy (Pure Exploitation)","Ad_B","Mobile","Morning",0,0.08,93,0.04,44.7299999999992
3120,1120,"Greedy (Pure Exploitation)","Ad_B","Desktop","Morning",0,0.08,93,0.04,44.7699999999992
3121,1121,"Greedy (Pure Exploitation)","Ad_B","Mobile","Afternoon",0,0.08,93,0.04,44.8099999999992
3122,1122,"Greedy (Pure Exploitation)","Ad_B","Desktop","Afternoon",0,0.08,93,0.04,44.8499999999992
3123,1123,"Greedy (Pure Exploitation)","Ad_B","Tablet","Afternoon",0,0.08,93,0.04,44.8899999999992
3124,1124,"Greedy (Pure Exploitation)","Ad_B","Mobile","Morning",0,0.08,93,0.04,44.9299999999992
3125,1125,"Greedy (Pure Exploitation)","Ad_B","Desktop","Morning",0,0.08,93,0.04,44.9699999999992
3126,1126,"Greedy (Pure Exploitation)","Ad_B","Desktop","Afternoon",0,0.08,93,0.04,45.0099999999992
3127,1127,"Greedy (Pure Exploitation)","Ad_B","Desktop","Afternoon",0,0.08,93,0.04,45.0499999999992
3128,1128,"Greedy (Pure Exploitation)","Ad_B","Tablet","Afternoon",0,0.08,93,0.04,45.0899999999992
3129,1129,"Greedy (Pure Exploitation)","Ad_B","Mobile","Evening",0,0.08,93,0.04,45.1299999999992
3130,1130,"Greedy (Pure Exploitation)","Ad_B","Tablet","Evening",0,0.08,93,0.04,45.1699999999992
3131,1131,"Greedy (Pure Exploitation)","Ad_B","Desktop","Evening",0,0.08,93,0.04,45.2099999999992
3132,1132,"Greedy (Pure Exploitation)","Ad_B","Desktop","Evening",0,0.08,93,0.04,45.2499999999992
3133,1133,"Greedy (Pure Exploitation)","Ad_B","Desktop","Afternoon",0,0.08,93,0.04,45.2899999999992
3134,1134,"Greedy (Pure Exploitation)","Ad_B","Desktop","Evening",0,0.08,93,0.04,45.3299999999992
3135,1135,"Greedy (Pure Exploitation)","Ad_B","Desktop","Afternoon",0,0.08,93,0.04,45.3699999999992
3136,1136,"Greedy (Pure Exploitation)","Ad_B","Desktop","Afternoon",0,0.08,93,0.04,45.4099999999992
3137,1137,"Greedy (Pure Exploitation)","Ad_B","Desktop","Evening",0,0.08,93,0.04,45.4499999999992
3138,1138,"Greedy (Pure Exploitation)","Ad_B","Desktop","Afternoon",0,0.08,93,0.04,45.4899999999992
3139,1139,"Greedy (Pure Exploitation)","Ad_B","Desktop","Evening",0,0.08,93,0.04,45.5299999999992
3140,1140,"Greedy (Pure Exploitation)","Ad_B","Mobile","Morning",0,0.08,93,0.04,45.5699999999992
3141,1141,"Greedy (Pure Exploitation)","Ad_B","Mobile","Morning",0,0.08,93,0.04,45.6099999999992
3142,1142,"Greedy (Pure Exploitation)","Ad_B","Tablet","Evening",0,0.08,93,0.04,45.6499999999992
3143,1143,"Greedy (Pure Exploitation)","Ad_B","Tablet","Evening",0,0.08,93,0.04,45.6899999999992
3144,1144,"Greedy (Pure Exploitation)","Ad_B","Tablet","Evening",0,0.08,93,0.04,45.7299999999992
3145,1145,"Greedy (Pure Exploitation)","Ad_B","Tablet","Evening",0,0.08,93,0.04,45.7699999999992
3146,1146,"Greedy (Pure Exploitation)","Ad_B","Desktop","Evening",0,0.08,93,0.04,45.8099999999992
3147,1147,"Greedy (Pure Exploitation)","Ad_B","Tablet","Morning",0,0.08,93,0.04,45.8499999999992
3148,1148,"Greedy (Pure Exploitation)","Ad_B","Mobile","Afternoon",0,0.08,93,0.04,45.8899999999992
3149,1149,"Greedy (Pure Exploitation)","Ad_B","Mobile","Evening",0,0.08,93,0.04,45.9299999999992
3150,1150,"Greedy (Pure Exploitation)","Ad_B","Mobile","Morning",0,0.08,93,0.04,45.9699999999992
3151,1151,"Greedy (Pure Exploitation)","Ad_B","Tablet","Afternoon",0,0.08,93,0.04,46.0099999999992
3152,1152,"Greedy (Pure Exploitation)","Ad_B","Mobile","Evening",0,0.08,93,0.04,46.0499999999992
3153,1153,"Greedy (Pure Exploitation)","Ad_B","Mobile","Afternoon",0,0.08,93,0.04,46.0899999999992
3154,1154,"Greedy (Pure Exploitation)","Ad_B","Tablet","Afternoon",0,0.08,93,0.04,46.1299999999992
3155,1155,"Greedy (Pure Exploitation)","Ad_B","Mobile","Morning",0,0.08,93,0.04,46.1699999999992
3156,1156,"Greedy (Pure Exploitation)","Ad_B","Tablet","Evening",0,0.08,93,0.04,46.2099999999992
3157,1157,"Greedy (Pure Exploitation)","Ad_B","Mobile","Evening",0,0.08,93,0.04,46.2499999999992
3158,1158,"Greedy (Pure Exploitation)","Ad_B","Tablet","Evening",1,0.08,94,0.04,46.2899999999992
3159,1159,"Greedy (Pure Exploitation)","Ad_B","Tablet","Evening",1,0.08,95,0.04,46.3299999999992
3160,1160,"Greedy (Pure Exploitation)","Ad_B","Desktop","Evening",1,0.08,96,0.04,46.3699999999992
3161,1161,"Greedy (Pure Exploitation)","Ad_B","Mobile","Morning",0,0.08,96,0.04,46.4099999999992
3162,1162,"Greedy (Pure Exploitation)","Ad_B","Tablet","Afternoon",0,0.08,96,0.04,46.4499999999992
3163,1163,"Greedy (Pure Exploitation)","Ad_B","Desktop","Morning",1,0.08,97,0.04,46.4899999999992
3164,1164,"Greedy (Pure Exploitation)","Ad_B","Desktop","Evening",0,0.08,97,0.04,46.5299999999992
3165,1165,"Greedy (Pure Exploitation)","Ad_B","Tablet","Morning",0,0.08,97,0.04,46.5699999999992
3166,1166,"Greedy (Pure Exploitation)","Ad_B","Desktop","Morning",0,0.08,97,0.04,46.6099999999992
3167,1167,"Greedy (Pure Exploitation)","Ad_B","Tablet","Evening",1,0.08,98,0.04,46.6499999999992
3168,1168,"Greedy (Pure Exploitation)","Ad_B","Mobile","Evening",0,0.08,98,0.04,46.6899999999992
3169,1169,"Greedy (Pure Exploitation)","Ad_B","Tablet","Morning",0,0.08,98,0.04,46.7299999999992
3170,1170,"Greedy (Pure Exploitation)","Ad_B","Desktop","Afternoon",0,0.08,98,0.04,46.7699999999992
3171,1171,"Greedy (Pure Exploitation)","Ad_B","Mobile","Afternoon",0,0.08,98,0.04,46.8099999999992
3172,1172,"Greedy (Pure Exploitation)","Ad_B","Desktop","Evening",0,0.08,98,0.04,46.8499999999992
3173,1173,"Greedy (Pure Exploitation)","Ad_B","Desktop","Morning",0,0.08,98,0.04,46.8899999999992
3174,1174,"Greedy (Pure Exploitation)","Ad_B","Desktop","Evening",0,0.08,98,0.04,46.9299999999992
3175,1175,"Greedy (Pure Exploitation)","Ad_B","Desktop","Evening",0,0.08,98,0.04,46.9699999999992
3176,1176,"Greedy (Pure Exploitation)","Ad_B","Mobile","Afternoon",0,0.08,98,0.04,47.0099999999992
3177,1177,"Greedy (Pure Exploitation)","Ad_B","Tablet","Afternoon",0,0.08,98,0.04,47.0499999999992
3178,1178,"Greedy (Pure Exploitation)","Ad_B","Mobile","Afternoon",0,0.08,98,0.04,47.0899999999992
3179,1179,"Greedy (Pure Exploitation)","Ad_B","Desktop","Evening",0,0.08,98,0.04,47.1299999999992
3180,1180,"Greedy (Pure Exploitation)","Ad_B","Tablet","Afternoon",0,0.08,98,0.04,47.1699999999992
3181,1181,"Greedy (Pure Exploitation)","Ad_B","Tablet","Afternoon",0,0.08,98,0.04,47.2099999999992
3182,1182,"Greedy (Pure Exploitation)","Ad_B","Desktop","Morning",0,0.08,98,0.04,47.2499999999992
3183,1183,"Greedy (Pure Exploitation)","Ad_B","Mobile","Afternoon",0,0.08,98,0.04,47.2899999999992
3184,1184,"Greedy (Pure Exploitation)","Ad_B","Tablet","Afternoon",0,0.08,98,0.04,47.3299999999992
3185,1185,"Greedy (Pure Exploitation)","Ad_B","Tablet","Evening",0,0.08,98,0.04,47.3699999999992
3186,1186,"Greedy (Pure Exploitation)","Ad_B","Tablet","Afternoon",0,0.08,98,0.04,47.4099999999992
3187,1187,"Greedy (Pure Exploitation)","Ad_B","Mobile","Afternoon",0,0.08,98,0.04,47.4499999999992
3188,1188,"Greedy (Pure Exploitation)","Ad_B","Mobile","Evening",0,0.08,98,0.04,47.4899999999992
3189,1189,"Greedy (Pure Exploitation)","Ad_B","Tablet","Afternoon",0,0.08,98,0.04,47.5299999999992
3190,1190,"Greedy (Pure Exploitation)","Ad_B","Desktop","Morning",0,0.08,98,0.04,47.5699999999992
3191,1191,"Greedy (Pure Exploitation)","Ad_B","Tablet","Evening",0,0.08,98,0.04,47.6099999999992
3192,1192,"Greedy (Pure Exploitation)","Ad_B","Tablet","Morning",0,0.08,98,0.04,47.6499999999992
3193,1193,"Greedy (Pure Exploitation)","Ad_B","Mobile","Evening",0,0.08,98,0.04,47.6899999999992
3194,1194,"Greedy (Pure Exploitation)","Ad_B","Tablet","Afternoon",0,0.08,98,0.04,47.7299999999992
3195,1195,"Greedy (Pure Exploitation)","Ad_B","Tablet","Evening",0,0.08,98,0.04,47.7699999999992
3196,1196,"Greedy (Pure Exploitation)","Ad_B","Tablet","Morning",0,0.08,98,0.04,47.8099999999992
3197,1197,"Greedy (Pure Exploitation)","Ad_B","Tablet","Morning",0,0.08,98,0.04,47.8499999999992
3198,1198,"Greedy (Pure Exploitation)","Ad_B","Tablet","Morning",0,0.08,98,0.04,47.8899999999992
3199,1199,"Greedy (Pure Exploitation)","Ad_B","Tablet","Morning",0,0.08,98,0.04,47.9299999999992
3200,1200,"Greedy (Pure Exploitation)","Ad_B","Tablet","Morning",0,0.08,98,0.04,47.9699999999992
3201,1201,"Greedy (Pure Exploitation)","Ad_B","Mobile","Afternoon",0,0.08,98,0.04,48.0099999999992
3202,1202,"Greedy (Pure Exploitation)","Ad_B","Mobile","Evening",0,0.08,98,0.04,48.0499999999992
3203,1203,"Greedy (Pure Exploitation)","Ad_B","Mobile","Afternoon",0,0.08,98,0.04,48.0899999999992
3204,1204,"Greedy (Pure Exploitation)","Ad_B","Mobile","Morning",0,0.08,98,0.04,48.1299999999991
3205,1205,"Greedy (Pure Exploitation)","Ad_B","Desktop","Afternoon",0,0.08,98,0.04,48.1699999999991
3206,1206,"Greedy (Pure Exploitation)","Ad_B","Mobile","Morning",0,0.08,98,0.04,48.2099999999991
3207,1207,"Greedy (Pure Exploitation)","Ad_B","Desktop","Evening",0,0.08,98,0.04,48.2499999999991
3208,1208,"Greedy (Pure Exploitation)","Ad_B","Mobile","Evening",0,0.08,98,0.04,48.2899999999991
3209,1209,"Greedy (Pure Exploitation)","Ad_B","Tablet","Morning",0,0.08,98,0.04,48.3299999999991
3210,1210,"Greedy (Pure Exploitation)","Ad_B","Tablet","Morning",0,0.08,98,0.04,48.3699999999991
3211,1211,"Greedy (Pure Exploitation)","Ad_B","Mobile","Afternoon",0,0.08,98,0.04,48.4099999999991
3212,1212,"Greedy (Pure Exploitation)","Ad_B","Mobile","Morning",0,0.08,98,0.04,48.4499999999991
3213,1213,"Greedy (Pure Exploitation)","Ad_B","Mobile","Morning",0,0.08,98,0.04,48.4899999999991
3214,1214,"Greedy (Pure Exploitation)","Ad_B","Desktop","Evening",0,0.08,98,0.04,48.5299999999991
3215,1215,"Greedy (Pure Exploitation)","Ad_B","Tablet","Evening",0,0.08,98,0.04,48.5699999999991
3216,1216,"Greedy (Pure Exploitation)","Ad_B","Tablet","Afternoon",0,0.08,98,0.04,48.6099999999991
3217,1217,"Greedy (Pure Exploitation)","Ad_B","Desktop","Morning",0,0.08,98,0.04,48.6499999999991
3218,1218,"Greedy (Pure Exploitation)","Ad_B","Tablet","Morning",0,0.08,98,0.04,48.6899999999991
3219,1219,"Greedy (Pure Exploitation)","Ad_B","Desktop","Morning",0,0.08,98,0.04,48.7299999999991
3220,1220,"Greedy (Pure Exploitation)","Ad_B","Desktop","Morning",0,0.08,98,0.04,48.7699999999991
3221,1221,"Greedy (Pure Exploitation)","Ad_B","Desktop","Morning",0,0.08,98,0.04,48.8099999999991
3222,1222,"Greedy (Pure Exploitation)","Ad_B","Desktop","Morning",0,0.08,98,0.04,48.8499999999991
3223,1223,"Greedy (Pure Exploitation)","Ad_B","Tablet","Afternoon",0,0.08,98,0.04,48.8899999999991
3224,1224,"Greedy (Pure Exploitation)","Ad_B","Tablet","Afternoon",0,0.08,98,0.04,48.9299999999991
3225,1225,"Greedy (Pure Exploitation)","Ad_B","Tablet","Morning",0,0.08,98,0.04,48.9699999999991
3226,1226,"Greedy (Pure Exploitation)","Ad_B","Mobile","Afternoon",0,0.08,98,0.04,49.0099999999991
3227,1227,"Greedy (Pure Exploitation)","Ad_B","Mobile","Afternoon",1,0.08,99,0.04,49.0499999999991
3228,1228,"Greedy (Pure Exploitation)","Ad_B","Tablet","Evening",0,0.08,99,0.04,49.0899999999991
3229,1229,"Greedy (Pure Exploitation)","Ad_B","Tablet","Afternoon",0,0.08,99,0.04,49.1299999999991
3230,1230,"Greedy (Pure Exploitation)","Ad_B","Tablet","Evening",0,0.08,99,0.04,49.1699999999991
3231,1231,"Greedy (Pure Exploitation)","Ad_B","Desktop","Afternoon",0,0.08,99,0.04,49.2099999999991
3232,1232,"Greedy (Pure Exploitation)","Ad_B","Mobile","Morning",0,0.08,99,0.04,49.2499999999991
3233,1233,"Greedy (Pure Exploitation)","Ad_B","Mobile","Afternoon",0,0.08,99,0.04,49.2899999999991
3234,1234,"Greedy (Pure Exploitation)","Ad_B","Desktop","Morning",0,0.08,99,0.04,49.3299999999991
3235,1235,"Greedy (Pure Exploitation)","Ad_B","Mobile","Evening",0,0.08,99,0.04,49.3699999999991
3236,1236,"Greedy (Pure Exploitation)","Ad_B","Mobile","Morning",0,0.08,99,0.04,49.4099999999991
3237,1237,"Greedy (Pure Exploitation)","Ad_B","Mobile","Morning",0,0.08,99,0.04,49.4499999999991
3238,1238,"Greedy (Pure Exploitation)","Ad_B","Tablet","Afternoon",0,0.08,99,0.04,49.4899999999991
3239,1239,"Greedy (Pure Exploitation)","Ad_B","Mobile","Afternoon",0,0.08,99,0.04,49.5299999999991
3240,1240,"Greedy (Pure Exploitation)","Ad_B","Desktop","Evening",0,0.08,99,0.04,49.5699999999991
3241,1241,"Greedy (Pure Exploitation)","Ad_B","Desktop","Afternoon",0,0.08,99,0.04,49.6099999999991
3242,1242,"Greedy (Pure Exploitation)","Ad_B","Tablet","Afternoon",0,0.08,99,0.04,49.6499999999991
3243,1243,"Greedy (Pure Exploitation)","Ad_B","Desktop","Afternoon",1,0.08,100,0.04,49.6899999999991
3244,1244,"Greedy (Pure Exploitation)","Ad_B","Desktop","Evening",0,0.08,100,0.04,49.7299999999991
3245,1245,"Greedy (Pure Exploitation)","Ad_B","Mobile","Evening",0,0.08,100,0.04,49.7699999999991
3246,1246,"Greedy (Pure Exploitation)","Ad_B","Mobile","Evening",1,0.08,101,0.04,49.8099999999991
3247,1247,"Greedy (Pure Exploitation)","Ad_B","Tablet","Afternoon",0,0.08,101,0.04,49.8499999999991
3248,1248,"Greedy (Pure Exploitation)","Ad_B","Mobile","Evening",0,0.08,101,0.04,49.8899999999991
3249,1249,"Greedy (Pure Exploitation)","Ad_B","Desktop","Afternoon",0,0.08,101,0.04,49.9299999999991
3250,1250,"Greedy (Pure Exploitation)","Ad_B","Mobile","Afternoon",0,0.08,101,0.04,49.9699999999991
3251,1251,"Greedy (Pure Exploitation)","Ad_B","Tablet","Evening",0,0.08,101,0.04,50.0099999999991
3252,1252,"Greedy (Pure Exploitation)","Ad_B","Desktop","Afternoon",0,0.08,101,0.04,50.0499999999991
3253,1253,"Greedy (Pure Exploitation)","Ad_B","Mobile","Evening",0,0.08,101,0.04,50.0899999999991
3254,1254,"Greedy (Pure Exploitation)","Ad_B","Desktop","Morning",0,0.08,101,0.04,50.1299999999991
3255,1255,"Greedy (Pure Exploitation)","Ad_B","Desktop","Evening",0,0.08,101,0.04,50.1699999999991
3256,1256,"Greedy (Pure Exploitation)","Ad_B","Mobile","Evening",0,0.08,101,0.04,50.2099999999991
3257,1257,"Greedy (Pure Exploitation)","Ad_B","Mobile","Evening",0,0.08,101,0.04,50.2499999999991
3258,1258,"Greedy (Pure Exploitation)","Ad_B","Desktop","Evening",0,0.08,101,0.04,50.2899999999991
3259,1259,"Greedy (Pure Exploitation)","Ad_B","Mobile","Evening",0,0.08,101,0.04,50.3299999999991
3260,1260,"Greedy (Pure Exploitation)","Ad_B","Desktop","Evening",0,0.08,101,0.04,50.3699999999991
3261,1261,"Greedy (Pure Exploitation)","Ad_B","Tablet","Evening",0,0.08,101,0.04,50.4099999999991
3262,1262,"Greedy (Pure Exploitation)","Ad_B","Desktop","Afternoon",0,0.08,101,0.04,50.4499999999991
3263,1263,"Greedy (Pure Exploitation)","Ad_B","Mobile","Morning",0,0.08,101,0.04,50.4899999999991
3264,1264,"Greedy (Pure Exploitation)","Ad_B","Desktop","Evening",1,0.08,102,0.04,50.5299999999991
3265,1265,"Greedy (Pure Exploitation)","Ad_B","Tablet","Evening",0,0.08,102,0.04,50.5699999999991
3266,1266,"Greedy (Pure Exploitation)","Ad_B","Desktop","Evening",0,0.08,102,0.04,50.6099999999991
3267,1267,"Greedy (Pure Exploitation)","Ad_B","Desktop","Morning",0,0.08,102,0.04,50.6499999999991
3268,1268,"Greedy (Pure Exploitation)","Ad_B","Desktop","Morning",0,0.08,102,0.04,50.6899999999991
3269,1269,"Greedy (Pure Exploitation)","Ad_B","Mobile","Afternoon",0,0.08,102,0.04,50.7299999999991
3270,1270,"Greedy (Pure Exploitation)","Ad_B","Mobile","Evening",0,0.08,102,0.04,50.7699999999991
3271,1271,"Greedy (Pure Exploitation)","Ad_B","Mobile","Evening",0,0.08,102,0.04,50.8099999999991
3272,1272,"Greedy (Pure Exploitation)","Ad_B","Tablet","Afternoon",0,0.08,102,0.04,50.8499999999991
3273,1273,"Greedy (Pure Exploitation)","Ad_B","Tablet","Evening",0,0.08,102,0.04,50.8899999999991
3274,1274,"Greedy (Pure Exploitation)","Ad_B","Desktop","Evening",1,0.08,103,0.04,50.9299999999991
3275,1275,"Greedy (Pure Exploitation)","Ad_B","Tablet","Evening",0,0.08,103,0.04,50.9699999999991
3276,1276,"Greedy (Pure Exploitation)","Ad_B","Tablet","Morning",0,0.08,103,0.04,51.0099999999991
3277,1277,"Greedy (Pure Exploitation)","Ad_B","Mobile","Evening",1,0.08,104,0.04,51.0499999999991
3278,1278,"Greedy (Pure Exploitation)","Ad_B","Mobile","Morning",0,0.08,104,0.04,51.0899999999991
3279,1279,"Greedy (Pure Exploitation)","Ad_B","Tablet","Afternoon",0,0.08,104,0.04,51.1299999999991
3280,1280,"Greedy (Pure Exploitation)","Ad_B","Mobile","Morning",0,0.08,104,0.04,51.1699999999991
3281,1281,"Greedy (Pure Exploitation)","Ad_B","Mobile","Morning",0,0.08,104,0.04,51.2099999999991
3282,1282,"Greedy (Pure Exploitation)","Ad_B","Tablet","Morning",0,0.08,104,0.04,51.2499999999991
3283,1283,"Greedy (Pure Exploitation)","Ad_B","Mobile","Morning",0,0.08,104,0.04,51.2899999999991
3284,1284,"Greedy (Pure Exploitation)","Ad_B","Desktop","Afternoon",0,0.08,104,0.04,51.3299999999991
3285,1285,"Greedy (Pure Exploitation)","Ad_B","Tablet","Afternoon",0,0.08,104,0.04,51.3699999999991
3286,1286,"Greedy (Pure Exploitation)","Ad_B","Desktop","Afternoon",0,0.08,104,0.04,51.4099999999991
3287,1287,"Greedy (Pure Exploitation)","Ad_B","Desktop","Morning",0,0.08,104,0.04,51.4499999999991
3288,1288,"Greedy (Pure Exploitation)","Ad_B","Mobile","Morning",0,0.08,104,0.04,51.4899999999991
3289,1289,"Greedy (Pure Exploitation)","Ad_B","Desktop","Evening",1,0.08,105,0.04,51.5299999999991
3290,1290,"Greedy (Pure Exploitation)","Ad_B","Desktop","Afternoon",1,0.08,106,0.04,51.5699999999991
3291,1291,"Greedy (Pure Exploitation)","Ad_B","Desktop","Afternoon",0,0.08,106,0.04,51.6099999999991
3292,1292,"Greedy (Pure Exploitation)","Ad_B","Tablet","Evening",1,0.08,107,0.04,51.6499999999991
3293,1293,"Greedy (Pure Exploitation)","Ad_B","Mobile","Evening",0,0.08,107,0.04,51.6899999999991
3294,1294,"Greedy (Pure Exploitation)","Ad_B","Mobile","Afternoon",0,0.08,107,0.04,51.7299999999991
3295,1295,"Greedy (Pure Exploitation)","Ad_B","Mobile","Afternoon",0,0.08,107,0.04,51.7699999999991
3296,1296,"Greedy (Pure Exploitation)","Ad_B","Desktop","Evening",0,0.08,107,0.04,51.8099999999991
3297,1297,"Greedy (Pure Exploitation)","Ad_B","Desktop","Evening",0,0.08,107,0.04,51.8499999999991
3298,1298,"Greedy (Pure Exploitation)","Ad_B","Tablet","Morning",1,0.08,108,0.04,51.8899999999991
3299,1299,"Greedy (Pure Exploitation)","Ad_B","Tablet","Morning",0,0.08,108,0.04,51.9299999999991
3300,1300,"Greedy (Pure Exploitation)","Ad_B","Tablet","Morning",0,0.08,108,0.04,51.9699999999991
3301,1301,"Greedy (Pure Exploitation)","Ad_B","Tablet","Evening",0,0.08,108,0.04,52.0099999999991
3302,1302,"Greedy (Pure Exploitation)","Ad_B","Desktop","Evening",0,0.08,108,0.04,52.0499999999991
3303,1303,"Greedy (Pure Exploitation)","Ad_B","Tablet","Evening",0,0.08,108,0.04,52.0899999999991
3304,1304,"Greedy (Pure Exploitation)","Ad_B","Desktop","Morning",0,0.08,108,0.04,52.1299999999991
3305,1305,"Greedy (Pure Exploitation)","Ad_B","Desktop","Morning",0,0.08,108,0.04,52.1699999999991
3306,1306,"Greedy (Pure Exploitation)","Ad_B","Desktop","Afternoon",0,0.08,108,0.04,52.2099999999991
3307,1307,"Greedy (Pure Exploitation)","Ad_B","Tablet","Evening",0,0.08,108,0.04,52.2499999999991
3308,1308,"Greedy (Pure Exploitation)","Ad_B","Mobile","Evening",0,0.08,108,0.04,52.2899999999991
3309,1309,"Greedy (Pure Exploitation)","Ad_B","Tablet","Evening",0,0.08,108,0.04,52.3299999999991
3310,1310,"Greedy (Pure Exploitation)","Ad_B","Tablet","Afternoon",0,0.08,108,0.04,52.3699999999991
3311,1311,"Greedy (Pure Exploitation)","Ad_B","Tablet","Evening",1,0.08,109,0.04,52.4099999999991
3312,1312,"Greedy (Pure Exploitation)","Ad_B","Mobile","Evening",0,0.08,109,0.04,52.4499999999991
3313,1313,"Greedy (Pure Exploitation)","Ad_B","Tablet","Evening",0,0.08,109,0.04,52.4899999999991
3314,1314,"Greedy (Pure Exploitation)","Ad_B","Desktop","Afternoon",0,0.08,109,0.04,52.5299999999991
3315,1315,"Greedy (Pure Exploitation)","Ad_B","Tablet","Morning",0,0.08,109,0.04,52.5699999999991
3316,1316,"Greedy (Pure Exploitation)","Ad_B","Mobile","Evening",0,0.08,109,0.04,52.6099999999991
3317,1317,"Greedy (Pure Exploitation)","Ad_B","Tablet","Afternoon",0,0.08,109,0.04,52.6499999999991
3318,1318,"Greedy (Pure Exploitation)","Ad_B","Tablet","Morning",0,0.08,109,0.04,52.6899999999991
3319,1319,"Greedy (Pure Exploitation)","Ad_B","Desktop","Evening",1,0.08,110,0.04,52.7299999999991
3320,1320,"Greedy (Pure Exploitation)","Ad_B","Mobile","Morning",0,0.08,110,0.04,52.7699999999991
3321,1321,"Greedy (Pure Exploitation)","Ad_B","Tablet","Evening",0,0.08,110,0.04,52.8099999999991
3322,1322,"Greedy (Pure Exploitation)","Ad_B","Desktop","Afternoon",0,0.08,110,0.04,52.849999999999
3323,1323,"Greedy (Pure Exploitation)","Ad_B","Tablet","Evening",0,0.08,110,0.04,52.889999999999
3324,1324,"Greedy (Pure Exploitation)","Ad_B","Tablet","Evening",1,0.08,111,0.04,52.929999999999
3325,1325,"Greedy (Pure Exploitation)","Ad_B","Mobile","Morning",0,0.08,111,0.04,52.969999999999
3326,1326,"Greedy (Pure Exploitation)","Ad_B","Mobile","Afternoon",0,0.08,111,0.04,53.009999999999
3327,1327,"Greedy (Pure Exploitation)","Ad_B","Tablet","Afternoon",0,0.08,111,0.04,53.049999999999
3328,1328,"Greedy (Pure Exploitation)","Ad_B","Mobile","Evening",0,0.08,111,0.04,53.089999999999
3329,1329,"Greedy (Pure Exploitation)","Ad_B","Desktop","Evening",0,0.08,111,0.04,53.129999999999
3330,1330,"Greedy (Pure Exploitation)","Ad_B","Tablet","Evening",0,0.08,111,0.04,53.169999999999
3331,1331,"Greedy (Pure Exploitation)","Ad_B","Tablet","Afternoon",0,0.08,111,0.04,53.209999999999
3332,1332,"Greedy (Pure Exploitation)","Ad_B","Desktop","Morning",0,0.08,111,0.04,53.249999999999
3333,1333,"Greedy (Pure Exploitation)","Ad_B","Mobile","Evening",0,0.08,111,0.04,53.289999999999
3334,1334,"Greedy (Pure Exploitation)","Ad_B","Tablet","Evening",0,0.08,111,0.04,53.329999999999
3335,1335,"Greedy (Pure Exploitation)","Ad_B","Mobile","Morning",0,0.08,111,0.04,53.369999999999
3336,1336,"Greedy (Pure Exploitation)","Ad_B","Tablet","Morning",0,0.08,111,0.04,53.409999999999
3337,1337,"Greedy (Pure Exploitation)","Ad_B","Tablet","Afternoon",0,0.08,111,0.04,53.449999999999
3338,1338,"Greedy (Pure Exploitation)","Ad_B","Desktop","Evening",0,0.08,111,0.04,53.489999999999
3339,1339,"Greedy (Pure Exploitation)","Ad_B","Mobile","Afternoon",0,0.08,111,0.04,53.529999999999
3340,1340,"Greedy (Pure Exploitation)","Ad_B","Desktop","Morning",0,0.08,111,0.04,53.569999999999
3341,1341,"Greedy (Pure Exploitation)","Ad_B","Desktop","Evening",0,0.08,111,0.04,53.609999999999
3342,1342,"Greedy (Pure Exploitation)","Ad_B","Tablet","Morning",0,0.08,111,0.04,53.649999999999
3343,1343,"Greedy (Pure Exploitation)","Ad_B","Desktop","Evening",0,0.08,111,0.04,53.689999999999
3344,1344,"Greedy (Pure Exploitation)","Ad_B","Tablet","Evening",0,0.08,111,0.04,53.729999999999
3345,1345,"Greedy (Pure Exploitation)","Ad_B","Tablet","Afternoon",0,0.08,111,0.04,53.769999999999
3346,1346,"Greedy (Pure Exploitation)","Ad_B","Desktop","Morning",0,0.08,111,0.04,53.809999999999
3347,1347,"Greedy (Pure Exploitation)","Ad_B","Tablet","Afternoon",0,0.08,111,0.04,53.849999999999
3348,1348,"Greedy (Pure Exploitation)","Ad_B","Desktop","Evening",0,0.08,111,0.04,53.889999999999
3349,1349,"Greedy (Pure Exploitation)","Ad_B","Mobile","Evening",0,0.08,111,0.04,53.929999999999
3350,1350,"Greedy (Pure Exploitation)","Ad_B","Desktop","Afternoon",0,0.08,111,0.04,53.969999999999
3351,1351,"Greedy (Pure Exploitation)","Ad_B","Tablet","Morning",0,0.08,111,0.04,54.009999999999
3352,1352,"Greedy (Pure Exploitation)","Ad_B","Desktop","Afternoon",0,0.08,111,0.04,54.049999999999
3353,1353,"Greedy (Pure Exploitation)","Ad_B","Mobile","Morning",0,0.08,111,0.04,54.089999999999
3354,1354,"Greedy (Pure Exploitation)","Ad_B","Desktop","Morning",0,0.08,111,0.04,54.129999999999
3355,1355,"Greedy (Pure Exploitation)","Ad_B","Tablet","Afternoon",0,0.08,111,0.04,54.169999999999
3356,1356,"Greedy (Pure Exploitation)","Ad_B","Mobile","Morning",1,0.08,112,0.04,54.209999999999
3357,1357,"Greedy (Pure Exploitation)","Ad_B","Desktop","Morning",0,0.08,112,0.04,54.249999999999
3358,1358,"Greedy (Pure Exploitation)","Ad_B","Desktop","Evening",0,0.08,112,0.04,54.289999999999
3359,1359,"Greedy (Pure Exploitation)","Ad_B","Mobile","Evening",0,0.08,112,0.04,54.329999999999
3360,1360,"Greedy (Pure Exploitation)","Ad_B","Tablet","Afternoon",0,0.08,112,0.04,54.369999999999
3361,1361,"Greedy (Pure Exploitation)","Ad_B","Tablet","Afternoon",0,0.08,112,0.04,54.409999999999
3362,1362,"Greedy (Pure Exploitation)","Ad_B","Mobile","Morning",0,0.08,112,0.04,54.449999999999
3363,1363,"Greedy (Pure Exploitation)","Ad_B","Desktop","Afternoon",0,0.08,112,0.04,54.489999999999
3364,1364,"Greedy (Pure Exploitation)","Ad_B","Mobile","Morning",0,0.08,112,0.04,54.529999999999
3365,1365,"Greedy (Pure Exploitation)","Ad_B","Mobile","Morning",0,0.08,112,0.04,54.569999999999
3366,1366,"Greedy (Pure Exploitation)","Ad_B","Mobile","Evening",0,0.08,112,0.04,54.609999999999
3367,1367,"Greedy (Pure Exploitation)","Ad_B","Desktop","Evening",0,0.08,112,0.04,54.649999999999
3368,1368,"Greedy (Pure Exploitation)","Ad_B","Mobile","Evening",0,0.08,112,0.04,54.689999999999
3369,1369,"Greedy (Pure Exploitation)","Ad_B","Mobile","Afternoon",0,0.08,112,0.04,54.729999999999
3370,1370,"Greedy (Pure Exploitation)","Ad_B","Tablet","Morning",0,0.08,112,0.04,54.769999999999
3371,1371,"Greedy (Pure Exploitation)","Ad_B","Desktop","Evening",1,0.08,113,0.04,54.809999999999
3372,1372,"Greedy (Pure Exploitation)","Ad_B","Tablet","Afternoon",0,0.08,113,0.04,54.849999999999
3373,1373,"Greedy (Pure Exploitation)","Ad_B","Mobile","Evening",0,0.08,113,0.04,54.889999999999
3374,1374,"Greedy (Pure Exploitation)","Ad_B","Mobile","Afternoon",0,0.08,113,0.04,54.929999999999
3375,1375,"Greedy (Pure Exploitation)","Ad_B","Desktop","Evening",0,0.08,113,0.04,54.969999999999
3376,1376,"Greedy (Pure Exploitation)","Ad_B","Mobile","Evening",0,0.08,113,0.04,55.009999999999
3377,1377,"Greedy (Pure Exploitation)","Ad_B","Mobile","Morning",0,0.08,113,0.04,55.049999999999
3378,1378,"Greedy (Pure Exploitation)","Ad_B","Desktop","Afternoon",0,0.08,113,0.04,55.089999999999
3379,1379,"Greedy (Pure Exploitation)","Ad_B","Desktop","Morning",0,0.08,113,0.04,55.129999999999
3380,1380,"Greedy (Pure Exploitation)","Ad_B","Desktop","Evening",1,0.08,114,0.04,55.169999999999
3381,1381,"Greedy (Pure Exploitation)","Ad_B","Tablet","Evening",0,0.08,114,0.04,55.209999999999
3382,1382,"Greedy (Pure Exploitation)","Ad_B","Desktop","Evening",0,0.08,114,0.04,55.249999999999
3383,1383,"Greedy (Pure Exploitation)","Ad_B","Tablet","Evening",0,0.08,114,0.04,55.289999999999
3384,1384,"Greedy (Pure Exploitation)","Ad_B","Desktop","Afternoon",0,0.08,114,0.04,55.329999999999
3385,1385,"Greedy (Pure Exploitation)","Ad_B","Mobile","Afternoon",0,0.08,114,0.04,55.369999999999
3386,1386,"Greedy (Pure Exploitation)","Ad_B","Desktop","Afternoon",0,0.08,114,0.04,55.409999999999
3387,1387,"Greedy (Pure Exploitation)","Ad_B","Mobile","Afternoon",0,0.08,114,0.04,55.449999999999
3388,1388,"Greedy (Pure Exploitation)","Ad_B","Tablet","Evening",0,0.08,114,0.04,55.489999999999
3389,1389,"Greedy (Pure Exploitation)","Ad_B","Mobile","Morning",0,0.08,114,0.04,55.529999999999
3390,1390,"Greedy (Pure Exploitation)","Ad_B","Tablet","Morning",0,0.08,114,0.04,55.569999999999
3391,1391,"Greedy (Pure Exploitation)","Ad_B","Desktop","Afternoon",1,0.08,115,0.04,55.609999999999
3392,1392,"Greedy (Pure Exploitation)","Ad_B","Desktop","Morning",0,0.08,115,0.04,55.649999999999
3393,1393,"Greedy (Pure Exploitation)","Ad_B","Mobile","Afternoon",1,0.08,116,0.04,55.689999999999
3394,1394,"Greedy (Pure Exploitation)","Ad_B","Tablet","Morning",0,0.08,116,0.04,55.729999999999
3395,1395,"Greedy (Pure Exploitation)","Ad_B","Desktop","Afternoon",0,0.08,116,0.04,55.769999999999
3396,1396,"Greedy (Pure Exploitation)","Ad_B","Desktop","Morning",0,0.08,116,0.04,55.809999999999
3397,1397,"Greedy (Pure Exploitation)","Ad_B","Mobile","Afternoon",0,0.08,116,0.04,55.849999999999
3398,1398,"Greedy (Pure Exploitation)","Ad_B","Tablet","Afternoon",0,0.08,116,0.04,55.889999999999
3399,1399,"Greedy (Pure Exploitation)","Ad_B","Mobile","Morning",0,0.08,116,0.04,55.929999999999
3400,1400,"Greedy (Pure Exploitation)","Ad_B","Desktop","Afternoon",0,0.08,116,0.04,55.969999999999
3401,1401,"Greedy (Pure Exploitation)","Ad_B","Mobile","Afternoon",0,0.08,116,0.04,56.009999999999
3402,1402,"Greedy (Pure Exploitation)","Ad_B","Desktop","Morning",0,0.08,116,0.04,56.049999999999
3403,1403,"Greedy (Pure Exploitation)","Ad_B","Tablet","Morning",0,0.08,116,0.04,56.089999999999
3404,1404,"Greedy (Pure Exploitation)","Ad_B","Mobile","Afternoon",0,0.08,116,0.04,56.129999999999
3405,1405,"Greedy (Pure Exploitation)","Ad_B","Mobile","Afternoon",0,0.08,116,0.04,56.169999999999
3406,1406,"Greedy (Pure Exploitation)","Ad_B","Mobile","Afternoon",0,0.08,116,0.04,56.209999999999
3407,1407,"Greedy (Pure Exploitation)","Ad_B","Desktop","Evening",1,0.08,117,0.04,56.249999999999
3408,1408,"Greedy (Pure Exploitation)","Ad_B","Mobile","Morning",0,0.08,117,0.04,56.289999999999
3409,1409,"Greedy (Pure Exploitation)","Ad_B","Mobile","Evening",0,0.08,117,0.04,56.329999999999
3410,1410,"Greedy (Pure Exploitation)","Ad_B","Tablet","Morning",0,0.08,117,0.04,56.369999999999
3411,1411,"Greedy (Pure Exploitation)","Ad_B","Mobile","Morning",0,0.08,117,0.04,56.409999999999
3412,1412,"Greedy (Pure Exploitation)","Ad_B","Desktop","Afternoon",0,0.08,117,0.04,56.449999999999
3413,1413,"Greedy (Pure Exploitation)","Ad_B","Desktop","Afternoon",0,0.08,117,0.04,56.489999999999
3414,1414,"Greedy (Pure Exploitation)","Ad_B","Desktop","Evening",1,0.08,118,0.04,56.529999999999
3415,1415,"Greedy (Pure Exploitation)","Ad_B","Tablet","Afternoon",0,0.08,118,0.04,56.569999999999
3416,1416,"Greedy (Pure Exploitation)","Ad_B","Mobile","Evening",0,0.08,118,0.04,56.609999999999
3417,1417,"Greedy (Pure Exploitation)","Ad_B","Mobile","Morning",0,0.08,118,0.04,56.649999999999
3418,1418,"Greedy (Pure Exploitation)","Ad_B","Tablet","Evening",0,0.08,118,0.04,56.689999999999
3419,1419,"Greedy (Pure Exploitation)","Ad_B","Mobile","Evening",0,0.08,118,0.04,56.729999999999
3420,1420,"Greedy (Pure Exploitation)","Ad_B","Desktop","Morning",0,0.08,118,0.04,56.769999999999
3421,1421,"Greedy (Pure Exploitation)","Ad_B","Mobile","Evening",0,0.08,118,0.04,56.809999999999
3422,1422,"Greedy (Pure Exploitation)","Ad_B","Desktop","Morning",0,0.08,118,0.04,56.849999999999
3423,1423,"Greedy (Pure Exploitation)","Ad_B","Desktop","Evening",0,0.08,118,0.04,56.889999999999
3424,1424,"Greedy (Pure Exploitation)","Ad_B","Tablet","Afternoon",0,0.08,118,0.04,56.929999999999
3425,1425,"Greedy (Pure Exploitation)","Ad_B","Desktop","Morning",0,0.08,118,0.04,56.969999999999
3426,1426,"Greedy (Pure Exploitation)","Ad_B","Desktop","Afternoon",0,0.08,118,0.04,57.009999999999
3427,1427,"Greedy (Pure Exploitation)","Ad_B","Mobile","Evening",0,0.08,118,0.04,57.049999999999
3428,1428,"Greedy (Pure Exploitation)","Ad_B","Tablet","Afternoon",0,0.08,118,0.04,57.089999999999
3429,1429,"Greedy (Pure Exploitation)","Ad_B","Mobile","Afternoon",0,0.08,118,0.04,57.129999999999
3430,1430,"Greedy (Pure Exploitation)","Ad_B","Desktop","Evening",0,0.08,118,0.04,57.169999999999
3431,1431,"Greedy (Pure Exploitation)","Ad_B","Desktop","Morning",0,0.08,118,0.04,57.209999999999
3432,1432,"Greedy (Pure Exploitation)","Ad_B","Tablet","Morning",0,0.08,118,0.04,57.249999999999
3433,1433,"Greedy (Pure Exploitation)","Ad_B","Desktop","Evening",0,0.08,118,0.04,57.289999999999
3434,1434,"Greedy (Pure Exploitation)","Ad_B","Mobile","Evening",0,0.08,118,0.04,57.329999999999
3435,1435,"Greedy (Pure Exploitation)","Ad_B","Mobile","Morning",0,0.08,118,0.04,57.369999999999
3436,1436,"Greedy (Pure Exploitation)","Ad_B","Desktop","Morning",0,0.08,118,0.04,57.409999999999
3437,1437,"Greedy (Pure Exploitation)","Ad_B","Tablet","Morning",0,0.08,118,0.04,57.449999999999
3438,1438,"Greedy (Pure Exploitation)","Ad_B","Tablet","Morning",0,0.08,118,0.04,57.489999999999
3439,1439,"Greedy (Pure Exploitation)","Ad_B","Mobile","Afternoon",0,0.08,118,0.04,57.5299999999989
3440,1440,"Greedy (Pure Exploitation)","Ad_B","Tablet","Morning",0,0.08,118,0.04,57.5699999999989
3441,1441,"Greedy (Pure Exploitation)","Ad_B","Tablet","Afternoon",1,0.08,119,0.04,57.6099999999989
3442,1442,"Greedy (Pure Exploitation)","Ad_B","Tablet","Evening",0,0.08,119,0.04,57.6499999999989
3443,1443,"Greedy (Pure Exploitation)","Ad_B","Desktop","Evening",0,0.08,119,0.04,57.6899999999989
3444,1444,"Greedy (Pure Exploitation)","Ad_B","Mobile","Evening",0,0.08,119,0.04,57.7299999999989
3445,1445,"Greedy (Pure Exploitation)","Ad_B","Desktop","Evening",0,0.08,119,0.04,57.7699999999989
3446,1446,"Greedy (Pure Exploitation)","Ad_B","Desktop","Morning",0,0.08,119,0.04,57.8099999999989
3447,1447,"Greedy (Pure Exploitation)","Ad_B","Mobile","Morning",0,0.08,119,0.04,57.8499999999989
3448,1448,"Greedy (Pure Exploitation)","Ad_B","Mobile","Afternoon",0,0.08,119,0.04,57.8899999999989
3449,1449,"Greedy (Pure Exploitation)","Ad_B","Desktop","Evening",0,0.08,119,0.04,57.9299999999989
3450,1450,"Greedy (Pure Exploitation)","Ad_B","Mobile","Afternoon",0,0.08,119,0.04,57.9699999999989
3451,1451,"Greedy (Pure Exploitation)","Ad_B","Desktop","Evening",0,0.08,119,0.04,58.0099999999989
3452,1452,"Greedy (Pure Exploitation)","Ad_B","Mobile","Morning",0,0.08,119,0.04,58.0499999999989
3453,1453,"Greedy (Pure Exploitation)","Ad_B","Tablet","Evening",0,0.08,119,0.04,58.0899999999989
3454,1454,"Greedy (Pure Exploitation)","Ad_B","Tablet","Morning",0,0.08,119,0.04,58.1299999999989
3455,1455,"Greedy (Pure Exploitation)","Ad_B","Tablet","Evening",0,0.08,119,0.04,58.1699999999989
3456,1456,"Greedy (Pure Exploitation)","Ad_B","Desktop","Afternoon",0,0.08,119,0.04,58.2099999999989
3457,1457,"Greedy (Pure Exploitation)","Ad_B","Desktop","Evening",0,0.08,119,0.04,58.2499999999989
3458,1458,"Greedy (Pure Exploitation)","Ad_B","Mobile","Evening",0,0.08,119,0.04,58.2899999999989
3459,1459,"Greedy (Pure Exploitation)","Ad_B","Desktop","Evening",0,0.08,119,0.04,58.3299999999989
3460,1460,"Greedy (Pure Exploitation)","Ad_B","Mobile","Evening",0,0.08,119,0.04,58.3699999999989
3461,1461,"Greedy (Pure Exploitation)","Ad_B","Mobile","Evening",0,0.08,119,0.04,58.4099999999989
3462,1462,"Greedy (Pure Exploitation)","Ad_B","Mobile","Evening",1,0.08,120,0.04,58.4499999999989
3463,1463,"Greedy (Pure Exploitation)","Ad_B","Mobile","Morning",0,0.08,120,0.04,58.4899999999989
3464,1464,"Greedy (Pure Exploitation)","Ad_B","Tablet","Afternoon",0,0.08,120,0.04,58.5299999999989
3465,1465,"Greedy (Pure Exploitation)","Ad_B","Mobile","Morning",0,0.08,120,0.04,58.5699999999989
3466,1466,"Greedy (Pure Exploitation)","Ad_B","Tablet","Evening",0,0.08,120,0.04,58.6099999999989
3467,1467,"Greedy (Pure Exploitation)","Ad_B","Mobile","Morning",0,0.08,120,0.04,58.6499999999989
3468,1468,"Greedy (Pure Exploitation)","Ad_B","Desktop","Evening",0,0.08,120,0.04,58.6899999999989
3469,1469,"Greedy (Pure Exploitation)","Ad_B","Mobile","Afternoon",0,0.08,120,0.04,58.7299999999989
3470,1470,"Greedy (Pure Exploitation)","Ad_B","Mobile","Afternoon",0,0.08,120,0.04,58.7699999999989
3471,1471,"Greedy (Pure Exploitation)","Ad_B","Mobile","Morning",0,0.08,120,0.04,58.8099999999989
3472,1472,"Greedy (Pure Exploitation)","Ad_B","Mobile","Evening",0,0.08,120,0.04,58.8499999999989
3473,1473,"Greedy (Pure Exploitation)","Ad_B","Desktop","Morning",0,0.08,120,0.04,58.8899999999989
3474,1474,"Greedy (Pure Exploitation)","Ad_B","Desktop","Morning",0,0.08,120,0.04,58.9299999999989
3475,1475,"Greedy (Pure Exploitation)","Ad_B","Tablet","Morning",0,0.08,120,0.04,58.9699999999989
3476,1476,"Greedy (Pure Exploitation)","Ad_B","Mobile","Afternoon",0,0.08,120,0.04,59.0099999999989
3477,1477,"Greedy (Pure Exploitation)","Ad_B","Desktop","Afternoon",1,0.08,121,0.04,59.0499999999989
3478,1478,"Greedy (Pure Exploitation)","Ad_B","Mobile","Evening",1,0.08,122,0.04,59.0899999999989
3479,1479,"Greedy (Pure Exploitation)","Ad_B","Mobile","Morning",0,0.08,122,0.04,59.1299999999989
3480,1480,"Greedy (Pure Exploitation)","Ad_B","Tablet","Afternoon",0,0.08,122,0.04,59.1699999999989
3481,1481,"Greedy (Pure Exploitation)","Ad_B","Tablet","Afternoon",0,0.08,122,0.04,59.2099999999989
3482,1482,"Greedy (Pure Exploitation)","Ad_B","Desktop","Morning",0,0.08,122,0.04,59.2499999999989
3483,1483,"Greedy (Pure Exploitation)","Ad_B","Mobile","Afternoon",0,0.08,122,0.04,59.2899999999989
3484,1484,"Greedy (Pure Exploitation)","Ad_B","Mobile","Afternoon",0,0.08,122,0.04,59.3299999999989
3485,1485,"Greedy (Pure Exploitation)","Ad_B","Mobile","Evening",0,0.08,122,0.04,59.3699999999989
3486,1486,"Greedy (Pure Exploitation)","Ad_B","Desktop","Afternoon",0,0.08,122,0.04,59.4099999999989
3487,1487,"Greedy (Pure Exploitation)","Ad_B","Mobile","Afternoon",0,0.08,122,0.04,59.4499999999989
3488,1488,"Greedy (Pure Exploitation)","Ad_B","Desktop","Afternoon",0,0.08,122,0.04,59.4899999999989
3489,1489,"Greedy (Pure Exploitation)","Ad_B","Tablet","Evening",0,0.08,122,0.04,59.5299999999989
3490,1490,"Greedy (Pure Exploitation)","Ad_B","Desktop","Evening",0,0.08,122,0.04,59.5699999999989
3491,1491,"Greedy (Pure Exploitation)","Ad_B","Tablet","Afternoon",0,0.08,122,0.04,59.6099999999989
3492,1492,"Greedy (Pure Exploitation)","Ad_B","Desktop","Morning",1,0.08,123,0.04,59.6499999999989
3493,1493,"Greedy (Pure Exploitation)","Ad_B","Mobile","Morning",0,0.08,123,0.04,59.6899999999989
3494,1494,"Greedy (Pure Exploitation)","Ad_B","Mobile","Afternoon",0,0.08,123,0.04,59.7299999999989
3495,1495,"Greedy (Pure Exploitation)","Ad_B","Mobile","Evening",0,0.08,123,0.04,59.7699999999989
3496,1496,"Greedy (Pure Exploitation)","Ad_B","Tablet","Afternoon",0,0.08,123,0.04,59.8099999999989
3497,1497,"Greedy (Pure Exploitation)","Ad_B","Tablet","Afternoon",0,0.08,123,0.04,59.8499999999989
3498,1498,"Greedy (Pure Exploitation)","Ad_B","Desktop","Evening",0,0.08,123,0.04,59.8899999999989
3499,1499,"Greedy (Pure Exploitation)","Ad_B","Mobile","Afternoon",0,0.08,123,0.04,59.9299999999989
3500,1500,"Greedy (Pure Exploitation)","Ad_B","Mobile","Morning",0,0.08,123,0.04,59.9699999999989
3501,1501,"Greedy (Pure Exploitation)","Ad_B","Tablet","Morning",0,0.08,123,0.04,60.0099999999989
3502,1502,"Greedy (Pure Exploitation)","Ad_B","Tablet","Morning",0,0.08,123,0.04,60.0499999999989
3503,1503,"Greedy (Pure Exploitation)","Ad_B","Desktop","Morning",0,0.08,123,0.04,60.0899999999989
3504,1504,"Greedy (Pure Exploitation)","Ad_B","Desktop","Afternoon",0,0.08,123,0.04,60.1299999999989
3505,1505,"Greedy (Pure Exploitation)","Ad_B","Mobile","Evening",1,0.08,124,0.04,60.1699999999989
3506,1506,"Greedy (Pure Exploitation)","Ad_B","Tablet","Afternoon",0,0.08,124,0.04,60.2099999999989
3507,1507,"Greedy (Pure Exploitation)","Ad_B","Tablet","Morning",0,0.08,124,0.04,60.2499999999989
3508,1508,"Greedy (Pure Exploitation)","Ad_B","Tablet","Afternoon",0,0.08,124,0.04,60.2899999999989
3509,1509,"Greedy (Pure Exploitation)","Ad_B","Mobile","Evening",0,0.08,124,0.04,60.3299999999989
3510,1510,"Greedy (Pure Exploitation)","Ad_B","Desktop","Morning",0,0.08,124,0.04,60.3699999999989
3511,1511,"Greedy (Pure Exploitation)","Ad_B","Mobile","Morning",0,0.08,124,0.04,60.4099999999989
3512,1512,"Greedy (Pure Exploitation)","Ad_B","Desktop","Afternoon",0,0.08,124,0.04,60.4499999999989
3513,1513,"Greedy (Pure Exploitation)","Ad_B","Mobile","Morning",0,0.08,124,0.04,60.4899999999989
3514,1514,"Greedy (Pure Exploitation)","Ad_B","Desktop","Afternoon",0,0.08,124,0.04,60.5299999999989
3515,1515,"Greedy (Pure Exploitation)","Ad_B","Mobile","Evening",0,0.08,124,0.04,60.5699999999989
3516,1516,"Greedy (Pure Exploitation)","Ad_B","Mobile","Afternoon",0,0.08,124,0.04,60.6099999999989
3517,1517,"Greedy (Pure Exploitation)","Ad_B","Mobile","Morning",1,0.08,125,0.04,60.6499999999989
3518,1518,"Greedy (Pure Exploitation)","Ad_B","Desktop","Morning",0,0.08,125,0.04,60.6899999999989
3519,1519,"Greedy (Pure Exploitation)","Ad_B","Tablet","Evening",0,0.08,125,0.04,60.7299999999989
3520,1520,"Greedy (Pure Exploitation)","Ad_B","Desktop","Evening",0,0.08,125,0.04,60.7699999999989
3521,1521,"Greedy (Pure Exploitation)","Ad_B","Desktop","Morning",0,0.08,125,0.04,60.8099999999989
3522,1522,"Greedy (Pure Exploitation)","Ad_B","Mobile","Morning",0,0.08,125,0.04,60.8499999999989
3523,1523,"Greedy (Pure Exploitation)","Ad_B","Desktop","Evening",0,0.08,125,0.04,60.8899999999989
3524,1524,"Greedy (Pure Exploitation)","Ad_B","Desktop","Afternoon",0,0.08,125,0.04,60.9299999999989
3525,1525,"Greedy (Pure Exploitation)","Ad_B","Mobile","Evening",0,0.08,125,0.04,60.9699999999989
3526,1526,"Greedy (Pure Exploitation)","Ad_B","Tablet","Morning",0,0.08,125,0.04,61.0099999999989
3527,1527,"Greedy (Pure Exploitation)","Ad_B","Desktop","Morning",0,0.08,125,0.04,61.0499999999989
3528,1528,"Greedy (Pure Exploitation)","Ad_B","Tablet","Morning",0,0.08,125,0.04,61.0899999999989
3529,1529,"Greedy (Pure Exploitation)","Ad_B","Tablet","Evening",0,0.08,125,0.04,61.1299999999989
3530,1530,"Greedy (Pure Exploitation)","Ad_B","Tablet","Morning",0,0.08,125,0.04,61.1699999999989
3531,1531,"Greedy (Pure Exploitation)","Ad_B","Desktop","Evening",0,0.08,125,0.04,61.2099999999989
3532,1532,"Greedy (Pure Exploitation)","Ad_B","Desktop","Afternoon",0,0.08,125,0.04,61.2499999999989
3533,1533,"Greedy (Pure Exploitation)","Ad_B","Desktop","Evening",0,0.08,125,0.04,61.2899999999989
3534,1534,"Greedy (Pure Exploitation)","Ad_B","Mobile","Evening",0,0.08,125,0.04,61.3299999999989
3535,1535,"Greedy (Pure Exploitation)","Ad_B","Desktop","Morning",0,0.08,125,0.04,61.3699999999989
3536,1536,"Greedy (Pure Exploitation)","Ad_B","Mobile","Morning",1,0.08,126,0.04,61.4099999999989
3537,1537,"Greedy (Pure Exploitation)","Ad_B","Mobile","Evening",0,0.08,126,0.04,61.4499999999989
3538,1538,"Greedy (Pure Exploitation)","Ad_B","Mobile","Morning",0,0.08,126,0.04,61.4899999999989
3539,1539,"Greedy (Pure Exploitation)","Ad_B","Mobile","Afternoon",0,0.08,126,0.04,61.5299999999989
3540,1540,"Greedy (Pure Exploitation)","Ad_B","Desktop","Morning",0,0.08,126,0.04,61.5699999999989
3541,1541,"Greedy (Pure Exploitation)","Ad_B","Mobile","Morning",0,0.08,126,0.04,61.6099999999989
3542,1542,"Greedy (Pure Exploitation)","Ad_B","Tablet","Afternoon",0,0.08,126,0.04,61.6499999999989
3543,1543,"Greedy (Pure Exploitation)","Ad_B","Desktop","Evening",0,0.08,126,0.04,61.6899999999989
3544,1544,"Greedy (Pure Exploitation)","Ad_B","Tablet","Afternoon",0,0.08,126,0.04,61.7299999999989
3545,1545,"Greedy (Pure Exploitation)","Ad_B","Tablet","Morning",0,0.08,126,0.04,61.7699999999989
3546,1546,"Greedy (Pure Exploitation)","Ad_B","Desktop","Evening",0,0.08,126,0.04,61.8099999999989
3547,1547,"Greedy (Pure Exploitation)","Ad_B","Mobile","Afternoon",0,0.08,126,0.04,61.8499999999989
3548,1548,"Greedy (Pure Exploitation)","Ad_B","Tablet","Afternoon",0,0.08,126,0.04,61.8899999999989
3549,1549,"Greedy (Pure Exploitation)","Ad_B","Mobile","Morning",0,0.08,126,0.04,61.9299999999989
3550,1550,"Greedy (Pure Exploitation)","Ad_B","Mobile","Morning",0,0.08,126,0.04,61.9699999999989
3551,1551,"Greedy (Pure Exploitation)","Ad_B","Tablet","Afternoon",1,0.08,127,0.04,62.0099999999989
3552,1552,"Greedy (Pure Exploitation)","Ad_B","Desktop","Evening",0,0.08,127,0.04,62.0499999999989
3553,1553,"Greedy (Pure Exploitation)","Ad_B","Desktop","Morning",0,0.08,127,0.04,62.0899999999989
3554,1554,"Greedy (Pure Exploitation)","Ad_B","Mobile","Morning",0,0.08,127,0.04,62.1299999999989
3555,1555,"Greedy (Pure Exploitation)","Ad_B","Desktop","Evening",1,0.08,128,0.04,62.1699999999989
3556,1556,"Greedy (Pure Exploitation)","Ad_B","Mobile","Morning",0,0.08,128,0.04,62.2099999999988
3557,1557,"Greedy (Pure Exploitation)","Ad_B","Mobile","Evening",0,0.08,128,0.04,62.2499999999988
3558,1558,"Greedy (Pure Exploitation)","Ad_B","Mobile","Morning",0,0.08,128,0.04,62.2899999999988
3559,1559,"Greedy (Pure Exploitation)","Ad_B","Desktop","Afternoon",0,0.08,128,0.04,62.3299999999988
3560,1560,"Greedy (Pure Exploitation)","Ad_B","Tablet","Morning",0,0.08,128,0.04,62.3699999999988
3561,1561,"Greedy (Pure Exploitation)","Ad_B","Desktop","Morning",0,0.08,128,0.04,62.4099999999988
3562,1562,"Greedy (Pure Exploitation)","Ad_B","Desktop","Morning",0,0.08,128,0.04,62.4499999999988
3563,1563,"Greedy (Pure Exploitation)","Ad_B","Tablet","Afternoon",0,0.08,128,0.04,62.4899999999988
3564,1564,"Greedy (Pure Exploitation)","Ad_B","Tablet","Afternoon",1,0.08,129,0.04,62.5299999999988
3565,1565,"Greedy (Pure Exploitation)","Ad_B","Desktop","Morning",0,0.08,129,0.04,62.5699999999988
3566,1566,"Greedy (Pure Exploitation)","Ad_B","Tablet","Afternoon",0,0.08,129,0.04,62.6099999999988
3567,1567,"Greedy (Pure Exploitation)","Ad_B","Mobile","Morning",0,0.08,129,0.04,62.6499999999988
3568,1568,"Greedy (Pure Exploitation)","Ad_B","Tablet","Afternoon",0,0.08,129,0.04,62.6899999999988
3569,1569,"Greedy (Pure Exploitation)","Ad_B","Tablet","Afternoon",0,0.08,129,0.04,62.7299999999988
3570,1570,"Greedy (Pure Exploitation)","Ad_B","Desktop","Afternoon",0,0.08,129,0.04,62.7699999999988
3571,1571,"Greedy (Pure Exploitation)","Ad_B","Tablet","Evening",0,0.08,129,0.04,62.8099999999988
3572,1572,"Greedy (Pure Exploitation)","Ad_B","Tablet","Afternoon",0,0.08,129,0.04,62.8499999999988
3573,1573,"Greedy (Pure Exploitation)","Ad_B","Tablet","Afternoon",0,0.08,129,0.04,62.8899999999988
3574,1574,"Greedy (Pure Exploitation)","Ad_B","Tablet","Morning",0,0.08,129,0.04,62.9299999999988
3575,1575,"Greedy (Pure Exploitation)","Ad_B","Tablet","Evening",0,0.08,129,0.04,62.9699999999988
3576,1576,"Greedy (Pure Exploitation)","Ad_B","Tablet","Evening",0,0.08,129,0.04,63.0099999999988
3577,1577,"Greedy (Pure Exploitation)","Ad_B","Mobile","Morning",0,0.08,129,0.04,63.0499999999988
3578,1578,"Greedy (Pure Exploitation)","Ad_B","Mobile","Afternoon",0,0.08,129,0.04,63.0899999999988
3579,1579,"Greedy (Pure Exploitation)","Ad_B","Tablet","Evening",0,0.08,129,0.04,63.1299999999988
3580,1580,"Greedy (Pure Exploitation)","Ad_B","Mobile","Afternoon",0,0.08,129,0.04,63.1699999999988
3581,1581,"Greedy (Pure Exploitation)","Ad_B","Desktop","Evening",1,0.08,130,0.04,63.2099999999988
3582,1582,"Greedy (Pure Exploitation)","Ad_B","Mobile","Afternoon",0,0.08,130,0.04,63.2499999999988
3583,1583,"Greedy (Pure Exploitation)","Ad_B","Tablet","Evening",0,0.08,130,0.04,63.2899999999988
3584,1584,"Greedy (Pure Exploitation)","Ad_B","Mobile","Afternoon",0,0.08,130,0.04,63.3299999999988
3585,1585,"Greedy (Pure Exploitation)","Ad_B","Tablet","Evening",0,0.08,130,0.04,63.3699999999988
3586,1586,"Greedy (Pure Exploitation)","Ad_B","Tablet","Morning",0,0.08,130,0.04,63.4099999999988
3587,1587,"Greedy (Pure Exploitation)","Ad_B","Tablet","Morning",0,0.08,130,0.04,63.4499999999988
3588,1588,"Greedy (Pure Exploitation)","Ad_B","Desktop","Evening",1,0.08,131,0.04,63.4899999999988
3589,1589,"Greedy (Pure Exploitation)","Ad_B","Tablet","Evening",0,0.08,131,0.04,63.5299999999988
3590,1590,"Greedy (Pure Exploitation)","Ad_B","Desktop","Morning",0,0.08,131,0.04,63.5699999999988
3591,1591,"Greedy (Pure Exploitation)","Ad_B","Desktop","Afternoon",0,0.08,131,0.04,63.6099999999988
3592,1592,"Greedy (Pure Exploitation)","Ad_B","Tablet","Morning",0,0.08,131,0.04,63.6499999999988
3593,1593,"Greedy (Pure Exploitation)","Ad_B","Tablet","Evening",0,0.08,131,0.04,63.6899999999988
3594,1594,"Greedy (Pure Exploitation)","Ad_B","Desktop","Afternoon",0,0.08,131,0.04,63.7299999999988
3595,1595,"Greedy (Pure Exploitation)","Ad_B","Mobile","Evening",0,0.08,131,0.04,63.7699999999988
3596,1596,"Greedy (Pure Exploitation)","Ad_B","Desktop","Evening",0,0.08,131,0.04,63.8099999999988
3597,1597,"Greedy (Pure Exploitation)","Ad_B","Mobile","Morning",0,0.08,131,0.04,63.8499999999988
3598,1598,"Greedy (Pure Exploitation)","Ad_B","Mobile","Morning",0,0.08,131,0.04,63.8899999999988
3599,1599,"Greedy (Pure Exploitation)","Ad_B","Mobile","Afternoon",0,0.08,131,0.04,63.9299999999988
3600,1600,"Greedy (Pure Exploitation)","Ad_B","Desktop","Evening",0,0.08,131,0.04,63.9699999999988
3601,1601,"Greedy (Pure Exploitation)","Ad_B","Tablet","Afternoon",0,0.08,131,0.04,64.0099999999988
3602,1602,"Greedy (Pure Exploitation)","Ad_B","Desktop","Afternoon",0,0.08,131,0.04,64.0499999999988
3603,1603,"Greedy (Pure Exploitation)","Ad_B","Tablet","Evening",0,0.08,131,0.04,64.0899999999988
3604,1604,"Greedy (Pure Exploitation)","Ad_B","Mobile","Morning",0,0.08,131,0.04,64.1299999999988
3605,1605,"Greedy (Pure Exploitation)","Ad_B","Tablet","Afternoon",0,0.08,131,0.04,64.1699999999988
3606,1606,"Greedy (Pure Exploitation)","Ad_B","Mobile","Morning",0,0.08,131,0.04,64.2099999999988
3607,1607,"Greedy (Pure Exploitation)","Ad_B","Desktop","Afternoon",1,0.08,132,0.04,64.2499999999988
3608,1608,"Greedy (Pure Exploitation)","Ad_B","Desktop","Evening",0,0.08,132,0.04,64.2899999999989
3609,1609,"Greedy (Pure Exploitation)","Ad_B","Tablet","Evening",0,0.08,132,0.04,64.3299999999989
3610,1610,"Greedy (Pure Exploitation)","Ad_B","Mobile","Evening",0,0.08,132,0.04,64.3699999999989
3611,1611,"Greedy (Pure Exploitation)","Ad_B","Tablet","Evening",1,0.08,133,0.04,64.4099999999989
3612,1612,"Greedy (Pure Exploitation)","Ad_B","Tablet","Morning",0,0.08,133,0.04,64.4499999999989
3613,1613,"Greedy (Pure Exploitation)","Ad_B","Tablet","Afternoon",0,0.08,133,0.04,64.4899999999989
3614,1614,"Greedy (Pure Exploitation)","Ad_B","Mobile","Afternoon",0,0.08,133,0.04,64.5299999999989
3615,1615,"Greedy (Pure Exploitation)","Ad_B","Mobile","Afternoon",0,0.08,133,0.04,64.5699999999989
3616,1616,"Greedy (Pure Exploitation)","Ad_B","Tablet","Afternoon",0,0.08,133,0.04,64.6099999999989
3617,1617,"Greedy (Pure Exploitation)","Ad_B","Tablet","Afternoon",0,0.08,133,0.04,64.6499999999989
3618,1618,"Greedy (Pure Exploitation)","Ad_B","Tablet","Evening",0,0.08,133,0.04,64.6899999999989
3619,1619,"Greedy (Pure Exploitation)","Ad_B","Tablet","Afternoon",0,0.08,133,0.04,64.7299999999989
3620,1620,"Greedy (Pure Exploitation)","Ad_B","Mobile","Evening",0,0.08,133,0.04,64.7699999999989
3621,1621,"Greedy (Pure Exploitation)","Ad_B","Desktop","Evening",1,0.08,134,0.04,64.8099999999989
3622,1622,"Greedy (Pure Exploitation)","Ad_B","Desktop","Morning",0,0.08,134,0.04,64.8499999999989
3623,1623,"Greedy (Pure Exploitation)","Ad_B","Tablet","Afternoon",1,0.08,135,0.04,64.8899999999989
3624,1624,"Greedy (Pure Exploitation)","Ad_B","Tablet","Evening",0,0.08,135,0.04,64.929999999999
3625,1625,"Greedy (Pure Exploitation)","Ad_B","Tablet","Evening",0,0.08,135,0.04,64.969999999999
3626,1626,"Greedy (Pure Exploitation)","Ad_B","Desktop","Morning",0,0.08,135,0.04,65.009999999999
3627,1627,"Greedy (Pure Exploitation)","Ad_B","Tablet","Evening",0,0.08,135,0.04,65.049999999999
3628,1628,"Greedy (Pure Exploitation)","Ad_B","Desktop","Afternoon",0,0.08,135,0.04,65.089999999999
3629,1629,"Greedy (Pure Exploitation)","Ad_B","Mobile","Afternoon",0,0.08,135,0.04,65.129999999999
3630,1630,"Greedy (Pure Exploitation)","Ad_B","Desktop","Evening",0,0.08,135,0.04,65.169999999999
3631,1631,"Greedy (Pure Exploitation)","Ad_B","Desktop","Morning",0,0.08,135,0.04,65.209999999999
3632,1632,"Greedy (Pure Exploitation)","Ad_B","Mobile","Morning",0,0.08,135,0.04,65.249999999999
3633,1633,"Greedy (Pure Exploitation)","Ad_B","Desktop","Evening",0,0.08,135,0.04,65.289999999999
3634,1634,"Greedy (Pure Exploitation)","Ad_B","Desktop","Evening",1,0.08,136,0.04,65.329999999999
3635,1635,"Greedy (Pure Exploitation)","Ad_B","Desktop","Evening",0,0.08,136,0.04,65.369999999999
3636,1636,"Greedy (Pure Exploitation)","Ad_B","Tablet","Afternoon",0,0.08,136,0.04,65.409999999999
3637,1637,"Greedy (Pure Exploitation)","Ad_B","Tablet","Afternoon",1,0.08,137,0.04,65.449999999999
3638,1638,"Greedy (Pure Exploitation)","Ad_B","Tablet","Evening",0,0.08,137,0.04,65.489999999999
3639,1639,"Greedy (Pure Exploitation)","Ad_B","Tablet","Morning",0,0.08,137,0.04,65.529999999999
3640,1640,"Greedy (Pure Exploitation)","Ad_B","Desktop","Morning",0,0.08,137,0.04,65.5699999999991
3641,1641,"Greedy (Pure Exploitation)","Ad_B","Mobile","Afternoon",0,0.08,137,0.04,65.6099999999991
3642,1642,"Greedy (Pure Exploitation)","Ad_B","Mobile","Morning",0,0.08,137,0.04,65.6499999999991
3643,1643,"Greedy (Pure Exploitation)","Ad_B","Desktop","Evening",0,0.08,137,0.04,65.6899999999991
3644,1644,"Greedy (Pure Exploitation)","Ad_B","Tablet","Evening",0,0.08,137,0.04,65.7299999999991
3645,1645,"Greedy (Pure Exploitation)","Ad_B","Desktop","Morning",0,0.08,137,0.04,65.7699999999991
3646,1646,"Greedy (Pure Exploitation)","Ad_B","Tablet","Afternoon",0,0.08,137,0.04,65.8099999999991
3647,1647,"Greedy (Pure Exploitation)","Ad_B","Tablet","Evening",0,0.08,137,0.04,65.8499999999991
3648,1648,"Greedy (Pure Exploitation)","Ad_B","Tablet","Morning",0,0.08,137,0.04,65.8899999999991
3649,1649,"Greedy (Pure Exploitation)","Ad_B","Desktop","Morning",0,0.08,137,0.04,65.9299999999991
3650,1650,"Greedy (Pure Exploitation)","Ad_B","Desktop","Morning",0,0.08,137,0.04,65.9699999999991
3651,1651,"Greedy (Pure Exploitation)","Ad_B","Mobile","Morning",0,0.08,137,0.04,66.0099999999991
3652,1652,"Greedy (Pure Exploitation)","Ad_B","Desktop","Evening",0,0.08,137,0.04,66.0499999999991
3653,1653,"Greedy (Pure Exploitation)","Ad_B","Mobile","Morning",0,0.08,137,0.04,66.0899999999991
3654,1654,"Greedy (Pure Exploitation)","Ad_B","Mobile","Evening",0,0.08,137,0.04,66.1299999999991
3655,1655,"Greedy (Pure Exploitation)","Ad_B","Tablet","Morning",0,0.08,137,0.04,66.1699999999991
3656,1656,"Greedy (Pure Exploitation)","Ad_B","Mobile","Morning",0,0.08,137,0.04,66.2099999999992
3657,1657,"Greedy (Pure Exploitation)","Ad_B","Mobile","Evening",0,0.08,137,0.04,66.2499999999992
3658,1658,"Greedy (Pure Exploitation)","Ad_B","Tablet","Morning",0,0.08,137,0.04,66.2899999999992
3659,1659,"Greedy (Pure Exploitation)","Ad_B","Tablet","Morning",0,0.08,137,0.04,66.3299999999992
3660,1660,"Greedy (Pure Exploitation)","Ad_B","Desktop","Afternoon",0,0.08,137,0.04,66.3699999999992
3661,1661,"Greedy (Pure Exploitation)","Ad_B","Mobile","Afternoon",0,0.08,137,0.04,66.4099999999992
3662,1662,"Greedy (Pure Exploitation)","Ad_B","Mobile","Afternoon",0,0.08,137,0.04,66.4499999999992
3663,1663,"Greedy (Pure Exploitation)","Ad_B","Mobile","Afternoon",0,0.08,137,0.04,66.4899999999992
3664,1664,"Greedy (Pure Exploitation)","Ad_B","Tablet","Evening",0,0.08,137,0.04,66.5299999999992
3665,1665,"Greedy (Pure Exploitation)","Ad_B","Desktop","Evening",0,0.08,137,0.04,66.5699999999992
3666,1666,"Greedy (Pure Exploitation)","Ad_B","Tablet","Morning",0,0.08,137,0.04,66.6099999999992
3667,1667,"Greedy (Pure Exploitation)","Ad_B","Desktop","Morning",0,0.08,137,0.04,66.6499999999992
3668,1668,"Greedy (Pure Exploitation)","Ad_B","Tablet","Morning",0,0.08,137,0.04,66.6899999999992
3669,1669,"Greedy (Pure Exploitation)","Ad_B","Tablet","Evening",0,0.08,137,0.04,66.7299999999992
3670,1670,"Greedy (Pure Exploitation)","Ad_B","Desktop","Morning",0,0.08,137,0.04,66.7699999999992
3671,1671,"Greedy (Pure Exploitation)","Ad_B","Tablet","Morning",0,0.08,137,0.04,66.8099999999992
3672,1672,"Greedy (Pure Exploitation)","Ad_B","Mobile","Morning",0,0.08,137,0.04,66.8499999999993
3673,1673,"Greedy (Pure Exploitation)","Ad_B","Desktop","Afternoon",0,0.08,137,0.04,66.8899999999993
3674,1674,"Greedy (Pure Exploitation)","Ad_B","Mobile","Evening",0,0.08,137,0.04,66.9299999999993
3675,1675,"Greedy (Pure Exploitation)","Ad_B","Tablet","Morning",0,0.08,137,0.04,66.9699999999993
3676,1676,"Greedy (Pure Exploitation)","Ad_B","Desktop","Afternoon",0,0.08,137,0.04,67.0099999999993
3677,1677,"Greedy (Pure Exploitation)","Ad_B","Desktop","Morning",0,0.08,137,0.04,67.0499999999993
3678,1678,"Greedy (Pure Exploitation)","Ad_B","Tablet","Evening",0,0.08,137,0.04,67.0899999999993
3679,1679,"Greedy (Pure Exploitation)","Ad_B","Mobile","Evening",0,0.08,137,0.04,67.1299999999993
3680,1680,"Greedy (Pure Exploitation)","Ad_B","Tablet","Morning",0,0.08,137,0.04,67.1699999999993
3681,1681,"Greedy (Pure Exploitation)","Ad_B","Desktop","Evening",0,0.08,137,0.04,67.2099999999993
3682,1682,"Greedy (Pure Exploitation)","Ad_B","Desktop","Evening",0,0.08,137,0.04,67.2499999999993
3683,1683,"Greedy (Pure Exploitation)","Ad_B","Tablet","Morning",0,0.08,137,0.04,67.2899999999993
3684,1684,"Greedy (Pure Exploitation)","Ad_B","Desktop","Morning",0,0.08,137,0.04,67.3299999999993
3685,1685,"Greedy (Pure Exploitation)","Ad_B","Mobile","Afternoon",0,0.08,137,0.04,67.3699999999993
3686,1686,"Greedy (Pure Exploitation)","Ad_B","Mobile","Evening",0,0.08,137,0.04,67.4099999999993
3687,1687,"Greedy (Pure Exploitation)","Ad_B","Mobile","Evening",0,0.08,137,0.04,67.4499999999993
3688,1688,"Greedy (Pure Exploitation)","Ad_B","Desktop","Evening",0,0.08,137,0.04,67.4899999999994
3689,1689,"Greedy (Pure Exploitation)","Ad_B","Desktop","Morning",0,0.08,137,0.04,67.5299999999994
3690,1690,"Greedy (Pure Exploitation)","Ad_B","Mobile","Morning",0,0.08,137,0.04,67.5699999999994
3691,1691,"Greedy (Pure Exploitation)","Ad_B","Desktop","Evening",0,0.08,137,0.04,67.6099999999994
3692,1692,"Greedy (Pure Exploitation)","Ad_B","Tablet","Evening",0,0.08,137,0.04,67.6499999999994
3693,1693,"Greedy (Pure Exploitation)","Ad_B","Desktop","Evening",0,0.08,137,0.04,67.6899999999994
3694,1694,"Greedy (Pure Exploitation)","Ad_B","Mobile","Morning",0,0.08,137,0.04,67.7299999999994
3695,1695,"Greedy (Pure Exploitation)","Ad_B","Desktop","Evening",0,0.08,137,0.04,67.7699999999994
3696,1696,"Greedy (Pure Exploitation)","Ad_B","Tablet","Afternoon",0,0.08,137,0.04,67.8099999999994
3697,1697,"Greedy (Pure Exploitation)","Ad_B","Mobile","Afternoon",0,0.08,137,0.04,67.8499999999994
3698,1698,"Greedy (Pure Exploitation)","Ad_B","Desktop","Evening",0,0.08,137,0.04,67.8899999999994
3699,1699,"Greedy (Pure Exploitation)","Ad_B","Tablet","Morning",0,0.08,137,0.04,67.9299999999994
3700,1700,"Greedy (Pure Exploitation)","Ad_B","Mobile","Afternoon",0,0.08,137,0.04,67.9699999999994
3701,1701,"Greedy (Pure Exploitation)","Ad_B","Mobile","Afternoon",0,0.08,137,0.04,68.0099999999994
3702,1702,"Greedy (Pure Exploitation)","Ad_B","Tablet","Afternoon",0,0.08,137,0.04,68.0499999999994
3703,1703,"Greedy (Pure Exploitation)","Ad_B","Tablet","Morning",0,0.08,137,0.04,68.0899999999994
3704,1704,"Greedy (Pure Exploitation)","Ad_B","Desktop","Afternoon",0,0.08,137,0.04,68.1299999999995
3705,1705,"Greedy (Pure Exploitation)","Ad_B","Mobile","Morning",0,0.08,137,0.04,68.1699999999995
3706,1706,"Greedy (Pure Exploitation)","Ad_B","Mobile","Morning",0,0.08,137,0.04,68.2099999999995
3707,1707,"Greedy (Pure Exploitation)","Ad_B","Desktop","Evening",1,0.08,138,0.04,68.2499999999995
3708,1708,"Greedy (Pure Exploitation)","Ad_B","Desktop","Afternoon",0,0.08,138,0.04,68.2899999999995
3709,1709,"Greedy (Pure Exploitation)","Ad_B","Desktop","Morning",0,0.08,138,0.04,68.3299999999995
3710,1710,"Greedy (Pure Exploitation)","Ad_B","Mobile","Afternoon",0,0.08,138,0.04,68.3699999999995
3711,1711,"Greedy (Pure Exploitation)","Ad_B","Mobile","Evening",0,0.08,138,0.04,68.4099999999995
3712,1712,"Greedy (Pure Exploitation)","Ad_B","Mobile","Evening",0,0.08,138,0.04,68.4499999999995
3713,1713,"Greedy (Pure Exploitation)","Ad_B","Desktop","Afternoon",0,0.08,138,0.04,68.4899999999995
3714,1714,"Greedy (Pure Exploitation)","Ad_B","Mobile","Morning",0,0.08,138,0.04,68.5299999999995
3715,1715,"Greedy (Pure Exploitation)","Ad_B","Desktop","Morning",0,0.08,138,0.04,68.5699999999995
3716,1716,"Greedy (Pure Exploitation)","Ad_B","Desktop","Morning",0,0.08,138,0.04,68.6099999999995
3717,1717,"Greedy (Pure Exploitation)","Ad_B","Desktop","Morning",0,0.08,138,0.04,68.6499999999995
3718,1718,"Greedy (Pure Exploitation)","Ad_B","Tablet","Evening",0,0.08,138,0.04,68.6899999999995
3719,1719,"Greedy (Pure Exploitation)","Ad_B","Desktop","Afternoon",0,0.08,138,0.04,68.7299999999995
3720,1720,"Greedy (Pure Exploitation)","Ad_B","Tablet","Morning",0,0.08,138,0.04,68.7699999999996
3721,1721,"Greedy (Pure Exploitation)","Ad_B","Desktop","Evening",0,0.08,138,0.04,68.8099999999996
3722,1722,"Greedy (Pure Exploitation)","Ad_B","Desktop","Morning",0,0.08,138,0.04,68.8499999999996
3723,1723,"Greedy (Pure Exploitation)","Ad_B","Tablet","Afternoon",0,0.08,138,0.04,68.8899999999996
3724,1724,"Greedy (Pure Exploitation)","Ad_B","Tablet","Afternoon",1,0.08,139,0.04,68.9299999999996
3725,1725,"Greedy (Pure Exploitation)","Ad_B","Tablet","Afternoon",0,0.08,139,0.04,68.9699999999996
3726,1726,"Greedy (Pure Exploitation)","Ad_B","Tablet","Afternoon",0,0.08,139,0.04,69.0099999999996
3727,1727,"Greedy (Pure Exploitation)","Ad_B","Mobile","Evening",0,0.08,139,0.04,69.0499999999996
3728,1728,"Greedy (Pure Exploitation)","Ad_B","Mobile","Evening",0,0.08,139,0.04,69.0899999999996
3729,1729,"Greedy (Pure Exploitation)","Ad_B","Mobile","Evening",0,0.08,139,0.04,69.1299999999996
3730,1730,"Greedy (Pure Exploitation)","Ad_B","Mobile","Evening",0,0.08,139,0.04,69.1699999999996
3731,1731,"Greedy (Pure Exploitation)","Ad_B","Desktop","Morning",1,0.08,140,0.04,69.2099999999996
3732,1732,"Greedy (Pure Exploitation)","Ad_B","Desktop","Afternoon",0,0.08,140,0.04,69.2499999999996
3733,1733,"Greedy (Pure Exploitation)","Ad_B","Mobile","Morning",0,0.08,140,0.04,69.2899999999996
3734,1734,"Greedy (Pure Exploitation)","Ad_B","Tablet","Afternoon",0,0.08,140,0.04,69.3299999999996
3735,1735,"Greedy (Pure Exploitation)","Ad_B","Mobile","Morning",0,0.08,140,0.04,69.3699999999996
3736,1736,"Greedy (Pure Exploitation)","Ad_B","Tablet","Afternoon",0,0.08,140,0.04,69.4099999999997
3737,1737,"Greedy (Pure Exploitation)","Ad_B","Tablet","Morning",0,0.08,140,0.04,69.4499999999997
3738,1738,"Greedy (Pure Exploitation)","Ad_B","Mobile","Afternoon",0,0.08,140,0.04,69.4899999999997
3739,1739,"Greedy (Pure Exploitation)","Ad_B","Mobile","Afternoon",0,0.08,140,0.04,69.5299999999997
3740,1740,"Greedy (Pure Exploitation)","Ad_B","Mobile","Morning",0,0.08,140,0.04,69.5699999999997
3741,1741,"Greedy (Pure Exploitation)","Ad_B","Mobile","Afternoon",0,0.08,140,0.04,69.6099999999997
3742,1742,"Greedy (Pure Exploitation)","Ad_B","Tablet","Afternoon",0,0.08,140,0.04,69.6499999999997
3743,1743,"Greedy (Pure Exploitation)","Ad_B","Tablet","Morning",1,0.08,141,0.04,69.6899999999997
3744,1744,"Greedy (Pure Exploitation)","Ad_B","Tablet","Morning",1,0.08,142,0.04,69.7299999999997
3745,1745,"Greedy (Pure Exploitation)","Ad_B","Tablet","Evening",0,0.08,142,0.04,69.7699999999997
3746,1746,"Greedy (Pure Exploitation)","Ad_B","Desktop","Evening",0,0.08,142,0.04,69.8099999999997
3747,1747,"Greedy (Pure Exploitation)","Ad_B","Mobile","Evening",0,0.08,142,0.04,69.8499999999997
3748,1748,"Greedy (Pure Exploitation)","Ad_B","Desktop","Afternoon",0,0.08,142,0.04,69.8899999999997
3749,1749,"Greedy (Pure Exploitation)","Ad_B","Tablet","Evening",0,0.08,142,0.04,69.9299999999997
3750,1750,"Greedy (Pure Exploitation)","Ad_B","Tablet","Afternoon",0,0.08,142,0.04,69.9699999999997
3751,1751,"Greedy (Pure Exploitation)","Ad_B","Tablet","Morning",0,0.08,142,0.04,70.0099999999997
3752,1752,"Greedy (Pure Exploitation)","Ad_B","Desktop","Evening",0,0.08,142,0.04,70.0499999999998
3753,1753,"Greedy (Pure Exploitation)","Ad_B","Mobile","Evening",0,0.08,142,0.04,70.0899999999998
3754,1754,"Greedy (Pure Exploitation)","Ad_B","Tablet","Afternoon",0,0.08,142,0.04,70.1299999999998
3755,1755,"Greedy (Pure Exploitation)","Ad_B","Tablet","Afternoon",0,0.08,142,0.04,70.1699999999998
3756,1756,"Greedy (Pure Exploitation)","Ad_B","Mobile","Afternoon",1,0.08,143,0.04,70.2099999999998
3757,1757,"Greedy (Pure Exploitation)","Ad_B","Tablet","Morning",1,0.08,144,0.04,70.2499999999998
3758,1758,"Greedy (Pure Exploitation)","Ad_B","Mobile","Evening",0,0.08,144,0.04,70.2899999999998
3759,1759,"Greedy (Pure Exploitation)","Ad_B","Mobile","Morning",0,0.08,144,0.04,70.3299999999998
3760,1760,"Greedy (Pure Exploitation)","Ad_B","Tablet","Evening",0,0.08,144,0.04,70.3699999999998
3761,1761,"Greedy (Pure Exploitation)","Ad_B","Desktop","Evening",0,0.08,144,0.04,70.4099999999998
3762,1762,"Greedy (Pure Exploitation)","Ad_B","Desktop","Morning",0,0.08,144,0.04,70.4499999999998
3763,1763,"Greedy (Pure Exploitation)","Ad_B","Tablet","Evening",0,0.08,144,0.04,70.4899999999998
3764,1764,"Greedy (Pure Exploitation)","Ad_B","Mobile","Morning",1,0.08,145,0.04,70.5299999999998
3765,1765,"Greedy (Pure Exploitation)","Ad_B","Tablet","Afternoon",0,0.08,145,0.04,70.5699999999998
3766,1766,"Greedy (Pure Exploitation)","Ad_B","Mobile","Afternoon",0,0.08,145,0.04,70.6099999999998
3767,1767,"Greedy (Pure Exploitation)","Ad_B","Tablet","Evening",0,0.08,145,0.04,70.6499999999998
3768,1768,"Greedy (Pure Exploitation)","Ad_B","Desktop","Morning",0,0.08,145,0.04,70.6899999999999
3769,1769,"Greedy (Pure Exploitation)","Ad_B","Tablet","Evening",0,0.08,145,0.04,70.7299999999999
3770,1770,"Greedy (Pure Exploitation)","Ad_B","Tablet","Evening",0,0.08,145,0.04,70.7699999999999
3771,1771,"Greedy (Pure Exploitation)","Ad_B","Tablet","Evening",0,0.08,145,0.04,70.8099999999999
3772,1772,"Greedy (Pure Exploitation)","Ad_B","Mobile","Afternoon",0,0.08,145,0.04,70.8499999999999
3773,1773,"Greedy (Pure Exploitation)","Ad_B","Mobile","Morning",1,0.08,146,0.04,70.8899999999999
3774,1774,"Greedy (Pure Exploitation)","Ad_B","Mobile","Afternoon",0,0.08,146,0.04,70.9299999999999
3775,1775,"Greedy (Pure Exploitation)","Ad_B","Mobile","Morning",1,0.08,147,0.04,70.9699999999999
3776,1776,"Greedy (Pure Exploitation)","Ad_B","Tablet","Evening",1,0.08,148,0.04,71.0099999999999
3777,1777,"Greedy (Pure Exploitation)","Ad_B","Mobile","Evening",0,0.08,148,0.04,71.0499999999999
3778,1778,"Greedy (Pure Exploitation)","Ad_B","Mobile","Afternoon",0,0.08,148,0.04,71.0899999999999
3779,1779,"Greedy (Pure Exploitation)","Ad_B","Desktop","Morning",0,0.08,148,0.04,71.1299999999999
3780,1780,"Greedy (Pure Exploitation)","Ad_B","Mobile","Afternoon",0,0.08,148,0.04,71.1699999999999
3781,1781,"Greedy (Pure Exploitation)","Ad_B","Desktop","Evening",0,0.08,148,0.04,71.2099999999999
3782,1782,"Greedy (Pure Exploitation)","Ad_B","Desktop","Evening",0,0.08,148,0.04,71.2499999999999
3783,1783,"Greedy (Pure Exploitation)","Ad_B","Mobile","Evening",0,0.08,148,0.04,71.2899999999999
3784,1784,"Greedy (Pure Exploitation)","Ad_B","Mobile","Afternoon",0,0.08,148,0.04,71.33
3785,1785,"Greedy (Pure Exploitation)","Ad_B","Mobile","Afternoon",0,0.08,148,0.04,71.37
3786,1786,"Greedy (Pure Exploitation)","Ad_B","Desktop","Afternoon",0,0.08,148,0.04,71.41
3787,1787,"Greedy (Pure Exploitation)","Ad_B","Desktop","Morning",0,0.08,148,0.04,71.45
3788,1788,"Greedy (Pure Exploitation)","Ad_B","Mobile","Afternoon",0,0.08,148,0.04,71.49
3789,1789,"Greedy (Pure Exploitation)","Ad_B","Mobile","Evening",0,0.08,148,0.04,71.53
3790,1790,"Greedy (Pure Exploitation)","Ad_B","Tablet","Afternoon",1,0.08,149,0.04,71.57
3791,1791,"Greedy (Pure Exploitation)","Ad_B","Mobile","Morning",0,0.08,149,0.04,71.61
3792,1792,"Greedy (Pure Exploitation)","Ad_B","Mobile","Morning",1,0.08,150,0.04,71.65
3793,1793,"Greedy (Pure Exploitation)","Ad_B","Desktop","Afternoon",0,0.08,150,0.04,71.69
3794,1794,"Greedy (Pure Exploitation)","Ad_B","Tablet","Afternoon",0,0.08,150,0.04,71.73
3795,1795,"Greedy (Pure Exploitation)","Ad_B","Mobile","Evening",0,0.08,150,0.04,71.77
3796,1796,"Greedy (Pure Exploitation)","Ad_B","Desktop","Morning",0,0.08,150,0.04,71.81
3797,1797,"Greedy (Pure Exploitation)","Ad_B","Tablet","Morning",0,0.08,150,0.04,71.85
3798,1798,"Greedy (Pure Exploitation)","Ad_B","Desktop","Morning",1,0.08,151,0.04,71.89
3799,1799,"Greedy (Pure Exploitation)","Ad_B","Mobile","Evening",0,0.08,151,0.04,71.93
3800,1800,"Greedy (Pure Exploitation)","Ad_B","Tablet","Evening",0,0.08,151,0.04,71.9700000000001
3801,1801,"Greedy (Pure Exploitation)","Ad_B","Mobile","Afternoon",0,0.08,151,0.04,72.0100000000001
3802,1802,"Greedy (Pure Exploitation)","Ad_B","Mobile","Morning",0,0.08,151,0.04,72.0500000000001
3803,1803,"Greedy (Pure Exploitation)","Ad_B","Desktop","Morning",0,0.08,151,0.04,72.0900000000001
3804,1804,"Greedy (Pure Exploitation)","Ad_B","Desktop","Afternoon",0,0.08,151,0.04,72.1300000000001
3805,1805,"Greedy (Pure Exploitation)","Ad_B","Desktop","Evening",0,0.08,151,0.04,72.1700000000001
3806,1806,"Greedy (Pure Exploitation)","Ad_B","Tablet","Afternoon",0,0.08,151,0.04,72.2100000000001
3807,1807,"Greedy (Pure Exploitation)","Ad_B","Tablet","Morning",0,0.08,151,0.04,72.2500000000001
3808,1808,"Greedy (Pure Exploitation)","Ad_B","Desktop","Afternoon",0,0.08,151,0.04,72.2900000000001
3809,1809,"Greedy (Pure Exploitation)","Ad_B","Desktop","Evening",0,0.08,151,0.04,72.3300000000001
3810,1810,"Greedy (Pure Exploitation)","Ad_B","Tablet","Afternoon",0,0.08,151,0.04,72.3700000000001
3811,1811,"Greedy (Pure Exploitation)","Ad_B","Desktop","Afternoon",0,0.08,151,0.04,72.4100000000001
3812,1812,"Greedy (Pure Exploitation)","Ad_B","Mobile","Evening",0,0.08,151,0.04,72.4500000000001
3813,1813,"Greedy (Pure Exploitation)","Ad_B","Tablet","Afternoon",0,0.08,151,0.04,72.4900000000001
3814,1814,"Greedy (Pure Exploitation)","Ad_B","Mobile","Morning",0,0.08,151,0.04,72.5300000000001
3815,1815,"Greedy (Pure Exploitation)","Ad_B","Tablet","Afternoon",1,0.08,152,0.04,72.5700000000001
3816,1816,"Greedy (Pure Exploitation)","Ad_B","Desktop","Afternoon",0,0.08,152,0.04,72.6100000000002
3817,1817,"Greedy (Pure Exploitation)","Ad_B","Mobile","Morning",0,0.08,152,0.04,72.6500000000002
3818,1818,"Greedy (Pure Exploitation)","Ad_B","Mobile","Morning",0,0.08,152,0.04,72.6900000000002
3819,1819,"Greedy (Pure Exploitation)","Ad_B","Tablet","Morning",0,0.08,152,0.04,72.7300000000002
3820,1820,"Greedy (Pure Exploitation)","Ad_B","Mobile","Morning",0,0.08,152,0.04,72.7700000000002
3821,1821,"Greedy (Pure Exploitation)","Ad_B","Mobile","Afternoon",0,0.08,152,0.04,72.8100000000002
3822,1822,"Greedy (Pure Exploitation)","Ad_B","Desktop","Morning",0,0.08,152,0.04,72.8500000000002
3823,1823,"Greedy (Pure Exploitation)","Ad_B","Tablet","Morning",0,0.08,152,0.04,72.8900000000002
3824,1824,"Greedy (Pure Exploitation)","Ad_B","Mobile","Evening",1,0.08,153,0.04,72.9300000000002
3825,1825,"Greedy (Pure Exploitation)","Ad_B","Desktop","Morning",0,0.08,153,0.04,72.9700000000002
3826,1826,"Greedy (Pure Exploitation)","Ad_B","Desktop","Afternoon",0,0.08,153,0.04,73.0100000000002
3827,1827,"Greedy (Pure Exploitation)","Ad_B","Desktop","Evening",0,0.08,153,0.04,73.0500000000002
3828,1828,"Greedy (Pure Exploitation)","Ad_B","Desktop","Evening",0,0.08,153,0.04,73.0900000000002
3829,1829,"Greedy (Pure Exploitation)","Ad_B","Mobile","Evening",0,0.08,153,0.04,73.1300000000002
3830,1830,"Greedy (Pure Exploitation)","Ad_B","Tablet","Morning",0,0.08,153,0.04,73.1700000000002
3831,1831,"Greedy (Pure Exploitation)","Ad_B","Tablet","Afternoon",0,0.08,153,0.04,73.2100000000002
3832,1832,"Greedy (Pure Exploitation)","Ad_B","Mobile","Evening",1,0.08,154,0.04,73.2500000000003
3833,1833,"Greedy (Pure Exploitation)","Ad_B","Desktop","Evening",0,0.08,154,0.04,73.2900000000003
3834,1834,"Greedy (Pure Exploitation)","Ad_B","Desktop","Afternoon",0,0.08,154,0.04,73.3300000000003
3835,1835,"Greedy (Pure Exploitation)","Ad_B","Tablet","Morning",0,0.08,154,0.04,73.3700000000003
3836,1836,"Greedy (Pure Exploitation)","Ad_B","Tablet","Morning",0,0.08,154,0.04,73.4100000000003
3837,1837,"Greedy (Pure Exploitation)","Ad_B","Tablet","Afternoon",0,0.08,154,0.04,73.4500000000003
3838,1838,"Greedy (Pure Exploitation)","Ad_B","Desktop","Morning",0,0.08,154,0.04,73.4900000000003
3839,1839,"Greedy (Pure Exploitation)","Ad_B","Desktop","Morning",0,0.08,154,0.04,73.5300000000003
3840,1840,"Greedy (Pure Exploitation)","Ad_B","Tablet","Morning",0,0.08,154,0.04,73.5700000000003
3841,1841,"Greedy (Pure Exploitation)","Ad_B","Desktop","Morning",0,0.08,154,0.04,73.6100000000003
3842,1842,"Greedy (Pure Exploitation)","Ad_B","Mobile","Afternoon",0,0.08,154,0.04,73.6500000000003
3843,1843,"Greedy (Pure Exploitation)","Ad_B","Mobile","Afternoon",0,0.08,154,0.04,73.6900000000003
3844,1844,"Greedy (Pure Exploitation)","Ad_B","Desktop","Afternoon",1,0.08,155,0.04,73.7300000000003
3845,1845,"Greedy (Pure Exploitation)","Ad_B","Mobile","Evening",0,0.08,155,0.04,73.7700000000003
3846,1846,"Greedy (Pure Exploitation)","Ad_B","Tablet","Evening",0,0.08,155,0.04,73.8100000000003
3847,1847,"Greedy (Pure Exploitation)","Ad_B","Tablet","Afternoon",0,0.08,155,0.04,73.8500000000003
3848,1848,"Greedy (Pure Exploitation)","Ad_B","Tablet","Morning",0,0.08,155,0.04,73.8900000000004
3849,1849,"Greedy (Pure Exploitation)","Ad_B","Tablet","Morning",0,0.08,155,0.04,73.9300000000004
3850,1850,"Greedy (Pure Exploitation)","Ad_B","Desktop","Afternoon",0,0.08,155,0.04,73.9700000000004
3851,1851,"Greedy (Pure Exploitation)","Ad_B","Mobile","Afternoon",0,0.08,155,0.04,74.0100000000004
3852,1852,"Greedy (Pure Exploitation)","Ad_B","Desktop","Evening",0,0.08,155,0.04,74.0500000000004
3853,1853,"Greedy (Pure Exploitation)","Ad_B","Desktop","Evening",0,0.08,155,0.04,74.0900000000004
3854,1854,"Greedy (Pure Exploitation)","Ad_B","Desktop","Evening",0,0.08,155,0.04,74.1300000000004
3855,1855,"Greedy (Pure Exploitation)","Ad_B","Mobile","Morning",0,0.08,155,0.04,74.1700000000004
3856,1856,"Greedy (Pure Exploitation)","Ad_B","Mobile","Morning",0,0.08,155,0.04,74.2100000000004
3857,1857,"Greedy (Pure Exploitation)","Ad_B","Mobile","Evening",0,0.08,155,0.04,74.2500000000004
3858,1858,"Greedy (Pure Exploitation)","Ad_B","Desktop","Morning",0,0.08,155,0.04,74.2900000000004
3859,1859,"Greedy (Pure Exploitation)","Ad_B","Mobile","Morning",1,0.08,156,0.04,74.3300000000004
3860,1860,"Greedy (Pure Exploitation)","Ad_B","Desktop","Evening",0,0.08,156,0.04,74.3700000000004
3861,1861,"Greedy (Pure Exploitation)","Ad_B","Desktop","Morning",0,0.08,156,0.04,74.4100000000004
3862,1862,"Greedy (Pure Exploitation)","Ad_B","Tablet","Morning",0,0.08,156,0.04,74.4500000000004
3863,1863,"Greedy (Pure Exploitation)","Ad_B","Tablet","Evening",1,0.08,157,0.04,74.4900000000004
3864,1864,"Greedy (Pure Exploitation)","Ad_B","Desktop","Evening",0,0.08,157,0.04,74.5300000000005
3865,1865,"Greedy (Pure Exploitation)","Ad_B","Mobile","Morning",0,0.08,157,0.04,74.5700000000005
3866,1866,"Greedy (Pure Exploitation)","Ad_B","Mobile","Morning",0,0.08,157,0.04,74.6100000000005
3867,1867,"Greedy (Pure Exploitation)","Ad_B","Mobile","Morning",0,0.08,157,0.04,74.6500000000005
3868,1868,"Greedy (Pure Exploitation)","Ad_B","Mobile","Morning",0,0.08,157,0.04,74.6900000000005
3869,1869,"Greedy (Pure Exploitation)","Ad_B","Desktop","Evening",0,0.08,157,0.04,74.7300000000005
3870,1870,"Greedy (Pure Exploitation)","Ad_B","Desktop","Morning",0,0.08,157,0.04,74.7700000000005
3871,1871,"Greedy (Pure Exploitation)","Ad_B","Tablet","Afternoon",0,0.08,157,0.04,74.8100000000005
3872,1872,"Greedy (Pure Exploitation)","Ad_B","Desktop","Evening",0,0.08,157,0.04,74.8500000000005
3873,1873,"Greedy (Pure Exploitation)","Ad_B","Mobile","Evening",0,0.08,157,0.04,74.8900000000005
3874,1874,"Greedy (Pure Exploitation)","Ad_B","Desktop","Morning",0,0.08,157,0.04,74.9300000000005
3875,1875,"Greedy (Pure Exploitation)","Ad_B","Desktop","Evening",0,0.08,157,0.04,74.9700000000005
3876,1876,"Greedy (Pure Exploitation)","Ad_B","Desktop","Afternoon",0,0.08,157,0.04,75.0100000000005
3877,1877,"Greedy (Pure Exploitation)","Ad_B","Tablet","Morning",0,0.08,157,0.04,75.0500000000005
3878,1878,"Greedy (Pure Exploitation)","Ad_B","Mobile","Evening",0,0.08,157,0.04,75.0900000000005
3879,1879,"Greedy (Pure Exploitation)","Ad_B","Mobile","Evening",0,0.08,157,0.04,75.1300000000005
3880,1880,"Greedy (Pure Exploitation)","Ad_B","Desktop","Morning",1,0.08,158,0.04,75.1700000000006
3881,1881,"Greedy (Pure Exploitation)","Ad_B","Tablet","Evening",0,0.08,158,0.04,75.2100000000006
3882,1882,"Greedy (Pure Exploitation)","Ad_B","Tablet","Evening",0,0.08,158,0.04,75.2500000000006
3883,1883,"Greedy (Pure Exploitation)","Ad_B","Tablet","Evening",0,0.08,158,0.04,75.2900000000006
3884,1884,"Greedy (Pure Exploitation)","Ad_B","Tablet","Morning",0,0.08,158,0.04,75.3300000000006
3885,1885,"Greedy (Pure Exploitation)","Ad_B","Tablet","Morning",0,0.08,158,0.04,75.3700000000006
3886,1886,"Greedy (Pure Exploitation)","Ad_B","Desktop","Morning",0,0.08,158,0.04,75.4100000000006
3887,1887,"Greedy (Pure Exploitation)","Ad_B","Tablet","Afternoon",0,0.08,158,0.04,75.4500000000006
3888,1888,"Greedy (Pure Exploitation)","Ad_B","Desktop","Evening",0,0.08,158,0.04,75.4900000000006
3889,1889,"Greedy (Pure Exploitation)","Ad_B","Desktop","Afternoon",0,0.08,158,0.04,75.5300000000006
3890,1890,"Greedy (Pure Exploitation)","Ad_B","Mobile","Afternoon",0,0.08,158,0.04,75.5700000000006
3891,1891,"Greedy (Pure Exploitation)","Ad_B","Mobile","Evening",0,0.08,158,0.04,75.6100000000006
3892,1892,"Greedy (Pure Exploitation)","Ad_B","Desktop","Morning",0,0.08,158,0.04,75.6500000000006
3893,1893,"Greedy (Pure Exploitation)","Ad_B","Mobile","Morning",0,0.08,158,0.04,75.6900000000006
3894,1894,"Greedy (Pure Exploitation)","Ad_B","Desktop","Evening",0,0.08,158,0.04,75.7300000000006
3895,1895,"Greedy (Pure Exploitation)","Ad_B","Mobile","Evening",0,0.08,158,0.04,75.7700000000006
3896,1896,"Greedy (Pure Exploitation)","Ad_B","Tablet","Afternoon",0,0.08,158,0.04,75.8100000000007
3897,1897,"Greedy (Pure Exploitation)","Ad_B","Desktop","Morning",0,0.08,158,0.04,75.8500000000007
3898,1898,"Greedy (Pure Exploitation)","Ad_B","Tablet","Morning",0,0.08,158,0.04,75.8900000000007
3899,1899,"Greedy (Pure Exploitation)","Ad_B","Mobile","Afternoon",0,0.08,158,0.04,75.9300000000007
3900,1900,"Greedy (Pure Exploitation)","Ad_B","Mobile","Morning",0,0.08,158,0.04,75.9700000000007
3901,1901,"Greedy (Pure Exploitation)","Ad_B","Mobile","Afternoon",0,0.08,158,0.04,76.0100000000007
3902,1902,"Greedy (Pure Exploitation)","Ad_B","Desktop","Afternoon",0,0.08,158,0.04,76.0500000000007
3903,1903,"Greedy (Pure Exploitation)","Ad_B","Desktop","Morning",0,0.08,158,0.04,76.0900000000007
3904,1904,"Greedy (Pure Exploitation)","Ad_B","Mobile","Morning",0,0.08,158,0.04,76.1300000000007
3905,1905,"Greedy (Pure Exploitation)","Ad_B","Tablet","Morning",0,0.08,158,0.04,76.1700000000007
3906,1906,"Greedy (Pure Exploitation)","Ad_B","Tablet","Afternoon",0,0.08,158,0.04,76.2100000000007
3907,1907,"Greedy (Pure Exploitation)","Ad_B","Desktop","Evening",0,0.08,158,0.04,76.2500000000007
3908,1908,"Greedy (Pure Exploitation)","Ad_B","Tablet","Evening",0,0.08,158,0.04,76.2900000000007
3909,1909,"Greedy (Pure Exploitation)","Ad_B","Desktop","Afternoon",0,0.08,158,0.04,76.3300000000007
3910,1910,"Greedy (Pure Exploitation)","Ad_B","Tablet","Morning",0,0.08,158,0.04,76.3700000000007
3911,1911,"Greedy (Pure Exploitation)","Ad_B","Mobile","Afternoon",0,0.08,158,0.04,76.4100000000007
3912,1912,"Greedy (Pure Exploitation)","Ad_B","Desktop","Morning",0,0.08,158,0.04,76.4500000000008
3913,1913,"Greedy (Pure Exploitation)","Ad_B","Tablet","Morning",0,0.08,158,0.04,76.4900000000008
3914,1914,"Greedy (Pure Exploitation)","Ad_B","Mobile","Morning",0,0.08,158,0.04,76.5300000000008
3915,1915,"Greedy (Pure Exploitation)","Ad_B","Desktop","Afternoon",0,0.08,158,0.04,76.5700000000008
3916,1916,"Greedy (Pure Exploitation)","Ad_B","Desktop","Afternoon",0,0.08,158,0.04,76.6100000000008
3917,1917,"Greedy (Pure Exploitation)","Ad_B","Mobile","Morning",0,0.08,158,0.04,76.6500000000008
3918,1918,"Greedy (Pure Exploitation)","Ad_B","Mobile","Afternoon",0,0.08,158,0.04,76.6900000000008
3919,1919,"Greedy (Pure Exploitation)","Ad_B","Desktop","Afternoon",0,0.08,158,0.04,76.7300000000008
3920,1920,"Greedy (Pure Exploitation)","Ad_B","Mobile","Morning",0,0.08,158,0.04,76.7700000000008
3921,1921,"Greedy (Pure Exploitation)","Ad_B","Tablet","Morning",0,0.08,158,0.04,76.8100000000008
3922,1922,"Greedy (Pure Exploitation)","Ad_B","Mobile","Evening",0,0.08,158,0.04,76.8500000000008
3923,1923,"Greedy (Pure Exploitation)","Ad_B","Mobile","Evening",0,0.08,158,0.04,76.8900000000008
3924,1924,"Greedy (Pure Exploitation)","Ad_B","Mobile","Afternoon",1,0.08,159,0.04,76.9300000000008
3925,1925,"Greedy (Pure Exploitation)","Ad_B","Tablet","Evening",0,0.08,159,0.04,76.9700000000008
3926,1926,"Greedy (Pure Exploitation)","Ad_B","Mobile","Evening",0,0.08,159,0.04,77.0100000000008
3927,1927,"Greedy (Pure Exploitation)","Ad_B","Desktop","Morning",0,0.08,159,0.04,77.0500000000008
3928,1928,"Greedy (Pure Exploitation)","Ad_B","Mobile","Morning",0,0.08,159,0.04,77.0900000000009
3929,1929,"Greedy (Pure Exploitation)","Ad_B","Desktop","Afternoon",0,0.08,159,0.04,77.1300000000009
3930,1930,"Greedy (Pure Exploitation)","Ad_B","Tablet","Morning",1,0.08,160,0.04,77.1700000000009
3931,1931,"Greedy (Pure Exploitation)","Ad_B","Desktop","Evening",0,0.08,160,0.04,77.2100000000009
3932,1932,"Greedy (Pure Exploitation)","Ad_B","Desktop","Afternoon",1,0.08,161,0.04,77.2500000000009
3933,1933,"Greedy (Pure Exploitation)","Ad_B","Desktop","Evening",1,0.08,162,0.04,77.2900000000009
3934,1934,"Greedy (Pure Exploitation)","Ad_B","Desktop","Evening",0,0.08,162,0.04,77.3300000000009
3935,1935,"Greedy (Pure Exploitation)","Ad_B","Mobile","Afternoon",0,0.08,162,0.04,77.3700000000009
3936,1936,"Greedy (Pure Exploitation)","Ad_B","Desktop","Evening",0,0.08,162,0.04,77.4100000000009
3937,1937,"Greedy (Pure Exploitation)","Ad_B","Desktop","Evening",0,0.08,162,0.04,77.4500000000009
3938,1938,"Greedy (Pure Exploitation)","Ad_B","Desktop","Afternoon",0,0.08,162,0.04,77.4900000000009
3939,1939,"Greedy (Pure Exploitation)","Ad_B","Desktop","Morning",0,0.08,162,0.04,77.5300000000009
3940,1940,"Greedy (Pure Exploitation)","Ad_B","Desktop","Morning",0,0.08,162,0.04,77.5700000000009
3941,1941,"Greedy (Pure Exploitation)","Ad_B","Mobile","Afternoon",0,0.08,162,0.04,77.6100000000009
3942,1942,"Greedy (Pure Exploitation)","Ad_B","Mobile","Morning",0,0.08,162,0.04,77.6500000000009
3943,1943,"Greedy (Pure Exploitation)","Ad_B","Mobile","Morning",0,0.08,162,0.04,77.6900000000009
3944,1944,"Greedy (Pure Exploitation)","Ad_B","Desktop","Morning",0,0.08,162,0.04,77.730000000001
3945,1945,"Greedy (Pure Exploitation)","Ad_B","Desktop","Afternoon",0,0.08,162,0.04,77.770000000001
3946,1946,"Greedy (Pure Exploitation)","Ad_B","Tablet","Morning",0,0.08,162,0.04,77.810000000001
3947,1947,"Greedy (Pure Exploitation)","Ad_B","Mobile","Morning",0,0.08,162,0.04,77.850000000001
3948,1948,"Greedy (Pure Exploitation)","Ad_B","Tablet","Morning",0,0.08,162,0.04,77.890000000001
3949,1949,"Greedy (Pure Exploitation)","Ad_B","Mobile","Morning",0,0.08,162,0.04,77.930000000001
3950,1950,"Greedy (Pure Exploitation)","Ad_B","Mobile","Morning",0,0.08,162,0.04,77.970000000001
3951,1951,"Greedy (Pure Exploitation)","Ad_B","Desktop","Afternoon",0,0.08,162,0.04,78.010000000001
3952,1952,"Greedy (Pure Exploitation)","Ad_B","Mobile","Evening",0,0.08,162,0.04,78.050000000001
3953,1953,"Greedy (Pure Exploitation)","Ad_B","Mobile","Afternoon",0,0.08,162,0.04,78.090000000001
3954,1954,"Greedy (Pure Exploitation)","Ad_B","Mobile","Evening",0,0.08,162,0.04,78.130000000001
3955,1955,"Greedy (Pure Exploitation)","Ad_B","Mobile","Evening",0,0.08,162,0.04,78.170000000001
3956,1956,"Greedy (Pure Exploitation)","Ad_B","Tablet","Afternoon",1,0.08,163,0.04,78.210000000001
3957,1957,"Greedy (Pure Exploitation)","Ad_B","Tablet","Afternoon",0,0.08,163,0.04,78.250000000001
3958,1958,"Greedy (Pure Exploitation)","Ad_B","Tablet","Evening",0,0.08,163,0.04,78.290000000001
3959,1959,"Greedy (Pure Exploitation)","Ad_B","Desktop","Evening",0,0.08,163,0.04,78.330000000001
3960,1960,"Greedy (Pure Exploitation)","Ad_B","Tablet","Evening",0,0.08,163,0.04,78.3700000000011
3961,1961,"Greedy (Pure Exploitation)","Ad_B","Desktop","Afternoon",0,0.08,163,0.04,78.4100000000011
3962,1962,"Greedy (Pure Exploitation)","Ad_B","Tablet","Morning",1,0.08,164,0.04,78.4500000000011
3963,1963,"Greedy (Pure Exploitation)","Ad_B","Mobile","Afternoon",0,0.08,164,0.04,78.4900000000011
3964,1964,"Greedy (Pure Exploitation)","Ad_B","Tablet","Morning",0,0.08,164,0.04,78.5300000000011
3965,1965,"Greedy (Pure Exploitation)","Ad_B","Mobile","Morning",0,0.08,164,0.04,78.5700000000011
3966,1966,"Greedy (Pure Exploitation)","Ad_B","Desktop","Afternoon",0,0.08,164,0.04,78.6100000000011
3967,1967,"Greedy (Pure Exploitation)","Ad_B","Tablet","Evening",0,0.08,164,0.04,78.6500000000011
3968,1968,"Greedy (Pure Exploitation)","Ad_B","Mobile","Evening",0,0.08,164,0.04,78.6900000000011
3969,1969,"Greedy (Pure Exploitation)","Ad_B","Mobile","Evening",0,0.08,164,0.04,78.7300000000011
3970,1970,"Greedy (Pure Exploitation)","Ad_B","Mobile","Morning",0,0.08,164,0.04,78.7700000000011
3971,1971,"Greedy (Pure Exploitation)","Ad_B","Desktop","Evening",0,0.08,164,0.04,78.8100000000011
3972,1972,"Greedy (Pure Exploitation)","Ad_B","Tablet","Evening",0,0.08,164,0.04,78.8500000000011
3973,1973,"Greedy (Pure Exploitation)","Ad_B","Tablet","Evening",1,0.08,165,0.04,78.8900000000011
3974,1974,"Greedy (Pure Exploitation)","Ad_B","Tablet","Evening",0,0.08,165,0.04,78.9300000000011
3975,1975,"Greedy (Pure Exploitation)","Ad_B","Tablet","Evening",0,0.08,165,0.04,78.9700000000011
3976,1976,"Greedy (Pure Exploitation)","Ad_B","Mobile","Evening",0,0.08,165,0.04,79.0100000000012
3977,1977,"Greedy (Pure Exploitation)","Ad_B","Desktop","Morning",1,0.08,166,0.04,79.0500000000012
3978,1978,"Greedy (Pure Exploitation)","Ad_B","Tablet","Morning",0,0.08,166,0.04,79.0900000000012
3979,1979,"Greedy (Pure Exploitation)","Ad_B","Mobile","Morning",0,0.08,166,0.04,79.1300000000012
3980,1980,"Greedy (Pure Exploitation)","Ad_B","Desktop","Morning",0,0.08,166,0.04,79.1700000000012
3981,1981,"Greedy (Pure Exploitation)","Ad_B","Mobile","Evening",0,0.08,166,0.04,79.2100000000012
3982,1982,"Greedy (Pure Exploitation)","Ad_B","Tablet","Afternoon",0,0.08,166,0.04,79.2500000000012
3983,1983,"Greedy (Pure Exploitation)","Ad_B","Tablet","Morning",0,0.08,166,0.04,79.2900000000012
3984,1984,"Greedy (Pure Exploitation)","Ad_B","Tablet","Evening",0,0.08,166,0.04,79.3300000000012
3985,1985,"Greedy (Pure Exploitation)","Ad_B","Mobile","Evening",0,0.08,166,0.04,79.3700000000012
3986,1986,"Greedy (Pure Exploitation)","Ad_B","Tablet","Evening",0,0.08,166,0.04,79.4100000000012
3987,1987,"Greedy (Pure Exploitation)","Ad_B","Mobile","Afternoon",1,0.08,167,0.04,79.4500000000012
3988,1988,"Greedy (Pure Exploitation)","Ad_B","Desktop","Morning",0,0.08,167,0.04,79.4900000000012
3989,1989,"Greedy (Pure Exploitation)","Ad_B","Tablet","Evening",0,0.08,167,0.04,79.5300000000012
3990,1990,"Greedy (Pure Exploitation)","Ad_B","Desktop","Evening",0,0.08,167,0.04,79.5700000000012
3991,1991,"Greedy (Pure Exploitation)","Ad_B","Desktop","Evening",0,0.08,167,0.04,79.6100000000012
3992,1992,"Greedy (Pure Exploitation)","Ad_B","Mobile","Afternoon",0,0.08,167,0.04,79.6500000000013
3993,1993,"Greedy (Pure Exploitation)","Ad_B","Desktop","Morning",0,0.08,167,0.04,79.6900000000013
3994,1994,"Greedy (Pure Exploitation)","Ad_B","Desktop","Afternoon",0,0.08,167,0.04,79.7300000000013
3995,1995,"Greedy (Pure Exploitation)","Ad_B","Tablet","Afternoon",0,0.08,167,0.04,79.7700000000013
3996,1996,"Greedy (Pure Exploitation)","Ad_B","Desktop","Morning",0,0.08,167,0.04,79.8100000000013
3997,1997,"Greedy (Pure Exploitation)","Ad_B","Tablet","Morning",0,0.08,167,0.04,79.8500000000013
3998,1998,"Greedy (Pure Exploitation)","Ad_B","Mobile","Morning",0,0.08,167,0.04,79.8900000000013
3999,1999,"Greedy (Pure Exploitation)","Ad_B","Tablet","Morning",0,0.08,167,0.04,79.9300000000013
4000,2000,"Greedy (Pure Exploitation)","Ad_B","Desktop","Afternoon",0,0.08,167,0.04,79.9700000000013
4001,1,"Epsilon-Greedy (eps=0.1)","Ad_C","Mobile","Evening",0,0.12,0,0,0
4002,2,"Epsilon-Greedy (eps=0.1)","Ad_B","Mobile","Evening",0,0.08,0,0.04,0.04
4003,3,"Epsilon-Greedy (eps=0.1)","Ad_A","Mobile","Morning",0,0.05,0,0.07,0.11
4004,4,"Epsilon-Greedy (eps=0.1)","Ad_A","Tablet","Morning",0,0.05,0,0.07,0.18
4005,5,"Epsilon-Greedy (eps=0.1)","Ad_A","Tablet","Evening",0,0.05,0,0.07,0.25
4006,6,"Epsilon-Greedy (eps=0.1)","Ad_D","Desktop","Evening",0,0.1,0,0.02,0.27
4007,7,"Epsilon-Greedy (eps=0.1)","Ad_A","Tablet","Morning",0,0.05,0,0.07,0.34
4008,8,"Epsilon-Greedy (eps=0.1)","Ad_A","Tablet","Afternoon",0,0.05,0,0.07,0.41
4009,9,"Epsilon-Greedy (eps=0.1)","Ad_A","Tablet","Morning",0,0.05,0,0.07,0.48
4010,10,"Epsilon-Greedy (eps=0.1)","Ad_A","Tablet","Evening",0,0.05,0,0.07,0.55
4011,11,"Epsilon-Greedy (eps=0.1)","Ad_A","Tablet","Morning",0,0.05,0,0.07,0.62
4012,12,"Epsilon-Greedy (eps=0.1)","Ad_A","Tablet","Morning",0,0.05,0,0.07,0.69
4013,13,"Epsilon-Greedy (eps=0.1)","Ad_A","Tablet","Evening",0,0.05,0,0.07,0.76
4014,14,"Epsilon-Greedy (eps=0.1)","Ad_A","Mobile","Morning",0,0.05,0,0.07,0.83
4015,15,"Epsilon-Greedy (eps=0.1)","Ad_A","Mobile","Afternoon",0,0.05,0,0.07,0.9
4016,16,"Epsilon-Greedy (eps=0.1)","Ad_D","Mobile","Morning",0,0.1,0,0.02,0.92
4017,17,"Epsilon-Greedy (eps=0.1)","Ad_A","Desktop","Afternoon",0,0.05,0,0.07,0.99
4018,18,"Epsilon-Greedy (eps=0.1)","Ad_A","Tablet","Evening",0,0.05,0,0.07,1.06
4019,19,"Epsilon-Greedy (eps=0.1)","Ad_A","Mobile","Afternoon",0,0.05,0,0.07,1.13
4020,20,"Epsilon-Greedy (eps=0.1)","Ad_A","Desktop","Evening",0,0.05,0,0.07,1.2
4021,21,"Epsilon-Greedy (eps=0.1)","Ad_A","Desktop","Afternoon",0,0.05,0,0.07,1.27
4022,22,"Epsilon-Greedy (eps=0.1)","Ad_A","Mobile","Morning",0,0.05,0,0.07,1.34
4023,23,"Epsilon-Greedy (eps=0.1)","Ad_A","Mobile","Morning",1,0.05,1,0.07,1.41
4024,24,"Epsilon-Greedy (eps=0.1)","Ad_A","Desktop","Evening",0,0.05,1,0.07,1.48
4025,25,"Epsilon-Greedy (eps=0.1)","Ad_A","Tablet","Morning",0,0.05,1,0.07,1.55
4026,26,"Epsilon-Greedy (eps=0.1)","Ad_A","Tablet","Evening",0,0.05,1,0.07,1.62
4027,27,"Epsilon-Greedy (eps=0.1)","Ad_A","Tablet","Afternoon",0,0.05,1,0.07,1.69
4028,28,"Epsilon-Greedy (eps=0.1)","Ad_A","Tablet","Morning",0,0.05,1,0.07,1.76
4029,29,"Epsilon-Greedy (eps=0.1)","Ad_A","Tablet","Evening",0,0.05,1,0.07,1.83
4030,30,"Epsilon-Greedy (eps=0.1)","Ad_A","Mobile","Morning",0,0.05,1,0.07,1.9
4031,31,"Epsilon-Greedy (eps=0.1)","Ad_A","Mobile","Evening",0,0.05,1,0.07,1.97
4032,32,"Epsilon-Greedy (eps=0.1)","Ad_A","Desktop","Morning",0,0.05,1,0.07,2.04
4033,33,"Epsilon-Greedy (eps=0.1)","Ad_A","Tablet","Morning",0,0.05,1,0.07,2.11
4034,34,"Epsilon-Greedy (eps=0.1)","Ad_A","Tablet","Afternoon",0,0.05,1,0.07,2.18
4035,35,"Epsilon-Greedy (eps=0.1)","Ad_A","Mobile","Afternoon",0,0.05,1,0.07,2.25
4036,36,"Epsilon-Greedy (eps=0.1)","Ad_A","Desktop","Evening",0,0.05,1,0.07,2.32
4037,37,"Epsilon-Greedy (eps=0.1)","Ad_A","Mobile","Evening",0,0.05,1,0.07,2.39
4038,38,"Epsilon-Greedy (eps=0.1)","Ad_A","Desktop","Afternoon",0,0.05,1,0.07,2.46
4039,39,"Epsilon-Greedy (eps=0.1)","Ad_A","Mobile","Morning",0,0.05,1,0.07,2.53
4040,40,"Epsilon-Greedy (eps=0.1)","Ad_A","Tablet","Morning",0,0.05,1,0.07,2.6
4041,41,"Epsilon-Greedy (eps=0.1)","Ad_A","Mobile","Morning",0,0.05,1,0.07,2.67
4042,42,"Epsilon-Greedy (eps=0.1)","Ad_A","Desktop","Evening",0,0.05,1,0.07,2.74
4043,43,"Epsilon-Greedy (eps=0.1)","Ad_A","Mobile","Morning",0,0.05,1,0.07,2.81
4044,44,"Epsilon-Greedy (eps=0.1)","Ad_A","Mobile","Afternoon",0,0.05,1,0.07,2.88
4045,45,"Epsilon-Greedy (eps=0.1)","Ad_A","Desktop","Morning",0,0.05,1,0.07,2.95
4046,46,"Epsilon-Greedy (eps=0.1)","Ad_D","Desktop","Evening",1,0.1,2,0.02,2.97
4047,47,"Epsilon-Greedy (eps=0.1)","Ad_D","Mobile","Morning",0,0.1,2,0.02,2.99
4048,48,"Epsilon-Greedy (eps=0.1)","Ad_D","Desktop","Morning",0,0.1,2,0.02,3.01
4049,49,"Epsilon-Greedy (eps=0.1)","Ad_D","Desktop","Afternoon",0,0.1,2,0.02,3.03
4050,50,"Epsilon-Greedy (eps=0.1)","Ad_D","Tablet","Morning",0,0.1,2,0.02,3.05
4051,51,"Epsilon-Greedy (eps=0.1)","Ad_D","Desktop","Afternoon",0,0.1,2,0.02,3.07
4052,52,"Epsilon-Greedy (eps=0.1)","Ad_D","Mobile","Morning",1,0.1,3,0.02,3.09
4053,53,"Epsilon-Greedy (eps=0.1)","Ad_D","Mobile","Afternoon",1,0.1,4,0.02,3.11
4054,54,"Epsilon-Greedy (eps=0.1)","Ad_D","Mobile","Evening",0,0.1,4,0.02,3.13
4055,55,"Epsilon-Greedy (eps=0.1)","Ad_D","Mobile","Morning",0,0.1,4,0.02,3.15
4056,56,"Epsilon-Greedy (eps=0.1)","Ad_D","Mobile","Afternoon",0,0.1,4,0.02,3.17
4057,57,"Epsilon-Greedy (eps=0.1)","Ad_D","Desktop","Evening",0,0.1,4,0.02,3.19
4058,58,"Epsilon-Greedy (eps=0.1)","Ad_D","Desktop","Evening",0,0.1,4,0.02,3.21
4059,59,"Epsilon-Greedy (eps=0.1)","Ad_D","Desktop","Evening",0,0.1,4,0.02,3.23
4060,60,"Epsilon-Greedy (eps=0.1)","Ad_D","Desktop","Afternoon",0,0.1,4,0.02,3.25
4061,61,"Epsilon-Greedy (eps=0.1)","Ad_D","Desktop","Evening",0,0.1,4,0.02,3.27
4062,62,"Epsilon-Greedy (eps=0.1)","Ad_D","Tablet","Morning",0,0.1,4,0.02,3.29
4063,63,"Epsilon-Greedy (eps=0.1)","Ad_D","Tablet","Morning",1,0.1,5,0.02,3.31
4064,64,"Epsilon-Greedy (eps=0.1)","Ad_D","Tablet","Afternoon",0,0.1,5,0.02,3.33
4065,65,"Epsilon-Greedy (eps=0.1)","Ad_D","Mobile","Afternoon",1,0.1,6,0.02,3.35
4066,66,"Epsilon-Greedy (eps=0.1)","Ad_D","Desktop","Afternoon",0,0.1,6,0.02,3.37
4067,67,"Epsilon-Greedy (eps=0.1)","Ad_D","Tablet","Morning",0,0.1,6,0.02,3.39
4068,68,"Epsilon-Greedy (eps=0.1)","Ad_D","Desktop","Evening",1,0.1,7,0.02,3.41
4069,69,"Epsilon-Greedy (eps=0.1)","Ad_D","Desktop","Morning",1,0.1,8,0.02,3.43
4070,70,"Epsilon-Greedy (eps=0.1)","Ad_D","Mobile","Afternoon",0,0.1,8,0.02,3.45
4071,71,"Epsilon-Greedy (eps=0.1)","Ad_D","Tablet","Morning",0,0.1,8,0.02,3.47
4072,72,"Epsilon-Greedy (eps=0.1)","Ad_D","Desktop","Afternoon",0,0.1,8,0.02,3.49
4073,73,"Epsilon-Greedy (eps=0.1)","Ad_D","Desktop","Evening",0,0.1,8,0.02,3.51
4074,74,"Epsilon-Greedy (eps=0.1)","Ad_D","Tablet","Afternoon",0,0.1,8,0.02,3.53
4075,75,"Epsilon-Greedy (eps=0.1)","Ad_D","Desktop","Evening",0,0.1,8,0.02,3.55
4076,76,"Epsilon-Greedy (eps=0.1)","Ad_D","Desktop","Morning",0,0.1,8,0.02,3.57
4077,77,"Epsilon-Greedy (eps=0.1)","Ad_D","Tablet","Morning",0,0.1,8,0.02,3.59
4078,78,"Epsilon-Greedy (eps=0.1)","Ad_D","Desktop","Afternoon",0,0.1,8,0.02,3.61
4079,79,"Epsilon-Greedy (eps=0.1)","Ad_D","Mobile","Evening",0,0.1,8,0.02,3.63
4080,80,"Epsilon-Greedy (eps=0.1)","Ad_B","Mobile","Evening",0,0.08,8,0.04,3.67
4081,81,"Epsilon-Greedy (eps=0.1)","Ad_D","Desktop","Afternoon",0,0.1,8,0.02,3.69
4082,82,"Epsilon-Greedy (eps=0.1)","Ad_D","Mobile","Evening",0,0.1,8,0.02,3.71
4083,83,"Epsilon-Greedy (eps=0.1)","Ad_D","Tablet","Afternoon",0,0.1,8,0.02,3.73
4084,84,"Epsilon-Greedy (eps=0.1)","Ad_D","Mobile","Afternoon",0,0.1,8,0.02,3.75
4085,85,"Epsilon-Greedy (eps=0.1)","Ad_D","Mobile","Evening",0,0.1,8,0.02,3.77
4086,86,"Epsilon-Greedy (eps=0.1)","Ad_D","Tablet","Evening",0,0.1,8,0.02,3.79
4087,87,"Epsilon-Greedy (eps=0.1)","Ad_D","Desktop","Evening",0,0.1,8,0.02,3.81
4088,88,"Epsilon-Greedy (eps=0.1)","Ad_D","Desktop","Afternoon",0,0.1,8,0.02,3.83
4089,89,"Epsilon-Greedy (eps=0.1)","Ad_D","Tablet","Afternoon",0,0.1,8,0.02,3.85
4090,90,"Epsilon-Greedy (eps=0.1)","Ad_D","Mobile","Morning",0,0.1,8,0.02,3.87
4091,91,"Epsilon-Greedy (eps=0.1)","Ad_D","Tablet","Morning",0,0.1,8,0.02,3.89
4092,92,"Epsilon-Greedy (eps=0.1)","Ad_D","Tablet","Morning",0,0.1,8,0.02,3.91
4093,93,"Epsilon-Greedy (eps=0.1)","Ad_C","Tablet","Afternoon",1,0.12,9,0,3.91
4094,94,"Epsilon-Greedy (eps=0.1)","Ad_C","Tablet","Morning",0,0.12,9,0,3.91
4095,95,"Epsilon-Greedy (eps=0.1)","Ad_C","Desktop","Morning",1,0.12,10,0,3.91
4096,96,"Epsilon-Greedy (eps=0.1)","Ad_C","Tablet","Evening",0,0.12,10,0,3.91
4097,97,"Epsilon-Greedy (eps=0.1)","Ad_B","Mobile","Afternoon",0,0.08,10,0.04,3.95
4098,98,"Epsilon-Greedy (eps=0.1)","Ad_C","Mobile","Evening",0,0.12,10,0,3.95
4099,99,"Epsilon-Greedy (eps=0.1)","Ad_C","Tablet","Evening",1,0.12,11,0,3.95
4100,100,"Epsilon-Greedy (eps=0.1)","Ad_C","Tablet","Afternoon",0,0.12,11,0,3.95
4101,101,"Epsilon-Greedy (eps=0.1)","Ad_C","Mobile","Evening",0,0.12,11,0,3.95
4102,102,"Epsilon-Greedy (eps=0.1)","Ad_C","Desktop","Morning",0,0.12,11,0,3.95
4103,103,"Epsilon-Greedy (eps=0.1)","Ad_C","Mobile","Afternoon",0,0.12,11,0,3.95
4104,104,"Epsilon-Greedy (eps=0.1)","Ad_C","Tablet","Afternoon",0,0.12,11,0,3.95
4105,105,"Epsilon-Greedy (eps=0.1)","Ad_C","Mobile","Evening",0,0.12,11,0,3.95
4106,106,"Epsilon-Greedy (eps=0.1)","Ad_C","Desktop","Morning",0,0.12,11,0,3.95
4107,107,"Epsilon-Greedy (eps=0.1)","Ad_C","Mobile","Morning",0,0.12,11,0,3.95
4108,108,"Epsilon-Greedy (eps=0.1)","Ad_C","Mobile","Evening",0,0.12,11,0,3.95
4109,109,"Epsilon-Greedy (eps=0.1)","Ad_C","Tablet","Evening",0,0.12,11,0,3.95
4110,110,"Epsilon-Greedy (eps=0.1)","Ad_C","Mobile","Afternoon",0,0.12,11,0,3.95
4111,111,"Epsilon-Greedy (eps=0.1)","Ad_C","Tablet","Morning",0,0.12,11,0,3.95
4112,112,"Epsilon-Greedy (eps=0.1)","Ad_B","Tablet","Evening",0,0.08,11,0.04,3.99
4113,113,"Epsilon-Greedy (eps=0.1)","Ad_C","Desktop","Afternoon",0,0.12,11,0,3.99
4114,114,"Epsilon-Greedy (eps=0.1)","Ad_C","Desktop","Morning",1,0.12,12,0,3.99
4115,115,"Epsilon-Greedy (eps=0.1)","Ad_C","Mobile","Morning",1,0.12,13,0,3.99
4116,116,"Epsilon-Greedy (eps=0.1)","Ad_D","Tablet","Evening",0,0.1,13,0.02,4.01
4117,117,"Epsilon-Greedy (eps=0.1)","Ad_C","Desktop","Afternoon",0,0.12,13,0,4.01
4118,118,"Epsilon-Greedy (eps=0.1)","Ad_C","Desktop","Morning",0,0.12,13,0,4.01
4119,119,"Epsilon-Greedy (eps=0.1)","Ad_C","Tablet","Morning",0,0.12,13,0,4.01
4120,120,"Epsilon-Greedy (eps=0.1)","Ad_C","Mobile","Evening",0,0.12,13,0,4.01
4121,121,"Epsilon-Greedy (eps=0.1)","Ad_C","Mobile","Morning",0,0.12,13,0,4.01
4122,122,"Epsilon-Greedy (eps=0.1)","Ad_C","Desktop","Afternoon",0,0.12,13,0,4.01
4123,123,"Epsilon-Greedy (eps=0.1)","Ad_C","Desktop","Afternoon",0,0.12,13,0,4.01
4124,124,"Epsilon-Greedy (eps=0.1)","Ad_C","Mobile","Morning",0,0.12,13,0,4.01
4125,125,"Epsilon-Greedy (eps=0.1)","Ad_C","Mobile","Afternoon",0,0.12,13,0,4.01
4126,126,"Epsilon-Greedy (eps=0.1)","Ad_C","Tablet","Afternoon",0,0.12,13,0,4.01
4127,127,"Epsilon-Greedy (eps=0.1)","Ad_A","Mobile","Morning",0,0.05,13,0.07,4.08
4128,128,"Epsilon-Greedy (eps=0.1)","Ad_C","Tablet","Afternoon",1,0.12,14,0,4.08
4129,129,"Epsilon-Greedy (eps=0.1)","Ad_C","Mobile","Evening",0,0.12,14,0,4.08
4130,130,"Epsilon-Greedy (eps=0.1)","Ad_C","Tablet","Evening",1,0.12,15,0,4.08
4131,131,"Epsilon-Greedy (eps=0.1)","Ad_C","Tablet","Evening",0,0.12,15,0,4.08
4132,132,"Epsilon-Greedy (eps=0.1)","Ad_C","Mobile","Afternoon",0,0.12,15,0,4.08
4133,133,"Epsilon-Greedy (eps=0.1)","Ad_C","Mobile","Morning",0,0.12,15,0,4.08
4134,134,"Epsilon-Greedy (eps=0.1)","Ad_C","Mobile","Morning",0,0.12,15,0,4.08
4135,135,"Epsilon-Greedy (eps=0.1)","Ad_C","Tablet","Evening",0,0.12,15,0,4.08
4136,136,"Epsilon-Greedy (eps=0.1)","Ad_C","Desktop","Afternoon",0,0.12,15,0,4.08
4137,137,"Epsilon-Greedy (eps=0.1)","Ad_C","Desktop","Morning",0,0.12,15,0,4.08
4138,138,"Epsilon-Greedy (eps=0.1)","Ad_C","Mobile","Morning",0,0.12,15,0,4.08
4139,139,"Epsilon-Greedy (eps=0.1)","Ad_C","Desktop","Evening",0,0.12,15,0,4.08
4140,140,"Epsilon-Greedy (eps=0.1)","Ad_C","Tablet","Afternoon",0,0.12,15,0,4.08
4141,141,"Epsilon-Greedy (eps=0.1)","Ad_C","Desktop","Evening",0,0.12,15,0,4.08
4142,142,"Epsilon-Greedy (eps=0.1)","Ad_C","Tablet","Evening",0,0.12,15,0,4.08
4143,143,"Epsilon-Greedy (eps=0.1)","Ad_C","Mobile","Evening",1,0.12,16,0,4.08
4144,144,"Epsilon-Greedy (eps=0.1)","Ad_C","Tablet","Evening",0,0.12,16,0,4.08
4145,145,"Epsilon-Greedy (eps=0.1)","Ad_C","Tablet","Morning",0,0.12,16,0,4.08
4146,146,"Epsilon-Greedy (eps=0.1)","Ad_C","Tablet","Afternoon",1,0.12,17,0,4.08
4147,147,"Epsilon-Greedy (eps=0.1)","Ad_C","Desktop","Morning",0,0.12,17,0,4.08
4148,148,"Epsilon-Greedy (eps=0.1)","Ad_C","Tablet","Evening",0,0.12,17,0,4.08
4149,149,"Epsilon-Greedy (eps=0.1)","Ad_B","Tablet","Evening",0,0.08,17,0.04,4.12
4150,150,"Epsilon-Greedy (eps=0.1)","Ad_C","Mobile","Evening",0,0.12,17,0,4.12
4151,151,"Epsilon-Greedy (eps=0.1)","Ad_C","Tablet","Afternoon",1,0.12,18,0,4.12
4152,152,"Epsilon-Greedy (eps=0.1)","Ad_C","Mobile","Afternoon",0,0.12,18,0,4.12
4153,153,"Epsilon-Greedy (eps=0.1)","Ad_C","Desktop","Afternoon",0,0.12,18,0,4.12
4154,154,"Epsilon-Greedy (eps=0.1)","Ad_C","Mobile","Morning",0,0.12,18,0,4.12
4155,155,"Epsilon-Greedy (eps=0.1)","Ad_C","Desktop","Afternoon",1,0.12,19,0,4.12
4156,156,"Epsilon-Greedy (eps=0.1)","Ad_D","Mobile","Evening",0,0.1,19,0.02,4.14
4157,157,"Epsilon-Greedy (eps=0.1)","Ad_C","Desktop","Afternoon",0,0.12,19,0,4.14
4158,158,"Epsilon-Greedy (eps=0.1)","Ad_C","Tablet","Afternoon",0,0.12,19,0,4.14
4159,159,"Epsilon-Greedy (eps=0.1)","Ad_C","Tablet","Evening",1,0.12,20,0,4.14
4160,160,"Epsilon-Greedy (eps=0.1)","Ad_C","Desktop","Morning",0,0.12,20,0,4.14
4161,161,"Epsilon-Greedy (eps=0.1)","Ad_C","Mobile","Afternoon",0,0.12,20,0,4.14
4162,162,"Epsilon-Greedy (eps=0.1)","Ad_C","Mobile","Evening",0,0.12,20,0,4.14
4163,163,"Epsilon-Greedy (eps=0.1)","Ad_C","Tablet","Evening",0,0.12,20,0,4.14
4164,164,"Epsilon-Greedy (eps=0.1)","Ad_C","Tablet","Afternoon",0,0.12,20,0,4.14
4165,165,"Epsilon-Greedy (eps=0.1)","Ad_C","Tablet","Evening",0,0.12,20,0,4.14
4166,166,"Epsilon-Greedy (eps=0.1)","Ad_C","Mobile","Evening",0,0.12,20,0,4.14
4167,167,"Epsilon-Greedy (eps=0.1)","Ad_C","Desktop","Morning",0,0.12,20,0,4.14
4168,168,"Epsilon-Greedy (eps=0.1)","Ad_B","Mobile","Morning",0,0.08,20,0.04,4.18
4169,169,"Epsilon-Greedy (eps=0.1)","Ad_C","Mobile","Evening",0,0.12,20,0,4.18
4170,170,"Epsilon-Greedy (eps=0.1)","Ad_C","Desktop","Morning",0,0.12,20,0,4.18
4171,171,"Epsilon-Greedy (eps=0.1)","Ad_D","Tablet","Afternoon",0,0.1,20,0.02,4.2
4172,172,"Epsilon-Greedy (eps=0.1)","Ad_C","Tablet","Morning",1,0.12,21,0,4.2
4173,173,"Epsilon-Greedy (eps=0.1)","Ad_C","Desktop","Afternoon",0,0.12,21,0,4.2
4174,174,"Epsilon-Greedy (eps=0.1)","Ad_C","Desktop","Morning",0,0.12,21,0,4.2
4175,175,"Epsilon-Greedy (eps=0.1)","Ad_C","Tablet","Afternoon",0,0.12,21,0,4.2
4176,176,"Epsilon-Greedy (eps=0.1)","Ad_C","Tablet","Morning",0,0.12,21,0,4.2
4177,177,"Epsilon-Greedy (eps=0.1)","Ad_C","Mobile","Afternoon",0,0.12,21,0,4.2
4178,178,"Epsilon-Greedy (eps=0.1)","Ad_C","Tablet","Evening",0,0.12,21,0,4.2
4179,179,"Epsilon-Greedy (eps=0.1)","Ad_C","Mobile","Evening",0,0.12,21,0,4.2
4180,180,"Epsilon-Greedy (eps=0.1)","Ad_C","Tablet","Afternoon",0,0.12,21,0,4.2
4181,181,"Epsilon-Greedy (eps=0.1)","Ad_C","Tablet","Evening",0,0.12,21,0,4.2
4182,182,"Epsilon-Greedy (eps=0.1)","Ad_C","Desktop","Morning",0,0.12,21,0,4.2
4183,183,"Epsilon-Greedy (eps=0.1)","Ad_C","Desktop","Morning",0,0.12,21,0,4.2
4184,184,"Epsilon-Greedy (eps=0.1)","Ad_C","Mobile","Morning",1,0.12,22,0,4.2
4185,185,"Epsilon-Greedy (eps=0.1)","Ad_C","Tablet","Morning",0,0.12,22,0,4.2
4186,186,"Epsilon-Greedy (eps=0.1)","Ad_C","Mobile","Morning",0,0.12,22,0,4.2
4187,187,"Epsilon-Greedy (eps=0.1)","Ad_C","Mobile","Evening",0,0.12,22,0,4.2
4188,188,"Epsilon-Greedy (eps=0.1)","Ad_C","Desktop","Evening",0,0.12,22,0,4.2
4189,189,"Epsilon-Greedy (eps=0.1)","Ad_B","Mobile","Morning",0,0.08,22,0.04,4.24
4190,190,"Epsilon-Greedy (eps=0.1)","Ad_C","Mobile","Evening",0,0.12,22,0,4.24
4191,191,"Epsilon-Greedy (eps=0.1)","Ad_A","Tablet","Evening",0,0.05,22,0.07,4.31
4192,192,"Epsilon-Greedy (eps=0.1)","Ad_C","Desktop","Evening",0,0.12,22,0,4.31
4193,193,"Epsilon-Greedy (eps=0.1)","Ad_C","Desktop","Evening",0,0.12,22,0,4.31
4194,194,"Epsilon-Greedy (eps=0.1)","Ad_C","Tablet","Afternoon",0,0.12,22,0,4.31
4195,195,"Epsilon-Greedy (eps=0.1)","Ad_C","Desktop","Afternoon",0,0.12,22,0,4.31
4196,196,"Epsilon-Greedy (eps=0.1)","Ad_C","Mobile","Evening",0,0.12,22,0,4.31
4197,197,"Epsilon-Greedy (eps=0.1)","Ad_C","Mobile","Afternoon",1,0.12,23,0,4.31
4198,198,"Epsilon-Greedy (eps=0.1)","Ad_C","Desktop","Morning",0,0.12,23,0,4.31
4199,199,"Epsilon-Greedy (eps=0.1)","Ad_C","Tablet","Evening",1,0.12,24,0,4.31
4200,200,"Epsilon-Greedy (eps=0.1)","Ad_C","Tablet","Evening",0,0.12,24,0,4.31
4201,201,"Epsilon-Greedy (eps=0.1)","Ad_C","Tablet","Afternoon",0,0.12,24,0,4.31
4202,202,"Epsilon-Greedy (eps=0.1)","Ad_C","Mobile","Evening",0,0.12,24,0,4.31
4203,203,"Epsilon-Greedy (eps=0.1)","Ad_D","Mobile","Morning",0,0.1,24,0.02,4.33
4204,204,"Epsilon-Greedy (eps=0.1)","Ad_C","Tablet","Afternoon",0,0.12,24,0,4.33
4205,205,"Epsilon-Greedy (eps=0.1)","Ad_C","Tablet","Morning",0,0.12,24,0,4.33
4206,206,"Epsilon-Greedy (eps=0.1)","Ad_C","Mobile","Evening",0,0.12,24,0,4.33
4207,207,"Epsilon-Greedy (eps=0.1)","Ad_C","Mobile","Morning",0,0.12,24,0,4.33
4208,208,"Epsilon-Greedy (eps=0.1)","Ad_C","Desktop","Afternoon",0,0.12,24,0,4.33
4209,209,"Epsilon-Greedy (eps=0.1)","Ad_C","Tablet","Morning",0,0.12,24,0,4.33
4210,210,"Epsilon-Greedy (eps=0.1)","Ad_C","Mobile","Afternoon",0,0.12,24,0,4.33
4211,211,"Epsilon-Greedy (eps=0.1)","Ad_B","Desktop","Afternoon",0,0.08,24,0.04,4.37
4212,212,"Epsilon-Greedy (eps=0.1)","Ad_D","Tablet","Morning",0,0.1,24,0.02,4.39
4213,213,"Epsilon-Greedy (eps=0.1)","Ad_C","Mobile","Morning",0,0.12,24,0,4.39
4214,214,"Epsilon-Greedy (eps=0.1)","Ad_C","Mobile","Afternoon",0,0.12,24,0,4.39
4215,215,"Epsilon-Greedy (eps=0.1)","Ad_C","Mobile","Afternoon",0,0.12,24,0,4.39
4216,216,"Epsilon-Greedy (eps=0.1)","Ad_B","Desktop","Afternoon",0,0.08,24,0.04,4.43
4217,217,"Epsilon-Greedy (eps=0.1)","Ad_C","Desktop","Evening",0,0.12,24,0,4.43
4218,218,"Epsilon-Greedy (eps=0.1)","Ad_C","Mobile","Morning",0,0.12,24,0,4.43
4219,219,"Epsilon-Greedy (eps=0.1)","Ad_C","Mobile","Morning",0,0.12,24,0,4.43
4220,220,"Epsilon-Greedy (eps=0.1)","Ad_C","Mobile","Morning",0,0.12,24,0,4.43
4221,221,"Epsilon-Greedy (eps=0.1)","Ad_C","Tablet","Morning",0,0.12,24,0,4.43
4222,222,"Epsilon-Greedy (eps=0.1)","Ad_C","Desktop","Evening",0,0.12,24,0,4.43
4223,223,"Epsilon-Greedy (eps=0.1)","Ad_C","Mobile","Evening",0,0.12,24,0,4.43
4224,224,"Epsilon-Greedy (eps=0.1)","Ad_C","Tablet","Evening",0,0.12,24,0,4.43
4225,225,"Epsilon-Greedy (eps=0.1)","Ad_C","Mobile","Afternoon",0,0.12,24,0,4.43
4226,226,"Epsilon-Greedy (eps=0.1)","Ad_C","Desktop","Evening",0,0.12,24,0,4.43
4227,227,"Epsilon-Greedy (eps=0.1)","Ad_C","Mobile","Afternoon",0,0.12,24,0,4.43
4228,228,"Epsilon-Greedy (eps=0.1)","Ad_D","Mobile","Evening",0,0.1,24,0.02,4.45
4229,229,"Epsilon-Greedy (eps=0.1)","Ad_D","Tablet","Evening",0,0.1,24,0.02,4.47
4230,230,"Epsilon-Greedy (eps=0.1)","Ad_D","Tablet","Afternoon",0,0.1,24,0.02,4.49
4231,231,"Epsilon-Greedy (eps=0.1)","Ad_C","Desktop","Morning",0,0.12,24,0,4.49
4232,232,"Epsilon-Greedy (eps=0.1)","Ad_C","Mobile","Afternoon",0,0.12,24,0,4.49
4233,233,"Epsilon-Greedy (eps=0.1)","Ad_C","Desktop","Evening",0,0.12,24,0,4.49
4234,234,"Epsilon-Greedy (eps=0.1)","Ad_C","Tablet","Afternoon",0,0.12,24,0,4.49
4235,235,"Epsilon-Greedy (eps=0.1)","Ad_C","Tablet","Afternoon",0,0.12,24,0,4.49
4236,236,"Epsilon-Greedy (eps=0.1)","Ad_C","Tablet","Evening",1,0.12,25,0,4.49
4237,237,"Epsilon-Greedy (eps=0.1)","Ad_C","Tablet","Morning",0,0.12,25,0,4.49
4238,238,"Epsilon-Greedy (eps=0.1)","Ad_C","Mobile","Morning",0,0.12,25,0,4.49
4239,239,"Epsilon-Greedy (eps=0.1)","Ad_C","Mobile","Evening",0,0.12,25,0,4.49
4240,240,"Epsilon-Greedy (eps=0.1)","Ad_D","Mobile","Evening",0,0.1,25,0.02,4.51
4241,241,"Epsilon-Greedy (eps=0.1)","Ad_C","Tablet","Evening",0,0.12,25,0,4.51
4242,242,"Epsilon-Greedy (eps=0.1)","Ad_C","Desktop","Morning",0,0.12,25,0,4.51
4243,243,"Epsilon-Greedy (eps=0.1)","Ad_C","Tablet","Afternoon",0,0.12,25,0,4.51
4244,244,"Epsilon-Greedy (eps=0.1)","Ad_C","Mobile","Afternoon",1,0.12,26,0,4.51
4245,245,"Epsilon-Greedy (eps=0.1)","Ad_C","Tablet","Afternoon",0,0.12,26,0,4.51
4246,246,"Epsilon-Greedy (eps=0.1)","Ad_D","Tablet","Morning",0,0.1,26,0.02,4.53
4247,247,"Epsilon-Greedy (eps=0.1)","Ad_C","Desktop","Morning",0,0.12,26,0,4.53
4248,248,"Epsilon-Greedy (eps=0.1)","Ad_C","Desktop","Evening",0,0.12,26,0,4.53
4249,249,"Epsilon-Greedy (eps=0.1)","Ad_C","Tablet","Morning",1,0.12,27,0,4.53
4250,250,"Epsilon-Greedy (eps=0.1)","Ad_C","Mobile","Afternoon",0,0.12,27,0,4.53
4251,251,"Epsilon-Greedy (eps=0.1)","Ad_D","Mobile","Evening",0,0.1,27,0.02,4.55
4252,252,"Epsilon-Greedy (eps=0.1)","Ad_C","Mobile","Morning",0,0.12,27,0,4.55
4253,253,"Epsilon-Greedy (eps=0.1)","Ad_C","Tablet","Evening",1,0.12,28,0,4.55
4254,254,"Epsilon-Greedy (eps=0.1)","Ad_C","Desktop","Evening",1,0.12,29,0,4.55
4255,255,"Epsilon-Greedy (eps=0.1)","Ad_C","Desktop","Evening",0,0.12,29,0,4.55
4256,256,"Epsilon-Greedy (eps=0.1)","Ad_C","Tablet","Afternoon",1,0.12,30,0,4.55
4257,257,"Epsilon-Greedy (eps=0.1)","Ad_C","Desktop","Morning",1,0.12,31,0,4.55
4258,258,"Epsilon-Greedy (eps=0.1)","Ad_C","Mobile","Morning",0,0.12,31,0,4.55
4259,259,"Epsilon-Greedy (eps=0.1)","Ad_C","Desktop","Afternoon",0,0.12,31,0,4.55
4260,260,"Epsilon-Greedy (eps=0.1)","Ad_D","Mobile","Morning",0,0.1,31,0.02,4.56999999999999
4261,261,"Epsilon-Greedy (eps=0.1)","Ad_C","Tablet","Morning",0,0.12,31,0,4.56999999999999
4262,262,"Epsilon-Greedy (eps=0.1)","Ad_C","Tablet","Evening",0,0.12,31,0,4.56999999999999
4263,263,"Epsilon-Greedy (eps=0.1)","Ad_C","Mobile","Evening",0,0.12,31,0,4.56999999999999
4264,264,"Epsilon-Greedy (eps=0.1)","Ad_C","Mobile","Morning",0,0.12,31,0,4.56999999999999
4265,265,"Epsilon-Greedy (eps=0.1)","Ad_C","Tablet","Evening",0,0.12,31,0,4.56999999999999
4266,266,"Epsilon-Greedy (eps=0.1)","Ad_C","Mobile","Evening",1,0.12,32,0,4.56999999999999
4267,267,"Epsilon-Greedy (eps=0.1)","Ad_C","Desktop","Morning",0,0.12,32,0,4.56999999999999
4268,268,"Epsilon-Greedy (eps=0.1)","Ad_C","Tablet","Morning",1,0.12,33,0,4.56999999999999
4269,269,"Epsilon-Greedy (eps=0.1)","Ad_C","Tablet","Morning",0,0.12,33,0,4.56999999999999
4270,270,"Epsilon-Greedy (eps=0.1)","Ad_C","Mobile","Evening",0,0.12,33,0,4.56999999999999
4271,271,"Epsilon-Greedy (eps=0.1)","Ad_C","Tablet","Evening",0,0.12,33,0,4.56999999999999
4272,272,"Epsilon-Greedy (eps=0.1)","Ad_C","Desktop","Afternoon",0,0.12,33,0,4.56999999999999
4273,273,"Epsilon-Greedy (eps=0.1)","Ad_C","Desktop","Afternoon",0,0.12,33,0,4.56999999999999
4274,274,"Epsilon-Greedy (eps=0.1)","Ad_C","Tablet","Evening",0,0.12,33,0,4.56999999999999
4275,275,"Epsilon-Greedy (eps=0.1)","Ad_C","Tablet","Evening",0,0.12,33,0,4.56999999999999
4276,276,"Epsilon-Greedy (eps=0.1)","Ad_A","Desktop","Evening",0,0.05,33,0.07,4.64
4277,277,"Epsilon-Greedy (eps=0.1)","Ad_C","Tablet","Morning",0,0.12,33,0,4.64
4278,278,"Epsilon-Greedy (eps=0.1)","Ad_C","Tablet","Afternoon",0,0.12,33,0,4.64
4279,279,"Epsilon-Greedy (eps=0.1)","Ad_C","Tablet","Evening",0,0.12,33,0,4.64
4280,280,"Epsilon-Greedy (eps=0.1)","Ad_C","Mobile","Evening",0,0.12,33,0,4.64
4281,281,"Epsilon-Greedy (eps=0.1)","Ad_C","Mobile","Afternoon",1,0.12,34,0,4.64
4282,282,"Epsilon-Greedy (eps=0.1)","Ad_C","Mobile","Evening",0,0.12,34,0,4.64
4283,283,"Epsilon-Greedy (eps=0.1)","Ad_B","Tablet","Morning",1,0.08,35,0.04,4.68
4284,284,"Epsilon-Greedy (eps=0.1)","Ad_C","Desktop","Morning",1,0.12,36,0,4.68
4285,285,"Epsilon-Greedy (eps=0.1)","Ad_C","Mobile","Morning",0,0.12,36,0,4.68
4286,286,"Epsilon-Greedy (eps=0.1)","Ad_C","Mobile","Morning",0,0.12,36,0,4.68
4287,287,"Epsilon-Greedy (eps=0.1)","Ad_C","Tablet","Evening",0,0.12,36,0,4.68
4288,288,"Epsilon-Greedy (eps=0.1)","Ad_C","Tablet","Afternoon",0,0.12,36,0,4.68
4289,289,"Epsilon-Greedy (eps=0.1)","Ad_C","Tablet","Morning",0,0.12,36,0,4.68
4290,290,"Epsilon-Greedy (eps=0.1)","Ad_C","Mobile","Morning",0,0.12,36,0,4.68
4291,291,"Epsilon-Greedy (eps=0.1)","Ad_A","Mobile","Afternoon",0,0.05,36,0.07,4.75
4292,292,"Epsilon-Greedy (eps=0.1)","Ad_C","Mobile","Afternoon",0,0.12,36,0,4.75
4293,293,"Epsilon-Greedy (eps=0.1)","Ad_C","Tablet","Morning",0,0.12,36,0,4.75
4294,294,"Epsilon-Greedy (eps=0.1)","Ad_B","Tablet","Afternoon",0,0.08,36,0.04,4.79
4295,295,"Epsilon-Greedy (eps=0.1)","Ad_C","Tablet","Afternoon",0,0.12,36,0,4.79
4296,296,"Epsilon-Greedy (eps=0.1)","Ad_B","Mobile","Afternoon",0,0.08,36,0.04,4.83
4297,297,"Epsilon-Greedy (eps=0.1)","Ad_C","Mobile","Afternoon",0,0.12,36,0,4.83
4298,298,"Epsilon-Greedy (eps=0.1)","Ad_C","Tablet","Morning",1,0.12,37,0,4.83
4299,299,"Epsilon-Greedy (eps=0.1)","Ad_C","Desktop","Evening",0,0.12,37,0,4.83
4300,300,"Epsilon-Greedy (eps=0.1)","Ad_C","Tablet","Morning",1,0.12,38,0,4.83
4301,301,"Epsilon-Greedy (eps=0.1)","Ad_C","Mobile","Evening",0,0.12,38,0,4.83
4302,302,"Epsilon-Greedy (eps=0.1)","Ad_C","Mobile","Morning",0,0.12,38,0,4.83
4303,303,"Epsilon-Greedy (eps=0.1)","Ad_C","Desktop","Morning",0,0.12,38,0,4.83
4304,304,"Epsilon-Greedy (eps=0.1)","Ad_C","Tablet","Evening",0,0.12,38,0,4.83
4305,305,"Epsilon-Greedy (eps=0.1)","Ad_C","Desktop","Afternoon",0,0.12,38,0,4.83
4306,306,"Epsilon-Greedy (eps=0.1)","Ad_C","Tablet","Evening",0,0.12,38,0,4.83
4307,307,"Epsilon-Greedy (eps=0.1)","Ad_C","Mobile","Evening",0,0.12,38,0,4.83
4308,308,"Epsilon-Greedy (eps=0.1)","Ad_C","Desktop","Morning",0,0.12,38,0,4.83
4309,309,"Epsilon-Greedy (eps=0.1)","Ad_C","Desktop","Evening",0,0.12,38,0,4.83
4310,310,"Epsilon-Greedy (eps=0.1)","Ad_C","Desktop","Afternoon",0,0.12,38,0,4.83
4311,311,"Epsilon-Greedy (eps=0.1)","Ad_C","Tablet","Evening",0,0.12,38,0,4.83
4312,312,"Epsilon-Greedy (eps=0.1)","Ad_C","Desktop","Evening",0,0.12,38,0,4.83
4313,313,"Epsilon-Greedy (eps=0.1)","Ad_C","Tablet","Evening",0,0.12,38,0,4.83
4314,314,"Epsilon-Greedy (eps=0.1)","Ad_C","Tablet","Afternoon",0,0.12,38,0,4.83
4315,315,"Epsilon-Greedy (eps=0.1)","Ad_C","Mobile","Afternoon",0,0.12,38,0,4.83
4316,316,"Epsilon-Greedy (eps=0.1)","Ad_C","Desktop","Evening",0,0.12,38,0,4.83
4317,317,"Epsilon-Greedy (eps=0.1)","Ad_A","Desktop","Evening",0,0.05,38,0.07,4.9
4318,318,"Epsilon-Greedy (eps=0.1)","Ad_C","Desktop","Morning",0,0.12,38,0,4.9
4319,319,"Epsilon-Greedy (eps=0.1)","Ad_C","Mobile","Afternoon",0,0.12,38,0,4.9
4320,320,"Epsilon-Greedy (eps=0.1)","Ad_C","Desktop","Morning",0,0.12,38,0,4.9
4321,321,"Epsilon-Greedy (eps=0.1)","Ad_C","Desktop","Morning",0,0.12,38,0,4.9
4322,322,"Epsilon-Greedy (eps=0.1)","Ad_C","Mobile","Evening",0,0.12,38,0,4.9
4323,323,"Epsilon-Greedy (eps=0.1)","Ad_C","Desktop","Evening",0,0.12,38,0,4.9
4324,324,"Epsilon-Greedy (eps=0.1)","Ad_C","Desktop","Morning",0,0.12,38,0,4.9
4325,325,"Epsilon-Greedy (eps=0.1)","Ad_C","Mobile","Afternoon",0,0.12,38,0,4.9
4326,326,"Epsilon-Greedy (eps=0.1)","Ad_C","Desktop","Morning",0,0.12,38,0,4.9
4327,327,"Epsilon-Greedy (eps=0.1)","Ad_B","Tablet","Afternoon",0,0.08,38,0.04,4.94
4328,328,"Epsilon-Greedy (eps=0.1)","Ad_C","Desktop","Evening",0,0.12,38,0,4.94
4329,329,"Epsilon-Greedy (eps=0.1)","Ad_C","Desktop","Evening",0,0.12,38,0,4.94
4330,330,"Epsilon-Greedy (eps=0.1)","Ad_C","Desktop","Evening",0,0.12,38,0,4.94
4331,331,"Epsilon-Greedy (eps=0.1)","Ad_C","Mobile","Evening",0,0.12,38,0,4.94
4332,332,"Epsilon-Greedy (eps=0.1)","Ad_C","Desktop","Evening",0,0.12,38,0,4.94
4333,333,"Epsilon-Greedy (eps=0.1)","Ad_C","Mobile","Morning",0,0.12,38,0,4.94
4334,334,"Epsilon-Greedy (eps=0.1)","Ad_C","Mobile","Morning",1,0.12,39,0,4.94
4335,335,"Epsilon-Greedy (eps=0.1)","Ad_C","Tablet","Afternoon",0,0.12,39,0,4.94
4336,336,"Epsilon-Greedy (eps=0.1)","Ad_C","Mobile","Evening",0,0.12,39,0,4.94
4337,337,"Epsilon-Greedy (eps=0.1)","Ad_C","Tablet","Evening",0,0.12,39,0,4.94
4338,338,"Epsilon-Greedy (eps=0.1)","Ad_C","Tablet","Afternoon",0,0.12,39,0,4.94
4339,339,"Epsilon-Greedy (eps=0.1)","Ad_C","Mobile","Afternoon",0,0.12,39,0,4.94
4340,340,"Epsilon-Greedy (eps=0.1)","Ad_B","Mobile","Evening",0,0.08,39,0.04,4.98
4341,341,"Epsilon-Greedy (eps=0.1)","Ad_C","Tablet","Evening",1,0.12,40,0,4.98
4342,342,"Epsilon-Greedy (eps=0.1)","Ad_C","Tablet","Evening",0,0.12,40,0,4.98
4343,343,"Epsilon-Greedy (eps=0.1)","Ad_C","Desktop","Evening",0,0.12,40,0,4.98
4344,344,"Epsilon-Greedy (eps=0.1)","Ad_C","Tablet","Evening",0,0.12,40,0,4.98
4345,345,"Epsilon-Greedy (eps=0.1)","Ad_C","Desktop","Afternoon",1,0.12,41,0,4.98
4346,346,"Epsilon-Greedy (eps=0.1)","Ad_C","Mobile","Afternoon",0,0.12,41,0,4.98
4347,347,"Epsilon-Greedy (eps=0.1)","Ad_C","Desktop","Afternoon",0,0.12,41,0,4.98
4348,348,"Epsilon-Greedy (eps=0.1)","Ad_C","Desktop","Evening",1,0.12,42,0,4.98
4349,349,"Epsilon-Greedy (eps=0.1)","Ad_C","Desktop","Evening",0,0.12,42,0,4.98
4350,350,"Epsilon-Greedy (eps=0.1)","Ad_C","Mobile","Evening",0,0.12,42,0,4.98
4351,351,"Epsilon-Greedy (eps=0.1)","Ad_C","Mobile","Afternoon",1,0.12,43,0,4.98
4352,352,"Epsilon-Greedy (eps=0.1)","Ad_C","Mobile","Afternoon",0,0.12,43,0,4.98
4353,353,"Epsilon-Greedy (eps=0.1)","Ad_A","Mobile","Evening",0,0.05,43,0.07,5.05
4354,354,"Epsilon-Greedy (eps=0.1)","Ad_C","Desktop","Evening",0,0.12,43,0,5.05
4355,355,"Epsilon-Greedy (eps=0.1)","Ad_C","Mobile","Morning",0,0.12,43,0,5.05
4356,356,"Epsilon-Greedy (eps=0.1)","Ad_C","Mobile","Afternoon",0,0.12,43,0,5.05
4357,357,"Epsilon-Greedy (eps=0.1)","Ad_C","Mobile","Evening",0,0.12,43,0,5.05
4358,358,"Epsilon-Greedy (eps=0.1)","Ad_C","Mobile","Afternoon",0,0.12,43,0,5.05
4359,359,"Epsilon-Greedy (eps=0.1)","Ad_C","Mobile","Afternoon",0,0.12,43,0,5.05
4360,360,"Epsilon-Greedy (eps=0.1)","Ad_C","Tablet","Afternoon",0,0.12,43,0,5.05
4361,361,"Epsilon-Greedy (eps=0.1)","Ad_C","Desktop","Evening",0,0.12,43,0,5.05
4362,362,"Epsilon-Greedy (eps=0.1)","Ad_C","Mobile","Evening",0,0.12,43,0,5.05
4363,363,"Epsilon-Greedy (eps=0.1)","Ad_C","Mobile","Morning",0,0.12,43,0,5.05
4364,364,"Epsilon-Greedy (eps=0.1)","Ad_B","Tablet","Morning",1,0.08,44,0.04,5.09
4365,365,"Epsilon-Greedy (eps=0.1)","Ad_C","Mobile","Morning",0,0.12,44,0,5.09
4366,366,"Epsilon-Greedy (eps=0.1)","Ad_C","Desktop","Morning",0,0.12,44,0,5.09
4367,367,"Epsilon-Greedy (eps=0.1)","Ad_C","Desktop","Afternoon",0,0.12,44,0,5.09
4368,368,"Epsilon-Greedy (eps=0.1)","Ad_C","Desktop","Evening",0,0.12,44,0,5.09
4369,369,"Epsilon-Greedy (eps=0.1)","Ad_C","Tablet","Afternoon",0,0.12,44,0,5.09
4370,370,"Epsilon-Greedy (eps=0.1)","Ad_C","Mobile","Morning",0,0.12,44,0,5.09
4371,371,"Epsilon-Greedy (eps=0.1)","Ad_C","Desktop","Evening",0,0.12,44,0,5.09
4372,372,"Epsilon-Greedy (eps=0.1)","Ad_C","Mobile","Afternoon",0,0.12,44,0,5.09
4373,373,"Epsilon-Greedy (eps=0.1)","Ad_C","Desktop","Afternoon",0,0.12,44,0,5.09
4374,374,"Epsilon-Greedy (eps=0.1)","Ad_C","Desktop","Evening",0,0.12,44,0,5.09
4375,375,"Epsilon-Greedy (eps=0.1)","Ad_C","Tablet","Morning",0,0.12,44,0,5.09
4376,376,"Epsilon-Greedy (eps=0.1)","Ad_C","Mobile","Afternoon",0,0.12,44,0,5.09
4377,377,"Epsilon-Greedy (eps=0.1)","Ad_A","Desktop","Afternoon",0,0.05,44,0.07,5.16
4378,378,"Epsilon-Greedy (eps=0.1)","Ad_C","Desktop","Morning",0,0.12,44,0,5.16
4379,379,"Epsilon-Greedy (eps=0.1)","Ad_A","Mobile","Morning",0,0.05,44,0.07,5.23
4380,380,"Epsilon-Greedy (eps=0.1)","Ad_B","Mobile","Afternoon",0,0.08,44,0.04,5.27
4381,381,"Epsilon-Greedy (eps=0.1)","Ad_C","Desktop","Afternoon",0,0.12,44,0,5.27
4382,382,"Epsilon-Greedy (eps=0.1)","Ad_C","Desktop","Afternoon",0,0.12,44,0,5.27
4383,383,"Epsilon-Greedy (eps=0.1)","Ad_C","Mobile","Afternoon",0,0.12,44,0,5.27
4384,384,"Epsilon-Greedy (eps=0.1)","Ad_C","Mobile","Afternoon",0,0.12,44,0,5.27
4385,385,"Epsilon-Greedy (eps=0.1)","Ad_C","Mobile","Evening",0,0.12,44,0,5.27
4386,386,"Epsilon-Greedy (eps=0.1)","Ad_C","Mobile","Morning",0,0.12,44,0,5.27
4387,387,"Epsilon-Greedy (eps=0.1)","Ad_C","Tablet","Afternoon",0,0.12,44,0,5.27
4388,388,"Epsilon-Greedy (eps=0.1)","Ad_C","Desktop","Morning",0,0.12,44,0,5.27
4389,389,"Epsilon-Greedy (eps=0.1)","Ad_C","Tablet","Afternoon",1,0.12,45,0,5.27
4390,390,"Epsilon-Greedy (eps=0.1)","Ad_C","Desktop","Morning",0,0.12,45,0,5.27
4391,391,"Epsilon-Greedy (eps=0.1)","Ad_C","Tablet","Morning",0,0.12,45,0,5.27
4392,392,"Epsilon-Greedy (eps=0.1)","Ad_C","Tablet","Afternoon",1,0.12,46,0,5.27
4393,393,"Epsilon-Greedy (eps=0.1)","Ad_C","Desktop","Evening",0,0.12,46,0,5.27
4394,394,"Epsilon-Greedy (eps=0.1)","Ad_C","Tablet","Afternoon",0,0.12,46,0,5.27
4395,395,"Epsilon-Greedy (eps=0.1)","Ad_C","Mobile","Evening",0,0.12,46,0,5.27
4396,396,"Epsilon-Greedy (eps=0.1)","Ad_C","Tablet","Evening",0,0.12,46,0,5.27
4397,397,"Epsilon-Greedy (eps=0.1)","Ad_C","Mobile","Morning",1,0.12,47,0,5.27
4398,398,"Epsilon-Greedy (eps=0.1)","Ad_B","Mobile","Evening",0,0.08,47,0.04,5.31
4399,399,"Epsilon-Greedy (eps=0.1)","Ad_B","Tablet","Evening",0,0.08,47,0.04,5.35
4400,400,"Epsilon-Greedy (eps=0.1)","Ad_C","Desktop","Evening",0,0.12,47,0,5.35
4401,401,"Epsilon-Greedy (eps=0.1)","Ad_C","Tablet","Afternoon",0,0.12,47,0,5.35
4402,402,"Epsilon-Greedy (eps=0.1)","Ad_C","Mobile","Morning",0,0.12,47,0,5.35
4403,403,"Epsilon-Greedy (eps=0.1)","Ad_A","Tablet","Morning",0,0.05,47,0.07,5.42
4404,404,"Epsilon-Greedy (eps=0.1)","Ad_C","Tablet","Evening",0,0.12,47,0,5.42
4405,405,"Epsilon-Greedy (eps=0.1)","Ad_C","Desktop","Evening",0,0.12,47,0,5.42
4406,406,"Epsilon-Greedy (eps=0.1)","Ad_C","Mobile","Afternoon",0,0.12,47,0,5.42
4407,407,"Epsilon-Greedy (eps=0.1)","Ad_C","Mobile","Afternoon",0,0.12,47,0,5.42
4408,408,"Epsilon-Greedy (eps=0.1)","Ad_C","Tablet","Afternoon",0,0.12,47,0,5.42
4409,409,"Epsilon-Greedy (eps=0.1)","Ad_C","Mobile","Evening",0,0.12,47,0,5.42
4410,410,"Epsilon-Greedy (eps=0.1)","Ad_C","Desktop","Afternoon",0,0.12,47,0,5.42
4411,411,"Epsilon-Greedy (eps=0.1)","Ad_C","Tablet","Morning",0,0.12,47,0,5.42
4412,412,"Epsilon-Greedy (eps=0.1)","Ad_C","Mobile","Evening",0,0.12,47,0,5.42
4413,413,"Epsilon-Greedy (eps=0.1)","Ad_C","Desktop","Afternoon",0,0.12,47,0,5.42
4414,414,"Epsilon-Greedy (eps=0.1)","Ad_C","Mobile","Morning",0,0.12,47,0,5.42
4415,415,"Epsilon-Greedy (eps=0.1)","Ad_C","Tablet","Morning",0,0.12,47,0,5.42
4416,416,"Epsilon-Greedy (eps=0.1)","Ad_C","Tablet","Morning",0,0.12,47,0,5.42
4417,417,"Epsilon-Greedy (eps=0.1)","Ad_D","Desktop","Afternoon",0,0.1,47,0.02,5.44
4418,418,"Epsilon-Greedy (eps=0.1)","Ad_C","Tablet","Afternoon",0,0.12,47,0,5.44
4419,419,"Epsilon-Greedy (eps=0.1)","Ad_C","Mobile","Morning",0,0.12,47,0,5.44
4420,420,"Epsilon-Greedy (eps=0.1)","Ad_B","Tablet","Morning",0,0.08,47,0.04,5.48
4421,421,"Epsilon-Greedy (eps=0.1)","Ad_C","Mobile","Morning",0,0.12,47,0,5.48
4422,422,"Epsilon-Greedy (eps=0.1)","Ad_C","Mobile","Evening",0,0.12,47,0,5.48
4423,423,"Epsilon-Greedy (eps=0.1)","Ad_C","Desktop","Morning",0,0.12,47,0,5.48
4424,424,"Epsilon-Greedy (eps=0.1)","Ad_C","Desktop","Morning",0,0.12,47,0,5.48
4425,425,"Epsilon-Greedy (eps=0.1)","Ad_C","Mobile","Evening",0,0.12,47,0,5.48
4426,426,"Epsilon-Greedy (eps=0.1)","Ad_C","Tablet","Morning",0,0.12,47,0,5.48
4427,427,"Epsilon-Greedy (eps=0.1)","Ad_C","Mobile","Afternoon",0,0.12,47,0,5.48
4428,428,"Epsilon-Greedy (eps=0.1)","Ad_C","Desktop","Afternoon",0,0.12,47,0,5.48
4429,429,"Epsilon-Greedy (eps=0.1)","Ad_C","Tablet","Morning",0,0.12,47,0,5.48
4430,430,"Epsilon-Greedy (eps=0.1)","Ad_C","Mobile","Afternoon",1,0.12,48,0,5.48
4431,431,"Epsilon-Greedy (eps=0.1)","Ad_C","Tablet","Evening",0,0.12,48,0,5.48
4432,432,"Epsilon-Greedy (eps=0.1)","Ad_C","Mobile","Afternoon",0,0.12,48,0,5.48
4433,433,"Epsilon-Greedy (eps=0.1)","Ad_C","Tablet","Afternoon",0,0.12,48,0,5.48
4434,434,"Epsilon-Greedy (eps=0.1)","Ad_C","Tablet","Morning",0,0.12,48,0,5.48
4435,435,"Epsilon-Greedy (eps=0.1)","Ad_C","Tablet","Evening",0,0.12,48,0,5.48
4436,436,"Epsilon-Greedy (eps=0.1)","Ad_C","Desktop","Evening",0,0.12,48,0,5.48
4437,437,"Epsilon-Greedy (eps=0.1)","Ad_C","Mobile","Evening",0,0.12,48,0,5.48
4438,438,"Epsilon-Greedy (eps=0.1)","Ad_C","Mobile","Evening",1,0.12,49,0,5.48
4439,439,"Epsilon-Greedy (eps=0.1)","Ad_C","Desktop","Afternoon",1,0.12,50,0,5.48
4440,440,"Epsilon-Greedy (eps=0.1)","Ad_C","Tablet","Evening",0,0.12,50,0,5.48
4441,441,"Epsilon-Greedy (eps=0.1)","Ad_A","Mobile","Evening",0,0.05,50,0.07,5.55
4442,442,"Epsilon-Greedy (eps=0.1)","Ad_C","Mobile","Evening",0,0.12,50,0,5.55
4443,443,"Epsilon-Greedy (eps=0.1)","Ad_C","Desktop","Evening",0,0.12,50,0,5.55
4444,444,"Epsilon-Greedy (eps=0.1)","Ad_C","Desktop","Morning",0,0.12,50,0,5.55
4445,445,"Epsilon-Greedy (eps=0.1)","Ad_C","Tablet","Evening",0,0.12,50,0,5.55
4446,446,"Epsilon-Greedy (eps=0.1)","Ad_C","Mobile","Morning",0,0.12,50,0,5.55
4447,447,"Epsilon-Greedy (eps=0.1)","Ad_C","Desktop","Evening",0,0.12,50,0,5.55
4448,448,"Epsilon-Greedy (eps=0.1)","Ad_C","Tablet","Afternoon",0,0.12,50,0,5.55
4449,449,"Epsilon-Greedy (eps=0.1)","Ad_C","Tablet","Afternoon",1,0.12,51,0,5.55
4450,450,"Epsilon-Greedy (eps=0.1)","Ad_C","Desktop","Afternoon",0,0.12,51,0,5.55
4451,451,"Epsilon-Greedy (eps=0.1)","Ad_C","Mobile","Evening",0,0.12,51,0,5.55
4452,452,"Epsilon-Greedy (eps=0.1)","Ad_C","Desktop","Evening",0,0.12,51,0,5.55
4453,453,"Epsilon-Greedy (eps=0.1)","Ad_C","Tablet","Morning",0,0.12,51,0,5.55
4454,454,"Epsilon-Greedy (eps=0.1)","Ad_C","Tablet","Morning",0,0.12,51,0,5.55
4455,455,"Epsilon-Greedy (eps=0.1)","Ad_C","Desktop","Morning",0,0.12,51,0,5.55
4456,456,"Epsilon-Greedy (eps=0.1)","Ad_C","Mobile","Evening",0,0.12,51,0,5.55
4457,457,"Epsilon-Greedy (eps=0.1)","Ad_C","Tablet","Afternoon",0,0.12,51,0,5.55
4458,458,"Epsilon-Greedy (eps=0.1)","Ad_C","Mobile","Evening",0,0.12,51,0,5.55
4459,459,"Epsilon-Greedy (eps=0.1)","Ad_C","Desktop","Morning",0,0.12,51,0,5.55
4460,460,"Epsilon-Greedy (eps=0.1)","Ad_C","Desktop","Evening",0,0.12,51,0,5.55
4461,461,"Epsilon-Greedy (eps=0.1)","Ad_C","Desktop","Evening",0,0.12,51,0,5.55
4462,462,"Epsilon-Greedy (eps=0.1)","Ad_C","Mobile","Evening",0,0.12,51,0,5.55
4463,463,"Epsilon-Greedy (eps=0.1)","Ad_C","Mobile","Morning",0,0.12,51,0,5.55
4464,464,"Epsilon-Greedy (eps=0.1)","Ad_C","Tablet","Afternoon",1,0.12,52,0,5.55
4465,465,"Epsilon-Greedy (eps=0.1)","Ad_C","Tablet","Evening",0,0.12,52,0,5.55
4466,466,"Epsilon-Greedy (eps=0.1)","Ad_C","Tablet","Morning",1,0.12,53,0,5.55
4467,467,"Epsilon-Greedy (eps=0.1)","Ad_C","Mobile","Evening",0,0.12,53,0,5.55
4468,468,"Epsilon-Greedy (eps=0.1)","Ad_C","Desktop","Afternoon",0,0.12,53,0,5.55
4469,469,"Epsilon-Greedy (eps=0.1)","Ad_C","Tablet","Evening",0,0.12,53,0,5.55
4470,470,"Epsilon-Greedy (eps=0.1)","Ad_C","Mobile","Morning",0,0.12,53,0,5.55
4471,471,"Epsilon-Greedy (eps=0.1)","Ad_C","Tablet","Morning",0,0.12,53,0,5.55
4472,472,"Epsilon-Greedy (eps=0.1)","Ad_C","Mobile","Morning",0,0.12,53,0,5.55
4473,473,"Epsilon-Greedy (eps=0.1)","Ad_C","Tablet","Morning",0,0.12,53,0,5.55
4474,474,"Epsilon-Greedy (eps=0.1)","Ad_C","Mobile","Afternoon",0,0.12,53,0,5.55
4475,475,"Epsilon-Greedy (eps=0.1)","Ad_C","Desktop","Morning",0,0.12,53,0,5.55
4476,476,"Epsilon-Greedy (eps=0.1)","Ad_C","Desktop","Evening",0,0.12,53,0,5.55
4477,477,"Epsilon-Greedy (eps=0.1)","Ad_C","Mobile","Morning",0,0.12,53,0,5.55
4478,478,"Epsilon-Greedy (eps=0.1)","Ad_C","Tablet","Morning",0,0.12,53,0,5.55
4479,479,"Epsilon-Greedy (eps=0.1)","Ad_C","Desktop","Afternoon",0,0.12,53,0,5.55
4480,480,"Epsilon-Greedy (eps=0.1)","Ad_C","Desktop","Morning",0,0.12,53,0,5.55
4481,481,"Epsilon-Greedy (eps=0.1)","Ad_C","Tablet","Evening",0,0.12,53,0,5.55
4482,482,"Epsilon-Greedy (eps=0.1)","Ad_C","Tablet","Afternoon",0,0.12,53,0,5.55
4483,483,"Epsilon-Greedy (eps=0.1)","Ad_C","Desktop","Evening",1,0.12,54,0,5.55
4484,484,"Epsilon-Greedy (eps=0.1)","Ad_C","Desktop","Afternoon",0,0.12,54,0,5.55
4485,485,"Epsilon-Greedy (eps=0.1)","Ad_C","Desktop","Evening",0,0.12,54,0,5.55
4486,486,"Epsilon-Greedy (eps=0.1)","Ad_C","Mobile","Morning",0,0.12,54,0,5.55
4487,487,"Epsilon-Greedy (eps=0.1)","Ad_C","Mobile","Morning",0,0.12,54,0,5.55
4488,488,"Epsilon-Greedy (eps=0.1)","Ad_C","Tablet","Evening",0,0.12,54,0,5.55
4489,489,"Epsilon-Greedy (eps=0.1)","Ad_C","Tablet","Morning",0,0.12,54,0,5.55
4490,490,"Epsilon-Greedy (eps=0.1)","Ad_C","Tablet","Morning",0,0.12,54,0,5.55
4491,491,"Epsilon-Greedy (eps=0.1)","Ad_C","Tablet","Morning",0,0.12,54,0,5.55
4492,492,"Epsilon-Greedy (eps=0.1)","Ad_C","Desktop","Morning",0,0.12,54,0,5.55
4493,493,"Epsilon-Greedy (eps=0.1)","Ad_C","Tablet","Morning",1,0.12,55,0,5.55
4494,494,"Epsilon-Greedy (eps=0.1)","Ad_B","Desktop","Morning",1,0.08,56,0.04,5.59
4495,495,"Epsilon-Greedy (eps=0.1)","Ad_B","Mobile","Evening",0,0.08,56,0.04,5.63
4496,496,"Epsilon-Greedy (eps=0.1)","Ad_B","Tablet","Afternoon",0,0.08,56,0.04,5.67
4497,497,"Epsilon-Greedy (eps=0.1)","Ad_B","Tablet","Morning",0,0.08,56,0.04,5.71
4498,498,"Epsilon-Greedy (eps=0.1)","Ad_B","Desktop","Morning",0,0.08,56,0.04,5.75
4499,499,"Epsilon-Greedy (eps=0.1)","Ad_B","Tablet","Afternoon",0,0.08,56,0.04,5.79
4500,500,"Epsilon-Greedy (eps=0.1)","Ad_C","Desktop","Morning",1,0.12,57,0,5.79
4501,501,"Epsilon-Greedy (eps=0.1)","Ad_C","Mobile","Evening",0,0.12,57,0,5.79
4502,502,"Epsilon-Greedy (eps=0.1)","Ad_C","Mobile","Morning",0,0.12,57,0,5.79
4503,503,"Epsilon-Greedy (eps=0.1)","Ad_C","Mobile","Morning",0,0.12,57,0,5.79
4504,504,"Epsilon-Greedy (eps=0.1)","Ad_C","Desktop","Evening",0,0.12,57,0,5.79
4505,505,"Epsilon-Greedy (eps=0.1)","Ad_C","Mobile","Afternoon",1,0.12,58,0,5.79
4506,506,"Epsilon-Greedy (eps=0.1)","Ad_C","Mobile","Evening",0,0.12,58,0,5.79
4507,507,"Epsilon-Greedy (eps=0.1)","Ad_C","Tablet","Evening",0,0.12,58,0,5.79
4508,508,"Epsilon-Greedy (eps=0.1)","Ad_C","Desktop","Afternoon",0,0.12,58,0,5.79
4509,509,"Epsilon-Greedy (eps=0.1)","Ad_D","Mobile","Evening",0,0.1,58,0.02,5.81
4510,510,"Epsilon-Greedy (eps=0.1)","Ad_A","Mobile","Evening",0,0.05,58,0.07,5.88
4511,511,"Epsilon-Greedy (eps=0.1)","Ad_B","Mobile","Morning",0,0.08,58,0.04,5.92
4512,512,"Epsilon-Greedy (eps=0.1)","Ad_C","Desktop","Evening",0,0.12,58,0,5.92
4513,513,"Epsilon-Greedy (eps=0.1)","Ad_C","Desktop","Afternoon",0,0.12,58,0,5.92
4514,514,"Epsilon-Greedy (eps=0.1)","Ad_C","Desktop","Afternoon",0,0.12,58,0,5.92
4515,515,"Epsilon-Greedy (eps=0.1)","Ad_C","Tablet","Afternoon",0,0.12,58,0,5.92
4516,516,"Epsilon-Greedy (eps=0.1)","Ad_C","Desktop","Afternoon",0,0.12,58,0,5.92
4517,517,"Epsilon-Greedy (eps=0.1)","Ad_D","Mobile","Morning",1,0.1,59,0.02,5.94
4518,518,"Epsilon-Greedy (eps=0.1)","Ad_D","Tablet","Evening",1,0.1,60,0.02,5.96
4519,519,"Epsilon-Greedy (eps=0.1)","Ad_D","Mobile","Morning",0,0.1,60,0.02,5.98
4520,520,"Epsilon-Greedy (eps=0.1)","Ad_D","Mobile","Afternoon",0,0.1,60,0.02,6
4521,521,"Epsilon-Greedy (eps=0.1)","Ad_D","Desktop","Morning",0,0.1,60,0.02,6.02
4522,522,"Epsilon-Greedy (eps=0.1)","Ad_C","Mobile","Afternoon",0,0.12,60,0,6.02
4523,523,"Epsilon-Greedy (eps=0.1)","Ad_D","Mobile","Evening",0,0.1,60,0.02,6.03999999999999
4524,524,"Epsilon-Greedy (eps=0.1)","Ad_D","Desktop","Evening",0,0.1,60,0.02,6.05999999999999
4525,525,"Epsilon-Greedy (eps=0.1)","Ad_A","Desktop","Morning",0,0.05,60,0.07,6.12999999999999
4526,526,"Epsilon-Greedy (eps=0.1)","Ad_D","Tablet","Evening",0,0.1,60,0.02,6.14999999999999
4527,527,"Epsilon-Greedy (eps=0.1)","Ad_D","Mobile","Afternoon",0,0.1,60,0.02,6.16999999999999
4528,528,"Epsilon-Greedy (eps=0.1)","Ad_D","Desktop","Evening",0,0.1,60,0.02,6.18999999999999
4529,529,"Epsilon-Greedy (eps=0.1)","Ad_D","Desktop","Morning",1,0.1,61,0.02,6.20999999999999
4530,530,"Epsilon-Greedy (eps=0.1)","Ad_B","Mobile","Morning",0,0.08,61,0.04,6.24999999999999
4531,531,"Epsilon-Greedy (eps=0.1)","Ad_D","Desktop","Morning",0,0.1,61,0.02,6.26999999999999
4532,532,"Epsilon-Greedy (eps=0.1)","Ad_D","Tablet","Evening",0,0.1,61,0.02,6.28999999999999
4533,533,"Epsilon-Greedy (eps=0.1)","Ad_D","Desktop","Afternoon",0,0.1,61,0.02,6.30999999999999
4534,534,"Epsilon-Greedy (eps=0.1)","Ad_C","Tablet","Morning",0,0.12,61,0,6.30999999999999
4535,535,"Epsilon-Greedy (eps=0.1)","Ad_D","Desktop","Afternoon",0,0.1,61,0.02,6.32999999999999
4536,536,"Epsilon-Greedy (eps=0.1)","Ad_D","Tablet","Morning",1,0.1,62,0.02,6.34999999999999
4537,537,"Epsilon-Greedy (eps=0.1)","Ad_D","Desktop","Afternoon",0,0.1,62,0.02,6.36999999999999
4538,538,"Epsilon-Greedy (eps=0.1)","Ad_D","Tablet","Evening",0,0.1,62,0.02,6.38999999999999
4539,539,"Epsilon-Greedy (eps=0.1)","Ad_D","Mobile","Afternoon",0,0.1,62,0.02,6.40999999999999
4540,540,"Epsilon-Greedy (eps=0.1)","Ad_D","Desktop","Evening",0,0.1,62,0.02,6.42999999999999
4541,541,"Epsilon-Greedy (eps=0.1)","Ad_D","Desktop","Evening",0,0.1,62,0.02,6.44999999999999
4542,542,"Epsilon-Greedy (eps=0.1)","Ad_D","Desktop","Afternoon",0,0.1,62,0.02,6.46999999999999
4543,543,"Epsilon-Greedy (eps=0.1)","Ad_D","Tablet","Evening",0,0.1,62,0.02,6.48999999999999
4544,544,"Epsilon-Greedy (eps=0.1)","Ad_B","Mobile","Morning",0,0.08,62,0.04,6.52999999999999
4545,545,"Epsilon-Greedy (eps=0.1)","Ad_C","Desktop","Morning",0,0.12,62,0,6.52999999999999
4546,546,"Epsilon-Greedy (eps=0.1)","Ad_D","Mobile","Morning",0,0.1,62,0.02,6.54999999999999
4547,547,"Epsilon-Greedy (eps=0.1)","Ad_D","Tablet","Morning",0,0.1,62,0.02,6.56999999999999
4548,548,"Epsilon-Greedy (eps=0.1)","Ad_D","Tablet","Morning",0,0.1,62,0.02,6.58999999999999
4549,549,"Epsilon-Greedy (eps=0.1)","Ad_C","Mobile","Evening",0,0.12,62,0,6.58999999999999
4550,550,"Epsilon-Greedy (eps=0.1)","Ad_D","Desktop","Evening",0,0.1,62,0.02,6.60999999999999
4551,551,"Epsilon-Greedy (eps=0.1)","Ad_C","Desktop","Evening",1,0.12,63,0,6.60999999999999
4552,552,"Epsilon-Greedy (eps=0.1)","Ad_C","Desktop","Afternoon",0,0.12,63,0,6.60999999999999
4553,553,"Epsilon-Greedy (eps=0.1)","Ad_C","Tablet","Evening",1,0.12,64,0,6.60999999999999
4554,554,"Epsilon-Greedy (eps=0.1)","Ad_B","Mobile","Morning",0,0.08,64,0.04,6.64999999999999
4555,555,"Epsilon-Greedy (eps=0.1)","Ad_C","Desktop","Afternoon",0,0.12,64,0,6.64999999999999
4556,556,"Epsilon-Greedy (eps=0.1)","Ad_C","Mobile","Morning",0,0.12,64,0,6.64999999999999
4557,557,"Epsilon-Greedy (eps=0.1)","Ad_C","Mobile","Afternoon",0,0.12,64,0,6.64999999999999
4558,558,"Epsilon-Greedy (eps=0.1)","Ad_C","Tablet","Morning",0,0.12,64,0,6.64999999999999
4559,559,"Epsilon-Greedy (eps=0.1)","Ad_C","Desktop","Morning",0,0.12,64,0,6.64999999999999
4560,560,"Epsilon-Greedy (eps=0.1)","Ad_C","Mobile","Morning",0,0.12,64,0,6.64999999999999
4561,561,"Epsilon-Greedy (eps=0.1)","Ad_C","Mobile","Afternoon",0,0.12,64,0,6.64999999999999
4562,562,"Epsilon-Greedy (eps=0.1)","Ad_C","Tablet","Evening",0,0.12,64,0,6.64999999999999
4563,563,"Epsilon-Greedy (eps=0.1)","Ad_C","Desktop","Morning",0,0.12,64,0,6.64999999999999
4564,564,"Epsilon-Greedy (eps=0.1)","Ad_C","Desktop","Evening",0,0.12,64,0,6.64999999999999
4565,565,"Epsilon-Greedy (eps=0.1)","Ad_C","Mobile","Afternoon",0,0.12,64,0,6.64999999999999
4566,566,"Epsilon-Greedy (eps=0.1)","Ad_C","Tablet","Evening",0,0.12,64,0,6.64999999999999
4567,567,"Epsilon-Greedy (eps=0.1)","Ad_C","Desktop","Afternoon",0,0.12,64,0,6.64999999999999
4568,568,"Epsilon-Greedy (eps=0.1)","Ad_C","Tablet","Evening",1,0.12,65,0,6.64999999999999
4569,569,"Epsilon-Greedy (eps=0.1)","Ad_C","Tablet","Morning",0,0.12,65,0,6.64999999999999
4570,570,"Epsilon-Greedy (eps=0.1)","Ad_C","Tablet","Evening",0,0.12,65,0,6.64999999999999
4571,571,"Epsilon-Greedy (eps=0.1)","Ad_C","Mobile","Evening",0,0.12,65,0,6.64999999999999
4572,572,"Epsilon-Greedy (eps=0.1)","Ad_C","Tablet","Afternoon",0,0.12,65,0,6.64999999999999
4573,573,"Epsilon-Greedy (eps=0.1)","Ad_C","Tablet","Evening",1,0.12,66,0,6.64999999999999
4574,574,"Epsilon-Greedy (eps=0.1)","Ad_C","Tablet","Morning",0,0.12,66,0,6.64999999999999
4575,575,"Epsilon-Greedy (eps=0.1)","Ad_C","Desktop","Afternoon",0,0.12,66,0,6.64999999999999
4576,576,"Epsilon-Greedy (eps=0.1)","Ad_C","Mobile","Afternoon",1,0.12,67,0,6.64999999999999
4577,577,"Epsilon-Greedy (eps=0.1)","Ad_C","Desktop","Afternoon",0,0.12,67,0,6.64999999999999
4578,578,"Epsilon-Greedy (eps=0.1)","Ad_C","Desktop","Afternoon",1,0.12,68,0,6.64999999999999
4579,579,"Epsilon-Greedy (eps=0.1)","Ad_C","Desktop","Afternoon",0,0.12,68,0,6.64999999999999
4580,580,"Epsilon-Greedy (eps=0.1)","Ad_C","Desktop","Evening",0,0.12,68,0,6.64999999999999
4581,581,"Epsilon-Greedy (eps=0.1)","Ad_C","Tablet","Afternoon",0,0.12,68,0,6.64999999999999
4582,582,"Epsilon-Greedy (eps=0.1)","Ad_C","Tablet","Morning",0,0.12,68,0,6.64999999999999
4583,583,"Epsilon-Greedy (eps=0.1)","Ad_C","Tablet","Evening",0,0.12,68,0,6.64999999999999
4584,584,"Epsilon-Greedy (eps=0.1)","Ad_C","Mobile","Evening",0,0.12,68,0,6.64999999999999
4585,585,"Epsilon-Greedy (eps=0.1)","Ad_C","Tablet","Morning",0,0.12,68,0,6.64999999999999
4586,586,"Epsilon-Greedy (eps=0.1)","Ad_C","Tablet","Morning",0,0.12,68,0,6.64999999999999
4587,587,"Epsilon-Greedy (eps=0.1)","Ad_C","Desktop","Afternoon",0,0.12,68,0,6.64999999999999
4588,588,"Epsilon-Greedy (eps=0.1)","Ad_C","Tablet","Afternoon",0,0.12,68,0,6.64999999999999
4589,589,"Epsilon-Greedy (eps=0.1)","Ad_C","Mobile","Evening",0,0.12,68,0,6.64999999999999
4590,590,"Epsilon-Greedy (eps=0.1)","Ad_C","Desktop","Morning",1,0.12,69,0,6.64999999999999
4591,591,"Epsilon-Greedy (eps=0.1)","Ad_C","Mobile","Afternoon",0,0.12,69,0,6.64999999999999
4592,592,"Epsilon-Greedy (eps=0.1)","Ad_C","Mobile","Afternoon",1,0.12,70,0,6.64999999999999
4593,593,"Epsilon-Greedy (eps=0.1)","Ad_C","Desktop","Evening",0,0.12,70,0,6.64999999999999
4594,594,"Epsilon-Greedy (eps=0.1)","Ad_C","Mobile","Afternoon",0,0.12,70,0,6.64999999999999
4595,595,"Epsilon-Greedy (eps=0.1)","Ad_D","Desktop","Afternoon",0,0.1,70,0.02,6.66999999999999
4596,596,"Epsilon-Greedy (eps=0.1)","Ad_C","Mobile","Morning",1,0.12,71,0,6.66999999999999
4597,597,"Epsilon-Greedy (eps=0.1)","Ad_C","Desktop","Afternoon",0,0.12,71,0,6.66999999999999
4598,598,"Epsilon-Greedy (eps=0.1)","Ad_C","Tablet","Afternoon",0,0.12,71,0,6.66999999999999
4599,599,"Epsilon-Greedy (eps=0.1)","Ad_C","Desktop","Morning",0,0.12,71,0,6.66999999999999
4600,600,"Epsilon-Greedy (eps=0.1)","Ad_C","Tablet","Afternoon",0,0.12,71,0,6.66999999999999
4601,601,"Epsilon-Greedy (eps=0.1)","Ad_C","Mobile","Morning",0,0.12,71,0,6.66999999999999
4602,602,"Epsilon-Greedy (eps=0.1)","Ad_C","Tablet","Morning",0,0.12,71,0,6.66999999999999
4603,603,"Epsilon-Greedy (eps=0.1)","Ad_C","Mobile","Evening",0,0.12,71,0,6.66999999999999
4604,604,"Epsilon-Greedy (eps=0.1)","Ad_C","Tablet","Morning",0,0.12,71,0,6.66999999999999
4605,605,"Epsilon-Greedy (eps=0.1)","Ad_C","Mobile","Morning",1,0.12,72,0,6.66999999999999
4606,606,"Epsilon-Greedy (eps=0.1)","Ad_C","Desktop","Morning",0,0.12,72,0,6.66999999999999
4607,607,"Epsilon-Greedy (eps=0.1)","Ad_C","Mobile","Afternoon",0,0.12,72,0,6.66999999999999
4608,608,"Epsilon-Greedy (eps=0.1)","Ad_C","Desktop","Morning",0,0.12,72,0,6.66999999999999
4609,609,"Epsilon-Greedy (eps=0.1)","Ad_C","Tablet","Afternoon",0,0.12,72,0,6.66999999999999
4610,610,"Epsilon-Greedy (eps=0.1)","Ad_C","Mobile","Morning",0,0.12,72,0,6.66999999999999
4611,611,"Epsilon-Greedy (eps=0.1)","Ad_C","Tablet","Morning",0,0.12,72,0,6.66999999999999
4612,612,"Epsilon-Greedy (eps=0.1)","Ad_C","Tablet","Evening",1,0.12,73,0,6.66999999999999
4613,613,"Epsilon-Greedy (eps=0.1)","Ad_C","Desktop","Afternoon",0,0.12,73,0,6.66999999999999
4614,614,"Epsilon-Greedy (eps=0.1)","Ad_C","Tablet","Afternoon",0,0.12,73,0,6.66999999999999
4615,615,"Epsilon-Greedy (eps=0.1)","Ad_C","Desktop","Afternoon",0,0.12,73,0,6.66999999999999
4616,616,"Epsilon-Greedy (eps=0.1)","Ad_C","Desktop","Evening",1,0.12,74,0,6.66999999999999
4617,617,"Epsilon-Greedy (eps=0.1)","Ad_C","Desktop","Morning",0,0.12,74,0,6.66999999999999
4618,618,"Epsilon-Greedy (eps=0.1)","Ad_C","Mobile","Morning",1,0.12,75,0,6.66999999999999
4619,619,"Epsilon-Greedy (eps=0.1)","Ad_C","Tablet","Afternoon",0,0.12,75,0,6.66999999999999
4620,620,"Epsilon-Greedy (eps=0.1)","Ad_C","Tablet","Evening",0,0.12,75,0,6.66999999999999
4621,621,"Epsilon-Greedy (eps=0.1)","Ad_C","Tablet","Evening",0,0.12,75,0,6.66999999999999
4622,622,"Epsilon-Greedy (eps=0.1)","Ad_C","Tablet","Morning",1,0.12,76,0,6.66999999999999
4623,623,"Epsilon-Greedy (eps=0.1)","Ad_C","Desktop","Afternoon",0,0.12,76,0,6.66999999999999
4624,624,"Epsilon-Greedy (eps=0.1)","Ad_C","Tablet","Evening",0,0.12,76,0,6.66999999999999
4625,625,"Epsilon-Greedy (eps=0.1)","Ad_C","Mobile","Morning",0,0.12,76,0,6.66999999999999
4626,626,"Epsilon-Greedy (eps=0.1)","Ad_C","Desktop","Morning",0,0.12,76,0,6.66999999999999
4627,627,"Epsilon-Greedy (eps=0.1)","Ad_C","Desktop","Morning",0,0.12,76,0,6.66999999999999
4628,628,"Epsilon-Greedy (eps=0.1)","Ad_C","Mobile","Morning",0,0.12,76,0,6.66999999999999
4629,629,"Epsilon-Greedy (eps=0.1)","Ad_C","Mobile","Afternoon",0,0.12,76,0,6.66999999999999
4630,630,"Epsilon-Greedy (eps=0.1)","Ad_C","Tablet","Afternoon",0,0.12,76,0,6.66999999999999
4631,631,"Epsilon-Greedy (eps=0.1)","Ad_B","Tablet","Morning",0,0.08,76,0.04,6.70999999999999
4632,632,"Epsilon-Greedy (eps=0.1)","Ad_B","Mobile","Morning",1,0.08,77,0.04,6.74999999999999
4633,633,"Epsilon-Greedy (eps=0.1)","Ad_C","Tablet","Morning",0,0.12,77,0,6.74999999999999
4634,634,"Epsilon-Greedy (eps=0.1)","Ad_B","Desktop","Evening",1,0.08,78,0.04,6.78999999999999
4635,635,"Epsilon-Greedy (eps=0.1)","Ad_B","Desktop","Morning",0,0.08,78,0.04,6.82999999999999
4636,636,"Epsilon-Greedy (eps=0.1)","Ad_B","Tablet","Evening",0,0.08,78,0.04,6.86999999999999
4637,637,"Epsilon-Greedy (eps=0.1)","Ad_D","Tablet","Morning",0,0.1,78,0.02,6.88999999999999
4638,638,"Epsilon-Greedy (eps=0.1)","Ad_B","Mobile","Morning",0,0.08,78,0.04,6.92999999999999
4639,639,"Epsilon-Greedy (eps=0.1)","Ad_B","Tablet","Evening",0,0.08,78,0.04,6.96999999999999
4640,640,"Epsilon-Greedy (eps=0.1)","Ad_B","Mobile","Evening",0,0.08,78,0.04,7.00999999999999
4641,641,"Epsilon-Greedy (eps=0.1)","Ad_B","Desktop","Morning",0,0.08,78,0.04,7.04999999999999
4642,642,"Epsilon-Greedy (eps=0.1)","Ad_C","Mobile","Morning",0,0.12,78,0,7.04999999999999
4643,643,"Epsilon-Greedy (eps=0.1)","Ad_C","Desktop","Evening",0,0.12,78,0,7.04999999999999
4644,644,"Epsilon-Greedy (eps=0.1)","Ad_C","Desktop","Evening",0,0.12,78,0,7.04999999999999
4645,645,"Epsilon-Greedy (eps=0.1)","Ad_C","Tablet","Afternoon",1,0.12,79,0,7.04999999999999
4646,646,"Epsilon-Greedy (eps=0.1)","Ad_C","Mobile","Afternoon",0,0.12,79,0,7.04999999999999
4647,647,"Epsilon-Greedy (eps=0.1)","Ad_C","Desktop","Afternoon",0,0.12,79,0,7.04999999999999
4648,648,"Epsilon-Greedy (eps=0.1)","Ad_C","Tablet","Afternoon",0,0.12,79,0,7.04999999999999
4649,649,"Epsilon-Greedy (eps=0.1)","Ad_C","Tablet","Morning",0,0.12,79,0,7.04999999999999
4650,650,"Epsilon-Greedy (eps=0.1)","Ad_C","Tablet","Morning",0,0.12,79,0,7.04999999999999
4651,651,"Epsilon-Greedy (eps=0.1)","Ad_C","Desktop","Morning",0,0.12,79,0,7.04999999999999
4652,652,"Epsilon-Greedy (eps=0.1)","Ad_C","Tablet","Afternoon",0,0.12,79,0,7.04999999999999
4653,653,"Epsilon-Greedy (eps=0.1)","Ad_C","Mobile","Afternoon",0,0.12,79,0,7.04999999999999
4654,654,"Epsilon-Greedy (eps=0.1)","Ad_C","Tablet","Afternoon",0,0.12,79,0,7.04999999999999
4655,655,"Epsilon-Greedy (eps=0.1)","Ad_B","Desktop","Afternoon",0,0.08,79,0.04,7.08999999999999
4656,656,"Epsilon-Greedy (eps=0.1)","Ad_C","Mobile","Afternoon",0,0.12,79,0,7.08999999999999
4657,657,"Epsilon-Greedy (eps=0.1)","Ad_D","Mobile","Morning",1,0.1,80,0.02,7.10999999999999
4658,658,"Epsilon-Greedy (eps=0.1)","Ad_C","Desktop","Afternoon",0,0.12,80,0,7.10999999999999
4659,659,"Epsilon-Greedy (eps=0.1)","Ad_C","Tablet","Morning",0,0.12,80,0,7.10999999999999
4660,660,"Epsilon-Greedy (eps=0.1)","Ad_C","Desktop","Evening",0,0.12,80,0,7.10999999999999
4661,661,"Epsilon-Greedy (eps=0.1)","Ad_D","Desktop","Afternoon",0,0.1,80,0.02,7.12999999999998
4662,662,"Epsilon-Greedy (eps=0.1)","Ad_A","Desktop","Afternoon",0,0.05,80,0.07,7.19999999999999
4663,663,"Epsilon-Greedy (eps=0.1)","Ad_A","Mobile","Afternoon",0,0.05,80,0.07,7.26999999999999
4664,664,"Epsilon-Greedy (eps=0.1)","Ad_D","Mobile","Morning",0,0.1,80,0.02,7.28999999999998
4665,665,"Epsilon-Greedy (eps=0.1)","Ad_C","Mobile","Afternoon",0,0.12,80,0,7.28999999999998
4666,666,"Epsilon-Greedy (eps=0.1)","Ad_C","Tablet","Afternoon",0,0.12,80,0,7.28999999999998
4667,667,"Epsilon-Greedy (eps=0.1)","Ad_C","Mobile","Afternoon",0,0.12,80,0,7.28999999999998
4668,668,"Epsilon-Greedy (eps=0.1)","Ad_C","Desktop","Morning",0,0.12,80,0,7.28999999999998
4669,669,"Epsilon-Greedy (eps=0.1)","Ad_C","Mobile","Afternoon",0,0.12,80,0,7.28999999999998
4670,670,"Epsilon-Greedy (eps=0.1)","Ad_C","Desktop","Morning",0,0.12,80,0,7.28999999999998
4671,671,"Epsilon-Greedy (eps=0.1)","Ad_C","Tablet","Evening",0,0.12,80,0,7.28999999999998
4672,672,"Epsilon-Greedy (eps=0.1)","Ad_C","Desktop","Evening",0,0.12,80,0,7.28999999999998
4673,673,"Epsilon-Greedy (eps=0.1)","Ad_B","Tablet","Afternoon",0,0.08,80,0.04,7.32999999999998
4674,674,"Epsilon-Greedy (eps=0.1)","Ad_C","Desktop","Morning",0,0.12,80,0,7.32999999999998
4675,675,"Epsilon-Greedy (eps=0.1)","Ad_C","Tablet","Afternoon",0,0.12,80,0,7.32999999999998
4676,676,"Epsilon-Greedy (eps=0.1)","Ad_D","Desktop","Afternoon",0,0.1,80,0.02,7.34999999999998
4677,677,"Epsilon-Greedy (eps=0.1)","Ad_C","Mobile","Afternoon",0,0.12,80,0,7.34999999999998
4678,678,"Epsilon-Greedy (eps=0.1)","Ad_C","Desktop","Evening",0,0.12,80,0,7.34999999999998
4679,679,"Epsilon-Greedy (eps=0.1)","Ad_C","Desktop","Morning",0,0.12,80,0,7.34999999999998
4680,680,"Epsilon-Greedy (eps=0.1)","Ad_C","Mobile","Morning",0,0.12,80,0,7.34999999999998
4681,681,"Epsilon-Greedy (eps=0.1)","Ad_C","Tablet","Morning",0,0.12,80,0,7.34999999999998
4682,682,"Epsilon-Greedy (eps=0.1)","Ad_D","Desktop","Evening",0,0.1,80,0.02,7.36999999999998
4683,683,"Epsilon-Greedy (eps=0.1)","Ad_C","Desktop","Afternoon",0,0.12,80,0,7.36999999999998
4684,684,"Epsilon-Greedy (eps=0.1)","Ad_C","Tablet","Morning",0,0.12,80,0,7.36999999999998
4685,685,"Epsilon-Greedy (eps=0.1)","Ad_C","Desktop","Evening",0,0.12,80,0,7.36999999999998
4686,686,"Epsilon-Greedy (eps=0.1)","Ad_C","Desktop","Morning",0,0.12,80,0,7.36999999999998
4687,687,"Epsilon-Greedy (eps=0.1)","Ad_C","Tablet","Morning",1,0.12,81,0,7.36999999999998
4688,688,"Epsilon-Greedy (eps=0.1)","Ad_C","Mobile","Morning",0,0.12,81,0,7.36999999999998
4689,689,"Epsilon-Greedy (eps=0.1)","Ad_C","Desktop","Evening",0,0.12,81,0,7.36999999999998
4690,690,"Epsilon-Greedy (eps=0.1)","Ad_C","Tablet","Afternoon",0,0.12,81,0,7.36999999999998
4691,691,"Epsilon-Greedy (eps=0.1)","Ad_C","Desktop","Afternoon",0,0.12,81,0,7.36999999999998
4692,692,"Epsilon-Greedy (eps=0.1)","Ad_C","Tablet","Evening",1,0.12,82,0,7.36999999999998
4693,693,"Epsilon-Greedy (eps=0.1)","Ad_C","Tablet","Evening",0,0.12,82,0,7.36999999999998
4694,694,"Epsilon-Greedy (eps=0.1)","Ad_C","Mobile","Morning",0,0.12,82,0,7.36999999999998
4695,695,"Epsilon-Greedy (eps=0.1)","Ad_C","Tablet","Morning",0,0.12,82,0,7.36999999999998
4696,696,"Epsilon-Greedy (eps=0.1)","Ad_C","Tablet","Afternoon",1,0.12,83,0,7.36999999999998
4697,697,"Epsilon-Greedy (eps=0.1)","Ad_C","Desktop","Evening",0,0.12,83,0,7.36999999999998
4698,698,"Epsilon-Greedy (eps=0.1)","Ad_C","Desktop","Morning",0,0.12,83,0,7.36999999999998
4699,699,"Epsilon-Greedy (eps=0.1)","Ad_C","Tablet","Afternoon",0,0.12,83,0,7.36999999999998
4700,700,"Epsilon-Greedy (eps=0.1)","Ad_C","Desktop","Morning",0,0.12,83,0,7.36999999999998
4701,701,"Epsilon-Greedy (eps=0.1)","Ad_C","Tablet","Afternoon",1,0.12,84,0,7.36999999999998
4702,702,"Epsilon-Greedy (eps=0.1)","Ad_C","Tablet","Evening",0,0.12,84,0,7.36999999999998
4703,703,"Epsilon-Greedy (eps=0.1)","Ad_C","Mobile","Afternoon",1,0.12,85,0,7.36999999999998
4704,704,"Epsilon-Greedy (eps=0.1)","Ad_C","Desktop","Afternoon",0,0.12,85,0,7.36999999999998
4705,705,"Epsilon-Greedy (eps=0.1)","Ad_C","Mobile","Afternoon",0,0.12,85,0,7.36999999999998
4706,706,"Epsilon-Greedy (eps=0.1)","Ad_C","Desktop","Afternoon",0,0.12,85,0,7.36999999999998
4707,707,"Epsilon-Greedy (eps=0.1)","Ad_C","Desktop","Evening",0,0.12,85,0,7.36999999999998
4708,708,"Epsilon-Greedy (eps=0.1)","Ad_C","Tablet","Evening",0,0.12,85,0,7.36999999999998
4709,709,"Epsilon-Greedy (eps=0.1)","Ad_C","Mobile","Afternoon",0,0.12,85,0,7.36999999999998
4710,710,"Epsilon-Greedy (eps=0.1)","Ad_C","Desktop","Afternoon",0,0.12,85,0,7.36999999999998
4711,711,"Epsilon-Greedy (eps=0.1)","Ad_C","Mobile","Morning",1,0.12,86,0,7.36999999999998
4712,712,"Epsilon-Greedy (eps=0.1)","Ad_C","Tablet","Afternoon",0,0.12,86,0,7.36999999999998
4713,713,"Epsilon-Greedy (eps=0.1)","Ad_C","Tablet","Morning",0,0.12,86,0,7.36999999999998
4714,714,"Epsilon-Greedy (eps=0.1)","Ad_C","Mobile","Evening",0,0.12,86,0,7.36999999999998
4715,715,"Epsilon-Greedy (eps=0.1)","Ad_C","Desktop","Morning",1,0.12,87,0,7.36999999999998
4716,716,"Epsilon-Greedy (eps=0.1)","Ad_D","Mobile","Morning",0,0.1,87,0.02,7.38999999999998
4717,717,"Epsilon-Greedy (eps=0.1)","Ad_C","Desktop","Evening",0,0.12,87,0,7.38999999999998
4718,718,"Epsilon-Greedy (eps=0.1)","Ad_C","Mobile","Evening",0,0.12,87,0,7.38999999999998
4719,719,"Epsilon-Greedy (eps=0.1)","Ad_C","Tablet","Afternoon",0,0.12,87,0,7.38999999999998
4720,720,"Epsilon-Greedy (eps=0.1)","Ad_C","Mobile","Evening",0,0.12,87,0,7.38999999999998
4721,721,"Epsilon-Greedy (eps=0.1)","Ad_C","Tablet","Morning",0,0.12,87,0,7.38999999999998
4722,722,"Epsilon-Greedy (eps=0.1)","Ad_C","Tablet","Morning",0,0.12,87,0,7.38999999999998
4723,723,"Epsilon-Greedy (eps=0.1)","Ad_C","Tablet","Morning",0,0.12,87,0,7.38999999999998
4724,724,"Epsilon-Greedy (eps=0.1)","Ad_C","Tablet","Evening",0,0.12,87,0,7.38999999999998
4725,725,"Epsilon-Greedy (eps=0.1)","Ad_C","Tablet","Morning",0,0.12,87,0,7.38999999999998
4726,726,"Epsilon-Greedy (eps=0.1)","Ad_C","Desktop","Afternoon",0,0.12,87,0,7.38999999999998
4727,727,"Epsilon-Greedy (eps=0.1)","Ad_C","Tablet","Afternoon",0,0.12,87,0,7.38999999999998
4728,728,"Epsilon-Greedy (eps=0.1)","Ad_D","Mobile","Afternoon",0,0.1,87,0.02,7.40999999999998
4729,729,"Epsilon-Greedy (eps=0.1)","Ad_C","Tablet","Afternoon",0,0.12,87,0,7.40999999999998
4730,730,"Epsilon-Greedy (eps=0.1)","Ad_C","Mobile","Morning",0,0.12,87,0,7.40999999999998
4731,731,"Epsilon-Greedy (eps=0.1)","Ad_C","Mobile","Morning",1,0.12,88,0,7.40999999999998
4732,732,"Epsilon-Greedy (eps=0.1)","Ad_C","Desktop","Morning",0,0.12,88,0,7.40999999999998
4733,733,"Epsilon-Greedy (eps=0.1)","Ad_B","Tablet","Afternoon",0,0.08,88,0.04,7.44999999999998
4734,734,"Epsilon-Greedy (eps=0.1)","Ad_C","Mobile","Morning",1,0.12,89,0,7.44999999999998
4735,735,"Epsilon-Greedy (eps=0.1)","Ad_C","Tablet","Morning",0,0.12,89,0,7.44999999999998
4736,736,"Epsilon-Greedy (eps=0.1)","Ad_C","Mobile","Afternoon",0,0.12,89,0,7.44999999999998
4737,737,"Epsilon-Greedy (eps=0.1)","Ad_C","Tablet","Evening",0,0.12,89,0,7.44999999999998
4738,738,"Epsilon-Greedy (eps=0.1)","Ad_C","Mobile","Afternoon",0,0.12,89,0,7.44999999999998
4739,739,"Epsilon-Greedy (eps=0.1)","Ad_C","Desktop","Evening",0,0.12,89,0,7.44999999999998
4740,740,"Epsilon-Greedy (eps=0.1)","Ad_C","Desktop","Evening",0,0.12,89,0,7.44999999999998
4741,741,"Epsilon-Greedy (eps=0.1)","Ad_C","Mobile","Afternoon",1,0.12,90,0,7.44999999999998
4742,742,"Epsilon-Greedy (eps=0.1)","Ad_C","Mobile","Afternoon",1,0.12,91,0,7.44999999999998
4743,743,"Epsilon-Greedy (eps=0.1)","Ad_C","Desktop","Morning",0,0.12,91,0,7.44999999999998
4744,744,"Epsilon-Greedy (eps=0.1)","Ad_C","Tablet","Morning",0,0.12,91,0,7.44999999999998
4745,745,"Epsilon-Greedy (eps=0.1)","Ad_C","Desktop","Afternoon",0,0.12,91,0,7.44999999999998
4746,746,"Epsilon-Greedy (eps=0.1)","Ad_C","Tablet","Evening",0,0.12,91,0,7.44999999999998
4747,747,"Epsilon-Greedy (eps=0.1)","Ad_C","Tablet","Afternoon",0,0.12,91,0,7.44999999999998
4748,748,"Epsilon-Greedy (eps=0.1)","Ad_C","Mobile","Evening",0,0.12,91,0,7.44999999999998
4749,749,"Epsilon-Greedy (eps=0.1)","Ad_C","Mobile","Evening",0,0.12,91,0,7.44999999999998
4750,750,"Epsilon-Greedy (eps=0.1)","Ad_C","Tablet","Afternoon",0,0.12,91,0,7.44999999999998
4751,751,"Epsilon-Greedy (eps=0.1)","Ad_C","Tablet","Evening",0,0.12,91,0,7.44999999999998
4752,752,"Epsilon-Greedy (eps=0.1)","Ad_C","Desktop","Evening",1,0.12,92,0,7.44999999999998
4753,753,"Epsilon-Greedy (eps=0.1)","Ad_C","Desktop","Afternoon",0,0.12,92,0,7.44999999999998
4754,754,"Epsilon-Greedy (eps=0.1)","Ad_C","Mobile","Morning",0,0.12,92,0,7.44999999999998
4755,755,"Epsilon-Greedy (eps=0.1)","Ad_C","Tablet","Afternoon",0,0.12,92,0,7.44999999999998
4756,756,"Epsilon-Greedy (eps=0.1)","Ad_C","Tablet","Morning",0,0.12,92,0,7.44999999999998
4757,757,"Epsilon-Greedy (eps=0.1)","Ad_C","Desktop","Afternoon",0,0.12,92,0,7.44999999999998
4758,758,"Epsilon-Greedy (eps=0.1)","Ad_C","Mobile","Evening",0,0.12,92,0,7.44999999999998
4759,759,"Epsilon-Greedy (eps=0.1)","Ad_C","Mobile","Morning",0,0.12,92,0,7.44999999999998
4760,760,"Epsilon-Greedy (eps=0.1)","Ad_B","Tablet","Afternoon",0,0.08,92,0.04,7.48999999999998
4761,761,"Epsilon-Greedy (eps=0.1)","Ad_C","Tablet","Afternoon",0,0.12,92,0,7.48999999999998
4762,762,"Epsilon-Greedy (eps=0.1)","Ad_C","Desktop","Evening",1,0.12,93,0,7.48999999999998
4763,763,"Epsilon-Greedy (eps=0.1)","Ad_C","Desktop","Evening",0,0.12,93,0,7.48999999999998
4764,764,"Epsilon-Greedy (eps=0.1)","Ad_C","Desktop","Evening",0,0.12,93,0,7.48999999999998
4765,765,"Epsilon-Greedy (eps=0.1)","Ad_C","Desktop","Evening",0,0.12,93,0,7.48999999999998
4766,766,"Epsilon-Greedy (eps=0.1)","Ad_C","Desktop","Morning",0,0.12,93,0,7.48999999999998
4767,767,"Epsilon-Greedy (eps=0.1)","Ad_C","Desktop","Morning",0,0.12,93,0,7.48999999999998
4768,768,"Epsilon-Greedy (eps=0.1)","Ad_C","Tablet","Evening",1,0.12,94,0,7.48999999999998
4769,769,"Epsilon-Greedy (eps=0.1)","Ad_C","Desktop","Evening",0,0.12,94,0,7.48999999999998
4770,770,"Epsilon-Greedy (eps=0.1)","Ad_C","Desktop","Evening",0,0.12,94,0,7.48999999999998
4771,771,"Epsilon-Greedy (eps=0.1)","Ad_C","Tablet","Afternoon",0,0.12,94,0,7.48999999999998
4772,772,"Epsilon-Greedy (eps=0.1)","Ad_C","Tablet","Morning",0,0.12,94,0,7.48999999999998
4773,773,"Epsilon-Greedy (eps=0.1)","Ad_C","Tablet","Morning",0,0.12,94,0,7.48999999999998
4774,774,"Epsilon-Greedy (eps=0.1)","Ad_B","Tablet","Morning",0,0.08,94,0.04,7.52999999999998
4775,775,"Epsilon-Greedy (eps=0.1)","Ad_C","Desktop","Evening",0,0.12,94,0,7.52999999999998
4776,776,"Epsilon-Greedy (eps=0.1)","Ad_C","Desktop","Afternoon",0,0.12,94,0,7.52999999999998
4777,777,"Epsilon-Greedy (eps=0.1)","Ad_C","Mobile","Evening",0,0.12,94,0,7.52999999999998
4778,778,"Epsilon-Greedy (eps=0.1)","Ad_C","Tablet","Afternoon",0,0.12,94,0,7.52999999999998
4779,779,"Epsilon-Greedy (eps=0.1)","Ad_C","Tablet","Morning",0,0.12,94,0,7.52999999999998
4780,780,"Epsilon-Greedy (eps=0.1)","Ad_C","Mobile","Evening",0,0.12,94,0,7.52999999999998
4781,781,"Epsilon-Greedy (eps=0.1)","Ad_C","Desktop","Afternoon",0,0.12,94,0,7.52999999999998
4782,782,"Epsilon-Greedy (eps=0.1)","Ad_C","Mobile","Evening",0,0.12,94,0,7.52999999999998
4783,783,"Epsilon-Greedy (eps=0.1)","Ad_C","Tablet","Evening",0,0.12,94,0,7.52999999999998
4784,784,"Epsilon-Greedy (eps=0.1)","Ad_C","Desktop","Morning",0,0.12,94,0,7.52999999999998
4785,785,"Epsilon-Greedy (eps=0.1)","Ad_C","Desktop","Morning",0,0.12,94,0,7.52999999999998
4786,786,"Epsilon-Greedy (eps=0.1)","Ad_C","Tablet","Afternoon",1,0.12,95,0,7.52999999999998
4787,787,"Epsilon-Greedy (eps=0.1)","Ad_B","Mobile","Morning",0,0.08,95,0.04,7.56999999999998
4788,788,"Epsilon-Greedy (eps=0.1)","Ad_C","Tablet","Afternoon",0,0.12,95,0,7.56999999999998
4789,789,"Epsilon-Greedy (eps=0.1)","Ad_C","Tablet","Morning",0,0.12,95,0,7.56999999999998
4790,790,"Epsilon-Greedy (eps=0.1)","Ad_C","Tablet","Afternoon",0,0.12,95,0,7.56999999999998
4791,791,"Epsilon-Greedy (eps=0.1)","Ad_C","Tablet","Afternoon",0,0.12,95,0,7.56999999999998
4792,792,"Epsilon-Greedy (eps=0.1)","Ad_C","Desktop","Evening",0,0.12,95,0,7.56999999999998
4793,793,"Epsilon-Greedy (eps=0.1)","Ad_C","Desktop","Evening",0,0.12,95,0,7.56999999999998
4794,794,"Epsilon-Greedy (eps=0.1)","Ad_C","Mobile","Morning",0,0.12,95,0,7.56999999999998
4795,795,"Epsilon-Greedy (eps=0.1)","Ad_C","Desktop","Morning",0,0.12,95,0,7.56999999999998
4796,796,"Epsilon-Greedy (eps=0.1)","Ad_C","Desktop","Afternoon",0,0.12,95,0,7.56999999999998
4797,797,"Epsilon-Greedy (eps=0.1)","Ad_A","Mobile","Afternoon",0,0.05,95,0.07,7.63999999999998
4798,798,"Epsilon-Greedy (eps=0.1)","Ad_C","Tablet","Evening",0,0.12,95,0,7.63999999999998
4799,799,"Epsilon-Greedy (eps=0.1)","Ad_C","Tablet","Morning",0,0.12,95,0,7.63999999999998
4800,800,"Epsilon-Greedy (eps=0.1)","Ad_C","Mobile","Morning",0,0.12,95,0,7.63999999999998
4801,801,"Epsilon-Greedy (eps=0.1)","Ad_B","Desktop","Morning",0,0.08,95,0.04,7.67999999999998
4802,802,"Epsilon-Greedy (eps=0.1)","Ad_D","Desktop","Afternoon",0,0.1,95,0.02,7.69999999999998
4803,803,"Epsilon-Greedy (eps=0.1)","Ad_C","Mobile","Morning",0,0.12,95,0,7.69999999999998
4804,804,"Epsilon-Greedy (eps=0.1)","Ad_C","Desktop","Evening",0,0.12,95,0,7.69999999999998
4805,805,"Epsilon-Greedy (eps=0.1)","Ad_C","Mobile","Morning",0,0.12,95,0,7.69999999999998
4806,806,"Epsilon-Greedy (eps=0.1)","Ad_C","Tablet","Evening",1,0.12,96,0,7.69999999999998
4807,807,"Epsilon-Greedy (eps=0.1)","Ad_C","Mobile","Afternoon",0,0.12,96,0,7.69999999999998
4808,808,"Epsilon-Greedy (eps=0.1)","Ad_C","Desktop","Morning",0,0.12,96,0,7.69999999999998
4809,809,"Epsilon-Greedy (eps=0.1)","Ad_C","Mobile","Evening",0,0.12,96,0,7.69999999999998
4810,810,"Epsilon-Greedy (eps=0.1)","Ad_C","Tablet","Evening",0,0.12,96,0,7.69999999999998
4811,811,"Epsilon-Greedy (eps=0.1)","Ad_C","Mobile","Morning",0,0.12,96,0,7.69999999999998
4812,812,"Epsilon-Greedy (eps=0.1)","Ad_C","Tablet","Morning",0,0.12,96,0,7.69999999999998
4813,813,"Epsilon-Greedy (eps=0.1)","Ad_C","Desktop","Afternoon",0,0.12,96,0,7.69999999999998
4814,814,"Epsilon-Greedy (eps=0.1)","Ad_C","Tablet","Evening",0,0.12,96,0,7.69999999999998
4815,815,"Epsilon-Greedy (eps=0.1)","Ad_C","Desktop","Evening",0,0.12,96,0,7.69999999999998
4816,816,"Epsilon-Greedy (eps=0.1)","Ad_C","Desktop","Evening",0,0.12,96,0,7.69999999999998
4817,817,"Epsilon-Greedy (eps=0.1)","Ad_C","Tablet","Evening",0,0.12,96,0,7.69999999999998
4818,818,"Epsilon-Greedy (eps=0.1)","Ad_C","Desktop","Evening",0,0.12,96,0,7.69999999999998
4819,819,"Epsilon-Greedy (eps=0.1)","Ad_C","Tablet","Morning",0,0.12,96,0,7.69999999999998
4820,820,"Epsilon-Greedy (eps=0.1)","Ad_C","Mobile","Morning",1,0.12,97,0,7.69999999999998
4821,821,"Epsilon-Greedy (eps=0.1)","Ad_D","Tablet","Evening",0,0.1,97,0.02,7.71999999999998
4822,822,"Epsilon-Greedy (eps=0.1)","Ad_C","Tablet","Evening",0,0.12,97,0,7.71999999999998
4823,823,"Epsilon-Greedy (eps=0.1)","Ad_C","Desktop","Afternoon",0,0.12,97,0,7.71999999999998
4824,824,"Epsilon-Greedy (eps=0.1)","Ad_C","Mobile","Evening",0,0.12,97,0,7.71999999999998
4825,825,"Epsilon-Greedy (eps=0.1)","Ad_C","Desktop","Morning",0,0.12,97,0,7.71999999999998
4826,826,"Epsilon-Greedy (eps=0.1)","Ad_C","Mobile","Afternoon",0,0.12,97,0,7.71999999999998
4827,827,"Epsilon-Greedy (eps=0.1)","Ad_C","Mobile","Morning",0,0.12,97,0,7.71999999999998
4828,828,"Epsilon-Greedy (eps=0.1)","Ad_C","Tablet","Afternoon",1,0.12,98,0,7.71999999999998
4829,829,"Epsilon-Greedy (eps=0.1)","Ad_C","Mobile","Evening",0,0.12,98,0,7.71999999999998
4830,830,"Epsilon-Greedy (eps=0.1)","Ad_C","Desktop","Evening",0,0.12,98,0,7.71999999999998
4831,831,"Epsilon-Greedy (eps=0.1)","Ad_C","Desktop","Evening",0,0.12,98,0,7.71999999999998
4832,832,"Epsilon-Greedy (eps=0.1)","Ad_C","Desktop","Evening",0,0.12,98,0,7.71999999999998
4833,833,"Epsilon-Greedy (eps=0.1)","Ad_C","Mobile","Afternoon",0,0.12,98,0,7.71999999999998
4834,834,"Epsilon-Greedy (eps=0.1)","Ad_C","Mobile","Morning",0,0.12,98,0,7.71999999999998
4835,835,"Epsilon-Greedy (eps=0.1)","Ad_C","Desktop","Evening",1,0.12,99,0,7.71999999999998
4836,836,"Epsilon-Greedy (eps=0.1)","Ad_C","Tablet","Morning",1,0.12,100,0,7.71999999999998
4837,837,"Epsilon-Greedy (eps=0.1)","Ad_C","Desktop","Evening",0,0.12,100,0,7.71999999999998
4838,838,"Epsilon-Greedy (eps=0.1)","Ad_C","Mobile","Morning",0,0.12,100,0,7.71999999999998
4839,839,"Epsilon-Greedy (eps=0.1)","Ad_C","Desktop","Morning",0,0.12,100,0,7.71999999999998
4840,840,"Epsilon-Greedy (eps=0.1)","Ad_A","Mobile","Afternoon",0,0.05,100,0.07,7.78999999999998
4841,841,"Epsilon-Greedy (eps=0.1)","Ad_C","Desktop","Afternoon",0,0.12,100,0,7.78999999999998
4842,842,"Epsilon-Greedy (eps=0.1)","Ad_C","Desktop","Evening",1,0.12,101,0,7.78999999999998
4843,843,"Epsilon-Greedy (eps=0.1)","Ad_C","Mobile","Afternoon",0,0.12,101,0,7.78999999999998
4844,844,"Epsilon-Greedy (eps=0.1)","Ad_A","Tablet","Afternoon",0,0.05,101,0.07,7.85999999999998
4845,845,"Epsilon-Greedy (eps=0.1)","Ad_C","Tablet","Morning",0,0.12,101,0,7.85999999999998
4846,846,"Epsilon-Greedy (eps=0.1)","Ad_C","Mobile","Evening",0,0.12,101,0,7.85999999999998
4847,847,"Epsilon-Greedy (eps=0.1)","Ad_C","Tablet","Morning",0,0.12,101,0,7.85999999999998
4848,848,"Epsilon-Greedy (eps=0.1)","Ad_C","Tablet","Evening",0,0.12,101,0,7.85999999999998
4849,849,"Epsilon-Greedy (eps=0.1)","Ad_D","Tablet","Evening",0,0.1,101,0.02,7.87999999999998
4850,850,"Epsilon-Greedy (eps=0.1)","Ad_C","Tablet","Evening",0,0.12,101,0,7.87999999999998
4851,851,"Epsilon-Greedy (eps=0.1)","Ad_C","Desktop","Afternoon",0,0.12,101,0,7.87999999999998
4852,852,"Epsilon-Greedy (eps=0.1)","Ad_C","Tablet","Afternoon",0,0.12,101,0,7.87999999999998
4853,853,"Epsilon-Greedy (eps=0.1)","Ad_C","Desktop","Evening",0,0.12,101,0,7.87999999999998
4854,854,"Epsilon-Greedy (eps=0.1)","Ad_C","Desktop","Morning",0,0.12,101,0,7.87999999999998
4855,855,"Epsilon-Greedy (eps=0.1)","Ad_C","Mobile","Evening",0,0.12,101,0,7.87999999999998
4856,856,"Epsilon-Greedy (eps=0.1)","Ad_C","Tablet","Morning",0,0.12,101,0,7.87999999999998
4857,857,"Epsilon-Greedy (eps=0.1)","Ad_C","Desktop","Evening",0,0.12,101,0,7.87999999999998
4858,858,"Epsilon-Greedy (eps=0.1)","Ad_C","Tablet","Afternoon",0,0.12,101,0,7.87999999999998
4859,859,"Epsilon-Greedy (eps=0.1)","Ad_C","Tablet","Afternoon",0,0.12,101,0,7.87999999999998
4860,860,"Epsilon-Greedy (eps=0.1)","Ad_C","Mobile","Evening",0,0.12,101,0,7.87999999999998
4861,861,"Epsilon-Greedy (eps=0.1)","Ad_C","Tablet","Evening",0,0.12,101,0,7.87999999999998
4862,862,"Epsilon-Greedy (eps=0.1)","Ad_C","Desktop","Evening",0,0.12,101,0,7.87999999999998
4863,863,"Epsilon-Greedy (eps=0.1)","Ad_C","Desktop","Afternoon",0,0.12,101,0,7.87999999999998
4864,864,"Epsilon-Greedy (eps=0.1)","Ad_C","Mobile","Afternoon",0,0.12,101,0,7.87999999999998
4865,865,"Epsilon-Greedy (eps=0.1)","Ad_C","Tablet","Morning",0,0.12,101,0,7.87999999999998
4866,866,"Epsilon-Greedy (eps=0.1)","Ad_C","Mobile","Afternoon",0,0.12,101,0,7.87999999999998
4867,867,"Epsilon-Greedy (eps=0.1)","Ad_C","Desktop","Afternoon",0,0.12,101,0,7.87999999999998
4868,868,"Epsilon-Greedy (eps=0.1)","Ad_C","Desktop","Afternoon",0,0.12,101,0,7.87999999999998
4869,869,"Epsilon-Greedy (eps=0.1)","Ad_C","Mobile","Morning",0,0.12,101,0,7.87999999999998
4870,870,"Epsilon-Greedy (eps=0.1)","Ad_C","Tablet","Evening",0,0.12,101,0,7.87999999999998
4871,871,"Epsilon-Greedy (eps=0.1)","Ad_C","Mobile","Evening",0,0.12,101,0,7.87999999999998
4872,872,"Epsilon-Greedy (eps=0.1)","Ad_C","Mobile","Morning",0,0.12,101,0,7.87999999999998
4873,873,"Epsilon-Greedy (eps=0.1)","Ad_C","Tablet","Morning",0,0.12,101,0,7.87999999999998
4874,874,"Epsilon-Greedy (eps=0.1)","Ad_C","Desktop","Evening",0,0.12,101,0,7.87999999999998
4875,875,"Epsilon-Greedy (eps=0.1)","Ad_B","Tablet","Morning",0,0.08,101,0.04,7.91999999999998
4876,876,"Epsilon-Greedy (eps=0.1)","Ad_C","Mobile","Evening",0,0.12,101,0,7.91999999999998
4877,877,"Epsilon-Greedy (eps=0.1)","Ad_C","Desktop","Evening",0,0.12,101,0,7.91999999999998
4878,878,"Epsilon-Greedy (eps=0.1)","Ad_C","Mobile","Morning",0,0.12,101,0,7.91999999999998
4879,879,"Epsilon-Greedy (eps=0.1)","Ad_C","Mobile","Morning",0,0.12,101,0,7.91999999999998
4880,880,"Epsilon-Greedy (eps=0.1)","Ad_C","Desktop","Afternoon",0,0.12,101,0,7.91999999999998
4881,881,"Epsilon-Greedy (eps=0.1)","Ad_C","Desktop","Evening",0,0.12,101,0,7.91999999999998
4882,882,"Epsilon-Greedy (eps=0.1)","Ad_C","Desktop","Morning",0,0.12,101,0,7.91999999999998
4883,883,"Epsilon-Greedy (eps=0.1)","Ad_C","Mobile","Afternoon",0,0.12,101,0,7.91999999999998
4884,884,"Epsilon-Greedy (eps=0.1)","Ad_D","Mobile","Morning",0,0.1,101,0.02,7.93999999999998
4885,885,"Epsilon-Greedy (eps=0.1)","Ad_C","Mobile","Afternoon",0,0.12,101,0,7.93999999999998
4886,886,"Epsilon-Greedy (eps=0.1)","Ad_C","Desktop","Morning",0,0.12,101,0,7.93999999999998
4887,887,"Epsilon-Greedy (eps=0.1)","Ad_C","Tablet","Evening",0,0.12,101,0,7.93999999999998
4888,888,"Epsilon-Greedy (eps=0.1)","Ad_C","Mobile","Morning",0,0.12,101,0,7.93999999999998
4889,889,"Epsilon-Greedy (eps=0.1)","Ad_A","Mobile","Evening",0,0.05,101,0.07,8.00999999999998
4890,890,"Epsilon-Greedy (eps=0.1)","Ad_C","Mobile","Afternoon",0,0.12,101,0,8.00999999999998
4891,891,"Epsilon-Greedy (eps=0.1)","Ad_C","Tablet","Evening",0,0.12,101,0,8.00999999999998
4892,892,"Epsilon-Greedy (eps=0.1)","Ad_C","Tablet","Morning",0,0.12,101,0,8.00999999999998
4893,893,"Epsilon-Greedy (eps=0.1)","Ad_C","Desktop","Evening",0,0.12,101,0,8.00999999999998
4894,894,"Epsilon-Greedy (eps=0.1)","Ad_C","Desktop","Morning",0,0.12,101,0,8.00999999999998
4895,895,"Epsilon-Greedy (eps=0.1)","Ad_C","Tablet","Evening",0,0.12,101,0,8.00999999999998
4896,896,"Epsilon-Greedy (eps=0.1)","Ad_C","Tablet","Morning",0,0.12,101,0,8.00999999999998
4897,897,"Epsilon-Greedy (eps=0.1)","Ad_C","Mobile","Evening",0,0.12,101,0,8.00999999999998
4898,898,"Epsilon-Greedy (eps=0.1)","Ad_C","Mobile","Morning",1,0.12,102,0,8.00999999999998
4899,899,"Epsilon-Greedy (eps=0.1)","Ad_C","Tablet","Morning",0,0.12,102,0,8.00999999999998
4900,900,"Epsilon-Greedy (eps=0.1)","Ad_D","Desktop","Afternoon",0,0.1,102,0.02,8.02999999999998
4901,901,"Epsilon-Greedy (eps=0.1)","Ad_C","Tablet","Morning",1,0.12,103,0,8.02999999999998
4902,902,"Epsilon-Greedy (eps=0.1)","Ad_C","Desktop","Afternoon",0,0.12,103,0,8.02999999999998
4903,903,"Epsilon-Greedy (eps=0.1)","Ad_C","Mobile","Afternoon",0,0.12,103,0,8.02999999999998
4904,904,"Epsilon-Greedy (eps=0.1)","Ad_C","Desktop","Evening",0,0.12,103,0,8.02999999999998
4905,905,"Epsilon-Greedy (eps=0.1)","Ad_C","Tablet","Evening",0,0.12,103,0,8.02999999999998
4906,906,"Epsilon-Greedy (eps=0.1)","Ad_C","Tablet","Evening",0,0.12,103,0,8.02999999999998
4907,907,"Epsilon-Greedy (eps=0.1)","Ad_C","Tablet","Evening",0,0.12,103,0,8.02999999999998
4908,908,"Epsilon-Greedy (eps=0.1)","Ad_C","Desktop","Afternoon",0,0.12,103,0,8.02999999999998
4909,909,"Epsilon-Greedy (eps=0.1)","Ad_C","Desktop","Morning",0,0.12,103,0,8.02999999999998
4910,910,"Epsilon-Greedy (eps=0.1)","Ad_C","Mobile","Afternoon",0,0.12,103,0,8.02999999999998
4911,911,"Epsilon-Greedy (eps=0.1)","Ad_C","Mobile","Evening",0,0.12,103,0,8.02999999999998
4912,912,"Epsilon-Greedy (eps=0.1)","Ad_C","Mobile","Morning",0,0.12,103,0,8.02999999999998
4913,913,"Epsilon-Greedy (eps=0.1)","Ad_C","Mobile","Afternoon",0,0.12,103,0,8.02999999999998
4914,914,"Epsilon-Greedy (eps=0.1)","Ad_C","Desktop","Morning",0,0.12,103,0,8.02999999999998
4915,915,"Epsilon-Greedy (eps=0.1)","Ad_C","Desktop","Evening",0,0.12,103,0,8.02999999999998
4916,916,"Epsilon-Greedy (eps=0.1)","Ad_C","Desktop","Afternoon",0,0.12,103,0,8.02999999999998
4917,917,"Epsilon-Greedy (eps=0.1)","Ad_C","Mobile","Afternoon",0,0.12,103,0,8.02999999999998
4918,918,"Epsilon-Greedy (eps=0.1)","Ad_C","Tablet","Morning",1,0.12,104,0,8.02999999999998
4919,919,"Epsilon-Greedy (eps=0.1)","Ad_C","Desktop","Evening",0,0.12,104,0,8.02999999999998
4920,920,"Epsilon-Greedy (eps=0.1)","Ad_C","Mobile","Evening",0,0.12,104,0,8.02999999999998
4921,921,"Epsilon-Greedy (eps=0.1)","Ad_C","Tablet","Morning",0,0.12,104,0,8.02999999999998
4922,922,"Epsilon-Greedy (eps=0.1)","Ad_C","Mobile","Morning",0,0.12,104,0,8.02999999999998
4923,923,"Epsilon-Greedy (eps=0.1)","Ad_C","Mobile","Morning",0,0.12,104,0,8.02999999999998
4924,924,"Epsilon-Greedy (eps=0.1)","Ad_C","Desktop","Evening",0,0.12,104,0,8.02999999999998
4925,925,"Epsilon-Greedy (eps=0.1)","Ad_C","Desktop","Morning",0,0.12,104,0,8.02999999999998
4926,926,"Epsilon-Greedy (eps=0.1)","Ad_C","Tablet","Morning",0,0.12,104,0,8.02999999999998
4927,927,"Epsilon-Greedy (eps=0.1)","Ad_C","Desktop","Afternoon",0,0.12,104,0,8.02999999999998
4928,928,"Epsilon-Greedy (eps=0.1)","Ad_C","Mobile","Morning",0,0.12,104,0,8.02999999999998
4929,929,"Epsilon-Greedy (eps=0.1)","Ad_C","Mobile","Evening",0,0.12,104,0,8.02999999999998
4930,930,"Epsilon-Greedy (eps=0.1)","Ad_C","Desktop","Evening",0,0.12,104,0,8.02999999999998
4931,931,"Epsilon-Greedy (eps=0.1)","Ad_C","Tablet","Morning",0,0.12,104,0,8.02999999999998
4932,932,"Epsilon-Greedy (eps=0.1)","Ad_C","Desktop","Morning",0,0.12,104,0,8.02999999999998
4933,933,"Epsilon-Greedy (eps=0.1)","Ad_C","Tablet","Afternoon",1,0.12,105,0,8.02999999999998
4934,934,"Epsilon-Greedy (eps=0.1)","Ad_C","Desktop","Evening",0,0.12,105,0,8.02999999999998
4935,935,"Epsilon-Greedy (eps=0.1)","Ad_C","Mobile","Evening",0,0.12,105,0,8.02999999999998
4936,936,"Epsilon-Greedy (eps=0.1)","Ad_C","Desktop","Afternoon",1,0.12,106,0,8.02999999999998
4937,937,"Epsilon-Greedy (eps=0.1)","Ad_C","Mobile","Morning",0,0.12,106,0,8.02999999999998
4938,938,"Epsilon-Greedy (eps=0.1)","Ad_C","Mobile","Afternoon",0,0.12,106,0,8.02999999999998
4939,939,"Epsilon-Greedy (eps=0.1)","Ad_C","Mobile","Morning",0,0.12,106,0,8.02999999999998
4940,940,"Epsilon-Greedy (eps=0.1)","Ad_C","Tablet","Evening",0,0.12,106,0,8.02999999999998
4941,941,"Epsilon-Greedy (eps=0.1)","Ad_C","Mobile","Afternoon",0,0.12,106,0,8.02999999999998
4942,942,"Epsilon-Greedy (eps=0.1)","Ad_C","Desktop","Afternoon",0,0.12,106,0,8.02999999999998
4943,943,"Epsilon-Greedy (eps=0.1)","Ad_C","Tablet","Afternoon",0,0.12,106,0,8.02999999999998
4944,944,"Epsilon-Greedy (eps=0.1)","Ad_C","Tablet","Evening",1,0.12,107,0,8.02999999999998
4945,945,"Epsilon-Greedy (eps=0.1)","Ad_C","Desktop","Morning",0,0.12,107,0,8.02999999999998
4946,946,"Epsilon-Greedy (eps=0.1)","Ad_C","Tablet","Evening",0,0.12,107,0,8.02999999999998
4947,947,"Epsilon-Greedy (eps=0.1)","Ad_C","Desktop","Evening",0,0.12,107,0,8.02999999999998
4948,948,"Epsilon-Greedy (eps=0.1)","Ad_C","Mobile","Morning",0,0.12,107,0,8.02999999999998
4949,949,"Epsilon-Greedy (eps=0.1)","Ad_A","Mobile","Afternoon",0,0.05,107,0.07,8.09999999999998
4950,950,"Epsilon-Greedy (eps=0.1)","Ad_C","Mobile","Afternoon",0,0.12,107,0,8.09999999999998
4951,951,"Epsilon-Greedy (eps=0.1)","Ad_C","Desktop","Morning",0,0.12,107,0,8.09999999999998
4952,952,"Epsilon-Greedy (eps=0.1)","Ad_C","Tablet","Morning",0,0.12,107,0,8.09999999999998
4953,953,"Epsilon-Greedy (eps=0.1)","Ad_C","Mobile","Morning",0,0.12,107,0,8.09999999999998
4954,954,"Epsilon-Greedy (eps=0.1)","Ad_C","Mobile","Afternoon",0,0.12,107,0,8.09999999999998
4955,955,"Epsilon-Greedy (eps=0.1)","Ad_C","Mobile","Morning",0,0.12,107,0,8.09999999999998
4956,956,"Epsilon-Greedy (eps=0.1)","Ad_C","Desktop","Evening",0,0.12,107,0,8.09999999999998
4957,957,"Epsilon-Greedy (eps=0.1)","Ad_C","Desktop","Evening",0,0.12,107,0,8.09999999999998
4958,958,"Epsilon-Greedy (eps=0.1)","Ad_C","Tablet","Afternoon",0,0.12,107,0,8.09999999999998
4959,959,"Epsilon-Greedy (eps=0.1)","Ad_C","Mobile","Afternoon",0,0.12,107,0,8.09999999999998
4960,960,"Epsilon-Greedy (eps=0.1)","Ad_C","Tablet","Afternoon",0,0.12,107,0,8.09999999999998
4961,961,"Epsilon-Greedy (eps=0.1)","Ad_C","Tablet","Afternoon",0,0.12,107,0,8.09999999999998
4962,962,"Epsilon-Greedy (eps=0.1)","Ad_C","Desktop","Morning",1,0.12,108,0,8.09999999999998
4963,963,"Epsilon-Greedy (eps=0.1)","Ad_C","Tablet","Afternoon",0,0.12,108,0,8.09999999999998
4964,964,"Epsilon-Greedy (eps=0.1)","Ad_C","Tablet","Evening",0,0.12,108,0,8.09999999999998
4965,965,"Epsilon-Greedy (eps=0.1)","Ad_C","Mobile","Morning",0,0.12,108,0,8.09999999999998
4966,966,"Epsilon-Greedy (eps=0.1)","Ad_D","Tablet","Evening",0,0.1,108,0.02,8.11999999999998
4967,967,"Epsilon-Greedy (eps=0.1)","Ad_C","Desktop","Afternoon",0,0.12,108,0,8.11999999999998
4968,968,"Epsilon-Greedy (eps=0.1)","Ad_C","Tablet","Afternoon",0,0.12,108,0,8.11999999999998
4969,969,"Epsilon-Greedy (eps=0.1)","Ad_C","Desktop","Afternoon",0,0.12,108,0,8.11999999999998
4970,970,"Epsilon-Greedy (eps=0.1)","Ad_C","Mobile","Morning",0,0.12,108,0,8.11999999999998
4971,971,"Epsilon-Greedy (eps=0.1)","Ad_C","Desktop","Evening",1,0.12,109,0,8.11999999999998
4972,972,"Epsilon-Greedy (eps=0.1)","Ad_C","Desktop","Evening",0,0.12,109,0,8.11999999999998
4973,973,"Epsilon-Greedy (eps=0.1)","Ad_C","Desktop","Morning",0,0.12,109,0,8.11999999999998
4974,974,"Epsilon-Greedy (eps=0.1)","Ad_C","Mobile","Morning",0,0.12,109,0,8.11999999999998
4975,975,"Epsilon-Greedy (eps=0.1)","Ad_C","Mobile","Afternoon",0,0.12,109,0,8.11999999999998
4976,976,"Epsilon-Greedy (eps=0.1)","Ad_D","Tablet","Evening",0,0.1,109,0.02,8.13999999999998
4977,977,"Epsilon-Greedy (eps=0.1)","Ad_C","Mobile","Morning",0,0.12,109,0,8.13999999999998
4978,978,"Epsilon-Greedy (eps=0.1)","Ad_C","Desktop","Evening",0,0.12,109,0,8.13999999999998
4979,979,"Epsilon-Greedy (eps=0.1)","Ad_C","Mobile","Morning",0,0.12,109,0,8.13999999999998
4980,980,"Epsilon-Greedy (eps=0.1)","Ad_C","Tablet","Evening",0,0.12,109,0,8.13999999999998
4981,981,"Epsilon-Greedy (eps=0.1)","Ad_C","Mobile","Evening",0,0.12,109,0,8.13999999999998
4982,982,"Epsilon-Greedy (eps=0.1)","Ad_C","Mobile","Evening",0,0.12,109,0,8.13999999999998
4983,983,"Epsilon-Greedy (eps=0.1)","Ad_C","Desktop","Afternoon",0,0.12,109,0,8.13999999999998
4984,984,"Epsilon-Greedy (eps=0.1)","Ad_C","Desktop","Afternoon",0,0.12,109,0,8.13999999999998
4985,985,"Epsilon-Greedy (eps=0.1)","Ad_D","Tablet","Evening",0,0.1,109,0.02,8.15999999999998
4986,986,"Epsilon-Greedy (eps=0.1)","Ad_C","Tablet","Evening",0,0.12,109,0,8.15999999999998
4987,987,"Epsilon-Greedy (eps=0.1)","Ad_C","Desktop","Afternoon",0,0.12,109,0,8.15999999999998
4988,988,"Epsilon-Greedy (eps=0.1)","Ad_C","Mobile","Evening",0,0.12,109,0,8.15999999999998
4989,989,"Epsilon-Greedy (eps=0.1)","Ad_C","Desktop","Afternoon",0,0.12,109,0,8.15999999999998
4990,990,"Epsilon-Greedy (eps=0.1)","Ad_C","Tablet","Evening",0,0.12,109,0,8.15999999999998
4991,991,"Epsilon-Greedy (eps=0.1)","Ad_C","Desktop","Afternoon",0,0.12,109,0,8.15999999999998
4992,992,"Epsilon-Greedy (eps=0.1)","Ad_C","Desktop","Afternoon",0,0.12,109,0,8.15999999999998
4993,993,"Epsilon-Greedy (eps=0.1)","Ad_C","Tablet","Morning",1,0.12,110,0,8.15999999999998
4994,994,"Epsilon-Greedy (eps=0.1)","Ad_C","Desktop","Evening",0,0.12,110,0,8.15999999999998
4995,995,"Epsilon-Greedy (eps=0.1)","Ad_C","Mobile","Evening",0,0.12,110,0,8.15999999999998
4996,996,"Epsilon-Greedy (eps=0.1)","Ad_A","Tablet","Morning",0,0.05,110,0.07,8.22999999999998
4997,997,"Epsilon-Greedy (eps=0.1)","Ad_C","Tablet","Morning",0,0.12,110,0,8.22999999999998
4998,998,"Epsilon-Greedy (eps=0.1)","Ad_D","Tablet","Morning",0,0.1,110,0.02,8.24999999999998
4999,999,"Epsilon-Greedy (eps=0.1)","Ad_C","Mobile","Afternoon",0,0.12,110,0,8.24999999999998
5000,1000,"Epsilon-Greedy (eps=0.1)","Ad_C","Mobile","Evening",0,0.12,110,0,8.24999999999998
5001,1001,"Epsilon-Greedy (eps=0.1)","Ad_C","Desktop","Evening",0,0.12,110,0,8.24999999999998
5002,1002,"Epsilon-Greedy (eps=0.1)","Ad_C","Desktop","Afternoon",0,0.12,110,0,8.24999999999998
5003,1003,"Epsilon-Greedy (eps=0.1)","Ad_C","Mobile","Afternoon",0,0.12,110,0,8.24999999999998
5004,1004,"Epsilon-Greedy (eps=0.1)","Ad_C","Tablet","Morning",0,0.12,110,0,8.24999999999998
5005,1005,"Epsilon-Greedy (eps=0.1)","Ad_C","Mobile","Afternoon",0,0.12,110,0,8.24999999999998
5006,1006,"Epsilon-Greedy (eps=0.1)","Ad_C","Desktop","Afternoon",0,0.12,110,0,8.24999999999998
5007,1007,"Epsilon-Greedy (eps=0.1)","Ad_C","Tablet","Morning",0,0.12,110,0,8.24999999999998
5008,1008,"Epsilon-Greedy (eps=0.1)","Ad_C","Tablet","Evening",0,0.12,110,0,8.24999999999998
5009,1009,"Epsilon-Greedy (eps=0.1)","Ad_C","Tablet","Afternoon",0,0.12,110,0,8.24999999999998
5010,1010,"Epsilon-Greedy (eps=0.1)","Ad_C","Mobile","Morning",1,0.12,111,0,8.24999999999998
5011,1011,"Epsilon-Greedy (eps=0.1)","Ad_C","Desktop","Evening",0,0.12,111,0,8.24999999999998
5012,1012,"Epsilon-Greedy (eps=0.1)","Ad_C","Tablet","Evening",0,0.12,111,0,8.24999999999998
5013,1013,"Epsilon-Greedy (eps=0.1)","Ad_C","Desktop","Afternoon",0,0.12,111,0,8.24999999999998
5014,1014,"Epsilon-Greedy (eps=0.1)","Ad_C","Mobile","Morning",0,0.12,111,0,8.24999999999998
5015,1015,"Epsilon-Greedy (eps=0.1)","Ad_A","Mobile","Afternoon",0,0.05,111,0.07,8.31999999999998
5016,1016,"Epsilon-Greedy (eps=0.1)","Ad_C","Desktop","Afternoon",1,0.12,112,0,8.31999999999998
5017,1017,"Epsilon-Greedy (eps=0.1)","Ad_C","Mobile","Evening",0,0.12,112,0,8.31999999999998
5018,1018,"Epsilon-Greedy (eps=0.1)","Ad_C","Tablet","Evening",0,0.12,112,0,8.31999999999998
5019,1019,"Epsilon-Greedy (eps=0.1)","Ad_C","Mobile","Morning",0,0.12,112,0,8.31999999999998
5020,1020,"Epsilon-Greedy (eps=0.1)","Ad_C","Desktop","Morning",0,0.12,112,0,8.31999999999998
5021,1021,"Epsilon-Greedy (eps=0.1)","Ad_C","Tablet","Afternoon",0,0.12,112,0,8.31999999999998
5022,1022,"Epsilon-Greedy (eps=0.1)","Ad_C","Desktop","Evening",0,0.12,112,0,8.31999999999998
5023,1023,"Epsilon-Greedy (eps=0.1)","Ad_C","Tablet","Evening",0,0.12,112,0,8.31999999999998
5024,1024,"Epsilon-Greedy (eps=0.1)","Ad_C","Mobile","Afternoon",1,0.12,113,0,8.31999999999998
5025,1025,"Epsilon-Greedy (eps=0.1)","Ad_C","Desktop","Afternoon",0,0.12,113,0,8.31999999999998
5026,1026,"Epsilon-Greedy (eps=0.1)","Ad_C","Tablet","Morning",0,0.12,113,0,8.31999999999998
5027,1027,"Epsilon-Greedy (eps=0.1)","Ad_C","Desktop","Evening",1,0.12,114,0,8.31999999999998
5028,1028,"Epsilon-Greedy (eps=0.1)","Ad_C","Desktop","Afternoon",0,0.12,114,0,8.31999999999998
5029,1029,"Epsilon-Greedy (eps=0.1)","Ad_A","Mobile","Evening",0,0.05,114,0.07,8.38999999999998
5030,1030,"Epsilon-Greedy (eps=0.1)","Ad_C","Mobile","Afternoon",0,0.12,114,0,8.38999999999998
5031,1031,"Epsilon-Greedy (eps=0.1)","Ad_C","Mobile","Evening",0,0.12,114,0,8.38999999999998
5032,1032,"Epsilon-Greedy (eps=0.1)","Ad_C","Mobile","Morning",0,0.12,114,0,8.38999999999998
5033,1033,"Epsilon-Greedy (eps=0.1)","Ad_C","Desktop","Morning",0,0.12,114,0,8.38999999999998
5034,1034,"Epsilon-Greedy (eps=0.1)","Ad_B","Desktop","Afternoon",0,0.08,114,0.04,8.42999999999998
5035,1035,"Epsilon-Greedy (eps=0.1)","Ad_C","Mobile","Afternoon",0,0.12,114,0,8.42999999999998
5036,1036,"Epsilon-Greedy (eps=0.1)","Ad_C","Mobile","Evening",0,0.12,114,0,8.42999999999998
5037,1037,"Epsilon-Greedy (eps=0.1)","Ad_C","Tablet","Morning",1,0.12,115,0,8.42999999999998
5038,1038,"Epsilon-Greedy (eps=0.1)","Ad_C","Tablet","Evening",0,0.12,115,0,8.42999999999998
5039,1039,"Epsilon-Greedy (eps=0.1)","Ad_C","Desktop","Afternoon",0,0.12,115,0,8.42999999999998
5040,1040,"Epsilon-Greedy (eps=0.1)","Ad_C","Desktop","Afternoon",0,0.12,115,0,8.42999999999998
5041,1041,"Epsilon-Greedy (eps=0.1)","Ad_C","Desktop","Afternoon",0,0.12,115,0,8.42999999999998
5042,1042,"Epsilon-Greedy (eps=0.1)","Ad_C","Tablet","Afternoon",0,0.12,115,0,8.42999999999998
5043,1043,"Epsilon-Greedy (eps=0.1)","Ad_C","Mobile","Afternoon",0,0.12,115,0,8.42999999999998
5044,1044,"Epsilon-Greedy (eps=0.1)","Ad_A","Mobile","Afternoon",0,0.05,115,0.07,8.49999999999998
5045,1045,"Epsilon-Greedy (eps=0.1)","Ad_C","Mobile","Afternoon",0,0.12,115,0,8.49999999999998
5046,1046,"Epsilon-Greedy (eps=0.1)","Ad_C","Tablet","Evening",1,0.12,116,0,8.49999999999998
5047,1047,"Epsilon-Greedy (eps=0.1)","Ad_C","Tablet","Morning",0,0.12,116,0,8.49999999999998
5048,1048,"Epsilon-Greedy (eps=0.1)","Ad_C","Tablet","Afternoon",0,0.12,116,0,8.49999999999998
5049,1049,"Epsilon-Greedy (eps=0.1)","Ad_C","Mobile","Morning",0,0.12,116,0,8.49999999999998
5050,1050,"Epsilon-Greedy (eps=0.1)","Ad_C","Desktop","Evening",0,0.12,116,0,8.49999999999998
5051,1051,"Epsilon-Greedy (eps=0.1)","Ad_C","Desktop","Afternoon",0,0.12,116,0,8.49999999999998
5052,1052,"Epsilon-Greedy (eps=0.1)","Ad_C","Tablet","Morning",0,0.12,116,0,8.49999999999998
5053,1053,"Epsilon-Greedy (eps=0.1)","Ad_C","Mobile","Afternoon",0,0.12,116,0,8.49999999999998
5054,1054,"Epsilon-Greedy (eps=0.1)","Ad_C","Desktop","Afternoon",0,0.12,116,0,8.49999999999998
5055,1055,"Epsilon-Greedy (eps=0.1)","Ad_D","Desktop","Evening",0,0.1,116,0.02,8.51999999999998
5056,1056,"Epsilon-Greedy (eps=0.1)","Ad_C","Desktop","Afternoon",0,0.12,116,0,8.51999999999998
5057,1057,"Epsilon-Greedy (eps=0.1)","Ad_B","Desktop","Afternoon",0,0.08,116,0.04,8.55999999999998
5058,1058,"Epsilon-Greedy (eps=0.1)","Ad_C","Tablet","Morning",1,0.12,117,0,8.55999999999998
5059,1059,"Epsilon-Greedy (eps=0.1)","Ad_C","Mobile","Evening",0,0.12,117,0,8.55999999999998
5060,1060,"Epsilon-Greedy (eps=0.1)","Ad_C","Tablet","Evening",0,0.12,117,0,8.55999999999998
5061,1061,"Epsilon-Greedy (eps=0.1)","Ad_C","Mobile","Afternoon",0,0.12,117,0,8.55999999999998
5062,1062,"Epsilon-Greedy (eps=0.1)","Ad_B","Mobile","Evening",0,0.08,117,0.04,8.59999999999998
5063,1063,"Epsilon-Greedy (eps=0.1)","Ad_C","Mobile","Afternoon",0,0.12,117,0,8.59999999999998
5064,1064,"Epsilon-Greedy (eps=0.1)","Ad_C","Mobile","Afternoon",0,0.12,117,0,8.59999999999998
5065,1065,"Epsilon-Greedy (eps=0.1)","Ad_C","Mobile","Evening",0,0.12,117,0,8.59999999999998
5066,1066,"Epsilon-Greedy (eps=0.1)","Ad_C","Mobile","Evening",0,0.12,117,0,8.59999999999998
5067,1067,"Epsilon-Greedy (eps=0.1)","Ad_C","Desktop","Morning",0,0.12,117,0,8.59999999999998
5068,1068,"Epsilon-Greedy (eps=0.1)","Ad_C","Tablet","Morning",0,0.12,117,0,8.59999999999998
5069,1069,"Epsilon-Greedy (eps=0.1)","Ad_B","Tablet","Evening",0,0.08,117,0.04,8.63999999999998
5070,1070,"Epsilon-Greedy (eps=0.1)","Ad_C","Tablet","Evening",0,0.12,117,0,8.63999999999998
5071,1071,"Epsilon-Greedy (eps=0.1)","Ad_D","Mobile","Evening",1,0.1,118,0.02,8.65999999999998
5072,1072,"Epsilon-Greedy (eps=0.1)","Ad_D","Tablet","Evening",0,0.1,118,0.02,8.67999999999998
5073,1073,"Epsilon-Greedy (eps=0.1)","Ad_D","Desktop","Morning",0,0.1,118,0.02,8.69999999999998
5074,1074,"Epsilon-Greedy (eps=0.1)","Ad_D","Mobile","Afternoon",0,0.1,118,0.02,8.71999999999998
5075,1075,"Epsilon-Greedy (eps=0.1)","Ad_C","Mobile","Evening",1,0.12,119,0,8.71999999999998
5076,1076,"Epsilon-Greedy (eps=0.1)","Ad_C","Desktop","Morning",0,0.12,119,0,8.71999999999998
5077,1077,"Epsilon-Greedy (eps=0.1)","Ad_C","Mobile","Evening",0,0.12,119,0,8.71999999999998
5078,1078,"Epsilon-Greedy (eps=0.1)","Ad_C","Mobile","Afternoon",0,0.12,119,0,8.71999999999998
5079,1079,"Epsilon-Greedy (eps=0.1)","Ad_C","Tablet","Morning",0,0.12,119,0,8.71999999999998
5080,1080,"Epsilon-Greedy (eps=0.1)","Ad_C","Desktop","Morning",0,0.12,119,0,8.71999999999998
5081,1081,"Epsilon-Greedy (eps=0.1)","Ad_C","Mobile","Morning",0,0.12,119,0,8.71999999999998
5082,1082,"Epsilon-Greedy (eps=0.1)","Ad_C","Desktop","Morning",0,0.12,119,0,8.71999999999998
5083,1083,"Epsilon-Greedy (eps=0.1)","Ad_C","Desktop","Evening",0,0.12,119,0,8.71999999999998
5084,1084,"Epsilon-Greedy (eps=0.1)","Ad_C","Mobile","Morning",0,0.12,119,0,8.71999999999998
5085,1085,"Epsilon-Greedy (eps=0.1)","Ad_C","Desktop","Evening",0,0.12,119,0,8.71999999999998
5086,1086,"Epsilon-Greedy (eps=0.1)","Ad_C","Mobile","Afternoon",0,0.12,119,0,8.71999999999998
5087,1087,"Epsilon-Greedy (eps=0.1)","Ad_C","Mobile","Evening",0,0.12,119,0,8.71999999999998
5088,1088,"Epsilon-Greedy (eps=0.1)","Ad_C","Desktop","Afternoon",0,0.12,119,0,8.71999999999998
5089,1089,"Epsilon-Greedy (eps=0.1)","Ad_D","Mobile","Afternoon",0,0.1,119,0.02,8.73999999999998
5090,1090,"Epsilon-Greedy (eps=0.1)","Ad_C","Tablet","Afternoon",0,0.12,119,0,8.73999999999998
5091,1091,"Epsilon-Greedy (eps=0.1)","Ad_C","Tablet","Morning",0,0.12,119,0,8.73999999999998
5092,1092,"Epsilon-Greedy (eps=0.1)","Ad_C","Mobile","Morning",0,0.12,119,0,8.73999999999998
5093,1093,"Epsilon-Greedy (eps=0.1)","Ad_A","Mobile","Evening",0,0.05,119,0.07,8.80999999999998
5094,1094,"Epsilon-Greedy (eps=0.1)","Ad_C","Desktop","Afternoon",0,0.12,119,0,8.80999999999998
5095,1095,"Epsilon-Greedy (eps=0.1)","Ad_C","Mobile","Morning",0,0.12,119,0,8.80999999999998
5096,1096,"Epsilon-Greedy (eps=0.1)","Ad_C","Desktop","Evening",0,0.12,119,0,8.80999999999998
5097,1097,"Epsilon-Greedy (eps=0.1)","Ad_C","Mobile","Morning",0,0.12,119,0,8.80999999999998
5098,1098,"Epsilon-Greedy (eps=0.1)","Ad_C","Mobile","Afternoon",0,0.12,119,0,8.80999999999998
5099,1099,"Epsilon-Greedy (eps=0.1)","Ad_D","Tablet","Afternoon",0,0.1,119,0.02,8.82999999999998
5100,1100,"Epsilon-Greedy (eps=0.1)","Ad_C","Tablet","Morning",0,0.12,119,0,8.82999999999998
5101,1101,"Epsilon-Greedy (eps=0.1)","Ad_C","Desktop","Afternoon",0,0.12,119,0,8.82999999999998
5102,1102,"Epsilon-Greedy (eps=0.1)","Ad_C","Mobile","Afternoon",0,0.12,119,0,8.82999999999998
5103,1103,"Epsilon-Greedy (eps=0.1)","Ad_C","Mobile","Evening",0,0.12,119,0,8.82999999999998
5104,1104,"Epsilon-Greedy (eps=0.1)","Ad_C","Tablet","Afternoon",0,0.12,119,0,8.82999999999998
5105,1105,"Epsilon-Greedy (eps=0.1)","Ad_C","Desktop","Morning",0,0.12,119,0,8.82999999999998
5106,1106,"Epsilon-Greedy (eps=0.1)","Ad_C","Desktop","Afternoon",0,0.12,119,0,8.82999999999998
5107,1107,"Epsilon-Greedy (eps=0.1)","Ad_D","Tablet","Afternoon",0,0.1,119,0.02,8.84999999999997
5108,1108,"Epsilon-Greedy (eps=0.1)","Ad_C","Tablet","Morning",0,0.12,119,0,8.84999999999997
5109,1109,"Epsilon-Greedy (eps=0.1)","Ad_B","Mobile","Morning",1,0.08,120,0.04,8.88999999999997
5110,1110,"Epsilon-Greedy (eps=0.1)","Ad_B","Desktop","Evening",0,0.08,120,0.04,8.92999999999997
5111,1111,"Epsilon-Greedy (eps=0.1)","Ad_B","Tablet","Afternoon",0,0.08,120,0.04,8.96999999999997
5112,1112,"Epsilon-Greedy (eps=0.1)","Ad_C","Tablet","Afternoon",0,0.12,120,0,8.96999999999997
5113,1113,"Epsilon-Greedy (eps=0.1)","Ad_C","Tablet","Evening",0,0.12,120,0,8.96999999999997
5114,1114,"Epsilon-Greedy (eps=0.1)","Ad_D","Desktop","Evening",0,0.1,120,0.02,8.98999999999997
5115,1115,"Epsilon-Greedy (eps=0.1)","Ad_B","Mobile","Morning",0,0.08,120,0.04,9.02999999999997
5116,1116,"Epsilon-Greedy (eps=0.1)","Ad_C","Desktop","Afternoon",0,0.12,120,0,9.02999999999997
5117,1117,"Epsilon-Greedy (eps=0.1)","Ad_C","Tablet","Morning",0,0.12,120,0,9.02999999999997
5118,1118,"Epsilon-Greedy (eps=0.1)","Ad_C","Desktop","Afternoon",0,0.12,120,0,9.02999999999997
5119,1119,"Epsilon-Greedy (eps=0.1)","Ad_C","Tablet","Morning",0,0.12,120,0,9.02999999999997
5120,1120,"Epsilon-Greedy (eps=0.1)","Ad_C","Mobile","Morning",1,0.12,121,0,9.02999999999997
5121,1121,"Epsilon-Greedy (eps=0.1)","Ad_C","Tablet","Evening",1,0.12,122,0,9.02999999999997
5122,1122,"Epsilon-Greedy (eps=0.1)","Ad_C","Desktop","Afternoon",0,0.12,122,0,9.02999999999997
5123,1123,"Epsilon-Greedy (eps=0.1)","Ad_C","Mobile","Evening",0,0.12,122,0,9.02999999999997
5124,1124,"Epsilon-Greedy (eps=0.1)","Ad_C","Tablet","Evening",0,0.12,122,0,9.02999999999997
5125,1125,"Epsilon-Greedy (eps=0.1)","Ad_D","Mobile","Morning",1,0.1,123,0.02,9.04999999999997
5126,1126,"Epsilon-Greedy (eps=0.1)","Ad_D","Desktop","Afternoon",0,0.1,123,0.02,9.06999999999997
5127,1127,"Epsilon-Greedy (eps=0.1)","Ad_D","Tablet","Evening",0,0.1,123,0.02,9.08999999999997
5128,1128,"Epsilon-Greedy (eps=0.1)","Ad_D","Desktop","Afternoon",0,0.1,123,0.02,9.10999999999997
5129,1129,"Epsilon-Greedy (eps=0.1)","Ad_D","Tablet","Afternoon",0,0.1,123,0.02,9.12999999999997
5130,1130,"Epsilon-Greedy (eps=0.1)","Ad_D","Mobile","Evening",1,0.1,124,0.02,9.14999999999997
5131,1131,"Epsilon-Greedy (eps=0.1)","Ad_D","Tablet","Morning",1,0.1,125,0.02,9.16999999999997
5132,1132,"Epsilon-Greedy (eps=0.1)","Ad_D","Mobile","Morning",0,0.1,125,0.02,9.18999999999997
5133,1133,"Epsilon-Greedy (eps=0.1)","Ad_D","Mobile","Afternoon",0,0.1,125,0.02,9.20999999999997
5134,1134,"Epsilon-Greedy (eps=0.1)","Ad_D","Tablet","Afternoon",0,0.1,125,0.02,9.22999999999997
5135,1135,"Epsilon-Greedy (eps=0.1)","Ad_C","Tablet","Morning",1,0.12,126,0,9.22999999999997
5136,1136,"Epsilon-Greedy (eps=0.1)","Ad_D","Desktop","Evening",0,0.1,126,0.02,9.24999999999997
5137,1137,"Epsilon-Greedy (eps=0.1)","Ad_D","Desktop","Afternoon",0,0.1,126,0.02,9.26999999999997
5138,1138,"Epsilon-Greedy (eps=0.1)","Ad_D","Mobile","Evening",1,0.1,127,0.02,9.28999999999997
5139,1139,"Epsilon-Greedy (eps=0.1)","Ad_D","Tablet","Afternoon",0,0.1,127,0.02,9.30999999999996
5140,1140,"Epsilon-Greedy (eps=0.1)","Ad_D","Tablet","Morning",0,0.1,127,0.02,9.32999999999996
5141,1141,"Epsilon-Greedy (eps=0.1)","Ad_D","Tablet","Morning",0,0.1,127,0.02,9.34999999999996
5142,1142,"Epsilon-Greedy (eps=0.1)","Ad_D","Mobile","Afternoon",0,0.1,127,0.02,9.36999999999996
5143,1143,"Epsilon-Greedy (eps=0.1)","Ad_D","Mobile","Morning",0,0.1,127,0.02,9.38999999999996
5144,1144,"Epsilon-Greedy (eps=0.1)","Ad_D","Desktop","Afternoon",0,0.1,127,0.02,9.40999999999996
5145,1145,"Epsilon-Greedy (eps=0.1)","Ad_D","Tablet","Morning",0,0.1,127,0.02,9.42999999999996
5146,1146,"Epsilon-Greedy (eps=0.1)","Ad_D","Tablet","Morning",0,0.1,127,0.02,9.44999999999996
5147,1147,"Epsilon-Greedy (eps=0.1)","Ad_D","Mobile","Afternoon",0,0.1,127,0.02,9.46999999999996
5148,1148,"Epsilon-Greedy (eps=0.1)","Ad_D","Mobile","Morning",0,0.1,127,0.02,9.48999999999996
5149,1149,"Epsilon-Greedy (eps=0.1)","Ad_D","Tablet","Evening",0,0.1,127,0.02,9.50999999999996
5150,1150,"Epsilon-Greedy (eps=0.1)","Ad_D","Mobile","Afternoon",0,0.1,127,0.02,9.52999999999996
5151,1151,"Epsilon-Greedy (eps=0.1)","Ad_A","Tablet","Evening",0,0.05,127,0.07,9.59999999999996
5152,1152,"Epsilon-Greedy (eps=0.1)","Ad_D","Mobile","Evening",0,0.1,127,0.02,9.61999999999996
5153,1153,"Epsilon-Greedy (eps=0.1)","Ad_D","Mobile","Morning",0,0.1,127,0.02,9.63999999999996
5154,1154,"Epsilon-Greedy (eps=0.1)","Ad_D","Desktop","Evening",1,0.1,128,0.02,9.65999999999996
5155,1155,"Epsilon-Greedy (eps=0.1)","Ad_D","Tablet","Afternoon",0,0.1,128,0.02,9.67999999999996
5156,1156,"Epsilon-Greedy (eps=0.1)","Ad_B","Tablet","Morning",0,0.08,128,0.04,9.71999999999996
5157,1157,"Epsilon-Greedy (eps=0.1)","Ad_D","Desktop","Afternoon",0,0.1,128,0.02,9.73999999999996
5158,1158,"Epsilon-Greedy (eps=0.1)","Ad_D","Tablet","Morning",0,0.1,128,0.02,9.75999999999996
5159,1159,"Epsilon-Greedy (eps=0.1)","Ad_D","Mobile","Morning",0,0.1,128,0.02,9.77999999999996
5160,1160,"Epsilon-Greedy (eps=0.1)","Ad_D","Tablet","Afternoon",0,0.1,128,0.02,9.79999999999996
5161,1161,"Epsilon-Greedy (eps=0.1)","Ad_D","Mobile","Morning",0,0.1,128,0.02,9.81999999999996
5162,1162,"Epsilon-Greedy (eps=0.1)","Ad_D","Tablet","Afternoon",0,0.1,128,0.02,9.83999999999996
5163,1163,"Epsilon-Greedy (eps=0.1)","Ad_D","Mobile","Afternoon",0,0.1,128,0.02,9.85999999999996
5164,1164,"Epsilon-Greedy (eps=0.1)","Ad_D","Mobile","Afternoon",0,0.1,128,0.02,9.87999999999995
5165,1165,"Epsilon-Greedy (eps=0.1)","Ad_D","Tablet","Morning",0,0.1,128,0.02,9.89999999999995
5166,1166,"Epsilon-Greedy (eps=0.1)","Ad_D","Desktop","Evening",0,0.1,128,0.02,9.91999999999995
5167,1167,"Epsilon-Greedy (eps=0.1)","Ad_D","Desktop","Morning",0,0.1,128,0.02,9.93999999999995
5168,1168,"Epsilon-Greedy (eps=0.1)","Ad_A","Tablet","Afternoon",0,0.05,128,0.07,10.01
5169,1169,"Epsilon-Greedy (eps=0.1)","Ad_C","Tablet","Afternoon",0,0.12,128,0,10.01
5170,1170,"Epsilon-Greedy (eps=0.1)","Ad_C","Desktop","Morning",0,0.12,128,0,10.01
5171,1171,"Epsilon-Greedy (eps=0.1)","Ad_C","Mobile","Morning",0,0.12,128,0,10.01
5172,1172,"Epsilon-Greedy (eps=0.1)","Ad_D","Tablet","Evening",0,0.1,128,0.02,10.03
5173,1173,"Epsilon-Greedy (eps=0.1)","Ad_C","Tablet","Morning",0,0.12,128,0,10.03
5174,1174,"Epsilon-Greedy (eps=0.1)","Ad_C","Tablet","Afternoon",0,0.12,128,0,10.03
5175,1175,"Epsilon-Greedy (eps=0.1)","Ad_C","Mobile","Morning",0,0.12,128,0,10.03
5176,1176,"Epsilon-Greedy (eps=0.1)","Ad_C","Desktop","Afternoon",0,0.12,128,0,10.03
5177,1177,"Epsilon-Greedy (eps=0.1)","Ad_C","Mobile","Morning",0,0.12,128,0,10.03
5178,1178,"Epsilon-Greedy (eps=0.1)","Ad_C","Desktop","Morning",0,0.12,128,0,10.03
5179,1179,"Epsilon-Greedy (eps=0.1)","Ad_D","Desktop","Afternoon",0,0.1,128,0.02,10.05
5180,1180,"Epsilon-Greedy (eps=0.1)","Ad_C","Tablet","Afternoon",0,0.12,128,0,10.05
5181,1181,"Epsilon-Greedy (eps=0.1)","Ad_C","Desktop","Morning",0,0.12,128,0,10.05
5182,1182,"Epsilon-Greedy (eps=0.1)","Ad_C","Mobile","Morning",0,0.12,128,0,10.05
5183,1183,"Epsilon-Greedy (eps=0.1)","Ad_C","Tablet","Evening",0,0.12,128,0,10.05
5184,1184,"Epsilon-Greedy (eps=0.1)","Ad_C","Tablet","Morning",0,0.12,128,0,10.05
5185,1185,"Epsilon-Greedy (eps=0.1)","Ad_C","Desktop","Evening",0,0.12,128,0,10.05
5186,1186,"Epsilon-Greedy (eps=0.1)","Ad_A","Desktop","Afternoon",0,0.05,128,0.07,10.12
5187,1187,"Epsilon-Greedy (eps=0.1)","Ad_D","Desktop","Evening",0,0.1,128,0.02,10.14
5188,1188,"Epsilon-Greedy (eps=0.1)","Ad_C","Tablet","Evening",0,0.12,128,0,10.14
5189,1189,"Epsilon-Greedy (eps=0.1)","Ad_C","Tablet","Morning",0,0.12,128,0,10.14
5190,1190,"Epsilon-Greedy (eps=0.1)","Ad_C","Tablet","Morning",0,0.12,128,0,10.14
5191,1191,"Epsilon-Greedy (eps=0.1)","Ad_C","Tablet","Afternoon",0,0.12,128,0,10.14
5192,1192,"Epsilon-Greedy (eps=0.1)","Ad_C","Desktop","Morning",1,0.12,129,0,10.14
5193,1193,"Epsilon-Greedy (eps=0.1)","Ad_C","Mobile","Afternoon",0,0.12,129,0,10.14
5194,1194,"Epsilon-Greedy (eps=0.1)","Ad_C","Mobile","Morning",0,0.12,129,0,10.14
5195,1195,"Epsilon-Greedy (eps=0.1)","Ad_C","Mobile","Afternoon",0,0.12,129,0,10.14
5196,1196,"Epsilon-Greedy (eps=0.1)","Ad_C","Mobile","Evening",0,0.12,129,0,10.14
5197,1197,"Epsilon-Greedy (eps=0.1)","Ad_C","Tablet","Afternoon",0,0.12,129,0,10.14
5198,1198,"Epsilon-Greedy (eps=0.1)","Ad_C","Desktop","Evening",0,0.12,129,0,10.14
5199,1199,"Epsilon-Greedy (eps=0.1)","Ad_C","Tablet","Morning",0,0.12,129,0,10.14
5200,1200,"Epsilon-Greedy (eps=0.1)","Ad_A","Mobile","Afternoon",0,0.05,129,0.07,10.21
5201,1201,"Epsilon-Greedy (eps=0.1)","Ad_C","Desktop","Afternoon",0,0.12,129,0,10.21
5202,1202,"Epsilon-Greedy (eps=0.1)","Ad_C","Tablet","Morning",0,0.12,129,0,10.21
5203,1203,"Epsilon-Greedy (eps=0.1)","Ad_D","Desktop","Evening",0,0.1,129,0.02,10.23
5204,1204,"Epsilon-Greedy (eps=0.1)","Ad_B","Desktop","Morning",0,0.08,129,0.04,10.27
5205,1205,"Epsilon-Greedy (eps=0.1)","Ad_C","Desktop","Morning",0,0.12,129,0,10.27
5206,1206,"Epsilon-Greedy (eps=0.1)","Ad_C","Mobile","Afternoon",0,0.12,129,0,10.27
5207,1207,"Epsilon-Greedy (eps=0.1)","Ad_C","Desktop","Morning",0,0.12,129,0,10.27
5208,1208,"Epsilon-Greedy (eps=0.1)","Ad_C","Desktop","Morning",0,0.12,129,0,10.27
5209,1209,"Epsilon-Greedy (eps=0.1)","Ad_C","Tablet","Morning",1,0.12,130,0,10.27
5210,1210,"Epsilon-Greedy (eps=0.1)","Ad_C","Tablet","Evening",0,0.12,130,0,10.27
5211,1211,"Epsilon-Greedy (eps=0.1)","Ad_C","Desktop","Afternoon",0,0.12,130,0,10.27
5212,1212,"Epsilon-Greedy (eps=0.1)","Ad_C","Desktop","Evening",1,0.12,131,0,10.27
5213,1213,"Epsilon-Greedy (eps=0.1)","Ad_C","Desktop","Morning",0,0.12,131,0,10.27
5214,1214,"Epsilon-Greedy (eps=0.1)","Ad_C","Tablet","Afternoon",0,0.12,131,0,10.27
5215,1215,"Epsilon-Greedy (eps=0.1)","Ad_D","Mobile","Afternoon",0,0.1,131,0.02,10.29
5216,1216,"Epsilon-Greedy (eps=0.1)","Ad_D","Tablet","Morning",0,0.1,131,0.02,10.31
5217,1217,"Epsilon-Greedy (eps=0.1)","Ad_C","Desktop","Afternoon",0,0.12,131,0,10.31
5218,1218,"Epsilon-Greedy (eps=0.1)","Ad_C","Mobile","Evening",0,0.12,131,0,10.31
5219,1219,"Epsilon-Greedy (eps=0.1)","Ad_C","Tablet","Afternoon",0,0.12,131,0,10.31
5220,1220,"Epsilon-Greedy (eps=0.1)","Ad_C","Tablet","Morning",0,0.12,131,0,10.31
5221,1221,"Epsilon-Greedy (eps=0.1)","Ad_C","Mobile","Morning",0,0.12,131,0,10.31
5222,1222,"Epsilon-Greedy (eps=0.1)","Ad_C","Desktop","Afternoon",0,0.12,131,0,10.31
5223,1223,"Epsilon-Greedy (eps=0.1)","Ad_B","Desktop","Evening",0,0.08,131,0.04,10.3499999999999
5224,1224,"Epsilon-Greedy (eps=0.1)","Ad_C","Tablet","Evening",0,0.12,131,0,10.3499999999999
5225,1225,"Epsilon-Greedy (eps=0.1)","Ad_C","Desktop","Morning",0,0.12,131,0,10.3499999999999
5226,1226,"Epsilon-Greedy (eps=0.1)","Ad_A","Desktop","Morning",0,0.05,131,0.07,10.42
5227,1227,"Epsilon-Greedy (eps=0.1)","Ad_A","Mobile","Evening",0,0.05,131,0.07,10.49
5228,1228,"Epsilon-Greedy (eps=0.1)","Ad_C","Mobile","Afternoon",0,0.12,131,0,10.49
5229,1229,"Epsilon-Greedy (eps=0.1)","Ad_C","Tablet","Afternoon",1,0.12,132,0,10.49
5230,1230,"Epsilon-Greedy (eps=0.1)","Ad_C","Tablet","Morning",0,0.12,132,0,10.49
5231,1231,"Epsilon-Greedy (eps=0.1)","Ad_C","Desktop","Evening",0,0.12,132,0,10.49
5232,1232,"Epsilon-Greedy (eps=0.1)","Ad_C","Tablet","Evening",0,0.12,132,0,10.49
5233,1233,"Epsilon-Greedy (eps=0.1)","Ad_C","Tablet","Afternoon",0,0.12,132,0,10.49
5234,1234,"Epsilon-Greedy (eps=0.1)","Ad_C","Desktop","Afternoon",0,0.12,132,0,10.49
5235,1235,"Epsilon-Greedy (eps=0.1)","Ad_C","Desktop","Morning",0,0.12,132,0,10.49
5236,1236,"Epsilon-Greedy (eps=0.1)","Ad_C","Desktop","Evening",0,0.12,132,0,10.49
5237,1237,"Epsilon-Greedy (eps=0.1)","Ad_C","Desktop","Afternoon",0,0.12,132,0,10.49
5238,1238,"Epsilon-Greedy (eps=0.1)","Ad_C","Mobile","Afternoon",0,0.12,132,0,10.49
5239,1239,"Epsilon-Greedy (eps=0.1)","Ad_A","Mobile","Evening",0,0.05,132,0.07,10.56
5240,1240,"Epsilon-Greedy (eps=0.1)","Ad_C","Mobile","Evening",0,0.12,132,0,10.56
5241,1241,"Epsilon-Greedy (eps=0.1)","Ad_C","Tablet","Afternoon",0,0.12,132,0,10.56
5242,1242,"Epsilon-Greedy (eps=0.1)","Ad_C","Desktop","Morning",0,0.12,132,0,10.56
5243,1243,"Epsilon-Greedy (eps=0.1)","Ad_C","Mobile","Afternoon",0,0.12,132,0,10.56
5244,1244,"Epsilon-Greedy (eps=0.1)","Ad_C","Mobile","Evening",0,0.12,132,0,10.56
5245,1245,"Epsilon-Greedy (eps=0.1)","Ad_C","Tablet","Evening",0,0.12,132,0,10.56
5246,1246,"Epsilon-Greedy (eps=0.1)","Ad_C","Mobile","Morning",0,0.12,132,0,10.56
5247,1247,"Epsilon-Greedy (eps=0.1)","Ad_C","Desktop","Afternoon",0,0.12,132,0,10.56
5248,1248,"Epsilon-Greedy (eps=0.1)","Ad_C","Mobile","Morning",0,0.12,132,0,10.56
5249,1249,"Epsilon-Greedy (eps=0.1)","Ad_C","Mobile","Morning",0,0.12,132,0,10.56
5250,1250,"Epsilon-Greedy (eps=0.1)","Ad_C","Tablet","Afternoon",0,0.12,132,0,10.56
5251,1251,"Epsilon-Greedy (eps=0.1)","Ad_C","Desktop","Afternoon",1,0.12,133,0,10.56
5252,1252,"Epsilon-Greedy (eps=0.1)","Ad_C","Tablet","Evening",0,0.12,133,0,10.56
5253,1253,"Epsilon-Greedy (eps=0.1)","Ad_C","Tablet","Evening",0,0.12,133,0,10.56
5254,1254,"Epsilon-Greedy (eps=0.1)","Ad_C","Tablet","Afternoon",0,0.12,133,0,10.56
5255,1255,"Epsilon-Greedy (eps=0.1)","Ad_C","Mobile","Morning",0,0.12,133,0,10.56
5256,1256,"Epsilon-Greedy (eps=0.1)","Ad_C","Tablet","Evening",0,0.12,133,0,10.56
5257,1257,"Epsilon-Greedy (eps=0.1)","Ad_C","Desktop","Afternoon",0,0.12,133,0,10.56
5258,1258,"Epsilon-Greedy (eps=0.1)","Ad_C","Tablet","Afternoon",1,0.12,134,0,10.56
5259,1259,"Epsilon-Greedy (eps=0.1)","Ad_C","Mobile","Afternoon",0,0.12,134,0,10.56
5260,1260,"Epsilon-Greedy (eps=0.1)","Ad_C","Tablet","Morning",0,0.12,134,0,10.56
5261,1261,"Epsilon-Greedy (eps=0.1)","Ad_C","Desktop","Morning",0,0.12,134,0,10.56
5262,1262,"Epsilon-Greedy (eps=0.1)","Ad_C","Desktop","Morning",0,0.12,134,0,10.56
5263,1263,"Epsilon-Greedy (eps=0.1)","Ad_C","Desktop","Afternoon",0,0.12,134,0,10.56
5264,1264,"Epsilon-Greedy (eps=0.1)","Ad_B","Desktop","Morning",0,0.08,134,0.04,10.5999999999999
5265,1265,"Epsilon-Greedy (eps=0.1)","Ad_C","Tablet","Afternoon",0,0.12,134,0,10.5999999999999
5266,1266,"Epsilon-Greedy (eps=0.1)","Ad_C","Desktop","Morning",0,0.12,134,0,10.5999999999999
5267,1267,"Epsilon-Greedy (eps=0.1)","Ad_C","Desktop","Evening",0,0.12,134,0,10.5999999999999
5268,1268,"Epsilon-Greedy (eps=0.1)","Ad_C","Tablet","Afternoon",0,0.12,134,0,10.5999999999999
5269,1269,"Epsilon-Greedy (eps=0.1)","Ad_C","Desktop","Evening",0,0.12,134,0,10.5999999999999
5270,1270,"Epsilon-Greedy (eps=0.1)","Ad_C","Desktop","Morning",0,0.12,134,0,10.5999999999999
5271,1271,"Epsilon-Greedy (eps=0.1)","Ad_C","Mobile","Evening",0,0.12,134,0,10.5999999999999
5272,1272,"Epsilon-Greedy (eps=0.1)","Ad_C","Mobile","Afternoon",0,0.12,134,0,10.5999999999999
5273,1273,"Epsilon-Greedy (eps=0.1)","Ad_C","Tablet","Morning",0,0.12,134,0,10.5999999999999
5274,1274,"Epsilon-Greedy (eps=0.1)","Ad_C","Mobile","Afternoon",0,0.12,134,0,10.5999999999999
5275,1275,"Epsilon-Greedy (eps=0.1)","Ad_D","Tablet","Afternoon",0,0.1,134,0.02,10.6199999999999
5276,1276,"Epsilon-Greedy (eps=0.1)","Ad_C","Mobile","Evening",0,0.12,134,0,10.6199999999999
5277,1277,"Epsilon-Greedy (eps=0.1)","Ad_C","Mobile","Morning",0,0.12,134,0,10.6199999999999
5278,1278,"Epsilon-Greedy (eps=0.1)","Ad_A","Tablet","Evening",0,0.05,134,0.07,10.6899999999999
5279,1279,"Epsilon-Greedy (eps=0.1)","Ad_D","Tablet","Afternoon",1,0.1,135,0.02,10.7099999999999
5280,1280,"Epsilon-Greedy (eps=0.1)","Ad_D","Desktop","Morning",0,0.1,135,0.02,10.7299999999999
5281,1281,"Epsilon-Greedy (eps=0.1)","Ad_D","Desktop","Evening",0,0.1,135,0.02,10.7499999999999
5282,1282,"Epsilon-Greedy (eps=0.1)","Ad_D","Desktop","Afternoon",0,0.1,135,0.02,10.7699999999999
5283,1283,"Epsilon-Greedy (eps=0.1)","Ad_D","Desktop","Morning",1,0.1,136,0.02,10.7899999999999
5284,1284,"Epsilon-Greedy (eps=0.1)","Ad_D","Desktop","Afternoon",0,0.1,136,0.02,10.8099999999999
5285,1285,"Epsilon-Greedy (eps=0.1)","Ad_D","Desktop","Afternoon",0,0.1,136,0.02,10.8299999999999
5286,1286,"Epsilon-Greedy (eps=0.1)","Ad_D","Tablet","Morning",0,0.1,136,0.02,10.8499999999999
5287,1287,"Epsilon-Greedy (eps=0.1)","Ad_D","Tablet","Morning",0,0.1,136,0.02,10.8699999999999
5288,1288,"Epsilon-Greedy (eps=0.1)","Ad_D","Mobile","Morning",0,0.1,136,0.02,10.8899999999999
5289,1289,"Epsilon-Greedy (eps=0.1)","Ad_D","Tablet","Morning",0,0.1,136,0.02,10.9099999999999
5290,1290,"Epsilon-Greedy (eps=0.1)","Ad_D","Mobile","Afternoon",0,0.1,136,0.02,10.9299999999999
5291,1291,"Epsilon-Greedy (eps=0.1)","Ad_D","Desktop","Evening",0,0.1,136,0.02,10.9499999999999
5292,1292,"Epsilon-Greedy (eps=0.1)","Ad_D","Tablet","Morning",0,0.1,136,0.02,10.9699999999999
5293,1293,"Epsilon-Greedy (eps=0.1)","Ad_D","Mobile","Evening",0,0.1,136,0.02,10.9899999999999
5294,1294,"Epsilon-Greedy (eps=0.1)","Ad_D","Mobile","Afternoon",0,0.1,136,0.02,11.0099999999999
5295,1295,"Epsilon-Greedy (eps=0.1)","Ad_D","Mobile","Morning",0,0.1,136,0.02,11.0299999999999
5296,1296,"Epsilon-Greedy (eps=0.1)","Ad_D","Tablet","Morning",0,0.1,136,0.02,11.0499999999999
5297,1297,"Epsilon-Greedy (eps=0.1)","Ad_C","Mobile","Morning",0,0.12,136,0,11.0499999999999
5298,1298,"Epsilon-Greedy (eps=0.1)","Ad_C","Mobile","Afternoon",0,0.12,136,0,11.0499999999999
5299,1299,"Epsilon-Greedy (eps=0.1)","Ad_C","Tablet","Morning",0,0.12,136,0,11.0499999999999
5300,1300,"Epsilon-Greedy (eps=0.1)","Ad_D","Desktop","Evening",1,0.1,137,0.02,11.0699999999999
5301,1301,"Epsilon-Greedy (eps=0.1)","Ad_D","Mobile","Afternoon",1,0.1,138,0.02,11.0899999999999
5302,1302,"Epsilon-Greedy (eps=0.1)","Ad_D","Mobile","Evening",0,0.1,138,0.02,11.1099999999999
5303,1303,"Epsilon-Greedy (eps=0.1)","Ad_D","Tablet","Morning",0,0.1,138,0.02,11.1299999999999
5304,1304,"Epsilon-Greedy (eps=0.1)","Ad_D","Tablet","Morning",0,0.1,138,0.02,11.1499999999999
5305,1305,"Epsilon-Greedy (eps=0.1)","Ad_D","Mobile","Afternoon",0,0.1,138,0.02,11.1699999999999
5306,1306,"Epsilon-Greedy (eps=0.1)","Ad_D","Tablet","Morning",0,0.1,138,0.02,11.1899999999999
5307,1307,"Epsilon-Greedy (eps=0.1)","Ad_D","Tablet","Evening",0,0.1,138,0.02,11.2099999999999
5308,1308,"Epsilon-Greedy (eps=0.1)","Ad_D","Desktop","Morning",1,0.1,139,0.02,11.2299999999999
5309,1309,"Epsilon-Greedy (eps=0.1)","Ad_D","Mobile","Evening",0,0.1,139,0.02,11.2499999999999
5310,1310,"Epsilon-Greedy (eps=0.1)","Ad_D","Tablet","Afternoon",0,0.1,139,0.02,11.2699999999999
5311,1311,"Epsilon-Greedy (eps=0.1)","Ad_C","Tablet","Evening",0,0.12,139,0,11.2699999999999
5312,1312,"Epsilon-Greedy (eps=0.1)","Ad_D","Desktop","Morning",0,0.1,139,0.02,11.2899999999999
5313,1313,"Epsilon-Greedy (eps=0.1)","Ad_D","Mobile","Morning",0,0.1,139,0.02,11.3099999999999
5314,1314,"Epsilon-Greedy (eps=0.1)","Ad_D","Tablet","Afternoon",0,0.1,139,0.02,11.3299999999999
5315,1315,"Epsilon-Greedy (eps=0.1)","Ad_D","Desktop","Morning",0,0.1,139,0.02,11.3499999999999
5316,1316,"Epsilon-Greedy (eps=0.1)","Ad_D","Desktop","Evening",0,0.1,139,0.02,11.3699999999999
5317,1317,"Epsilon-Greedy (eps=0.1)","Ad_D","Mobile","Morning",0,0.1,139,0.02,11.3899999999999
5318,1318,"Epsilon-Greedy (eps=0.1)","Ad_D","Desktop","Morning",0,0.1,139,0.02,11.4099999999999
5319,1319,"Epsilon-Greedy (eps=0.1)","Ad_D","Mobile","Morning",0,0.1,139,0.02,11.4299999999999
5320,1320,"Epsilon-Greedy (eps=0.1)","Ad_D","Mobile","Afternoon",0,0.1,139,0.02,11.4499999999999
5321,1321,"Epsilon-Greedy (eps=0.1)","Ad_D","Tablet","Evening",0,0.1,139,0.02,11.4699999999999
5322,1322,"Epsilon-Greedy (eps=0.1)","Ad_D","Tablet","Afternoon",1,0.1,140,0.02,11.4899999999999
5323,1323,"Epsilon-Greedy (eps=0.1)","Ad_D","Mobile","Afternoon",1,0.1,141,0.02,11.5099999999999
5324,1324,"Epsilon-Greedy (eps=0.1)","Ad_D","Mobile","Evening",1,0.1,142,0.02,11.5299999999999
5325,1325,"Epsilon-Greedy (eps=0.1)","Ad_D","Mobile","Morning",0,0.1,142,0.02,11.5499999999999
5326,1326,"Epsilon-Greedy (eps=0.1)","Ad_D","Mobile","Afternoon",0,0.1,142,0.02,11.5699999999999
5327,1327,"Epsilon-Greedy (eps=0.1)","Ad_D","Mobile","Evening",0,0.1,142,0.02,11.5899999999999
5328,1328,"Epsilon-Greedy (eps=0.1)","Ad_D","Mobile","Afternoon",0,0.1,142,0.02,11.6099999999999
5329,1329,"Epsilon-Greedy (eps=0.1)","Ad_C","Tablet","Evening",0,0.12,142,0,11.6099999999999
5330,1330,"Epsilon-Greedy (eps=0.1)","Ad_D","Tablet","Afternoon",0,0.1,142,0.02,11.6299999999999
5331,1331,"Epsilon-Greedy (eps=0.1)","Ad_D","Desktop","Evening",1,0.1,143,0.02,11.6499999999999
5332,1332,"Epsilon-Greedy (eps=0.1)","Ad_D","Desktop","Afternoon",0,0.1,143,0.02,11.6699999999999
5333,1333,"Epsilon-Greedy (eps=0.1)","Ad_D","Tablet","Afternoon",0,0.1,143,0.02,11.6899999999999
5334,1334,"Epsilon-Greedy (eps=0.1)","Ad_D","Mobile","Afternoon",0,0.1,143,0.02,11.7099999999999
5335,1335,"Epsilon-Greedy (eps=0.1)","Ad_D","Mobile","Morning",0,0.1,143,0.02,11.7299999999999
5336,1336,"Epsilon-Greedy (eps=0.1)","Ad_D","Desktop","Afternoon",0,0.1,143,0.02,11.7499999999999
5337,1337,"Epsilon-Greedy (eps=0.1)","Ad_D","Tablet","Morning",0,0.1,143,0.02,11.7699999999999
5338,1338,"Epsilon-Greedy (eps=0.1)","Ad_D","Tablet","Morning",0,0.1,143,0.02,11.7899999999999
5339,1339,"Epsilon-Greedy (eps=0.1)","Ad_A","Tablet","Morning",0,0.05,143,0.07,11.8599999999999
5340,1340,"Epsilon-Greedy (eps=0.1)","Ad_A","Desktop","Afternoon",0,0.05,143,0.07,11.9299999999999
5341,1341,"Epsilon-Greedy (eps=0.1)","Ad_D","Desktop","Evening",0,0.1,143,0.02,11.9499999999999
5342,1342,"Epsilon-Greedy (eps=0.1)","Ad_D","Mobile","Afternoon",0,0.1,143,0.02,11.9699999999999
5343,1343,"Epsilon-Greedy (eps=0.1)","Ad_D","Mobile","Afternoon",0,0.1,143,0.02,11.9899999999999
5344,1344,"Epsilon-Greedy (eps=0.1)","Ad_A","Desktop","Afternoon",0,0.05,143,0.07,12.0599999999999
5345,1345,"Epsilon-Greedy (eps=0.1)","Ad_D","Mobile","Afternoon",0,0.1,143,0.02,12.0799999999999
5346,1346,"Epsilon-Greedy (eps=0.1)","Ad_D","Mobile","Morning",0,0.1,143,0.02,12.0999999999999
5347,1347,"Epsilon-Greedy (eps=0.1)","Ad_D","Desktop","Afternoon",0,0.1,143,0.02,12.1199999999999
5348,1348,"Epsilon-Greedy (eps=0.1)","Ad_D","Desktop","Afternoon",0,0.1,143,0.02,12.1399999999999
5349,1349,"Epsilon-Greedy (eps=0.1)","Ad_D","Mobile","Evening",1,0.1,144,0.02,12.1599999999999
5350,1350,"Epsilon-Greedy (eps=0.1)","Ad_D","Desktop","Evening",0,0.1,144,0.02,12.1799999999999
5351,1351,"Epsilon-Greedy (eps=0.1)","Ad_D","Tablet","Evening",0,0.1,144,0.02,12.1999999999999
5352,1352,"Epsilon-Greedy (eps=0.1)","Ad_C","Mobile","Afternoon",0,0.12,144,0,12.1999999999999
5353,1353,"Epsilon-Greedy (eps=0.1)","Ad_D","Tablet","Afternoon",0,0.1,144,0.02,12.2199999999999
5354,1354,"Epsilon-Greedy (eps=0.1)","Ad_D","Mobile","Morning",0,0.1,144,0.02,12.2399999999999
5355,1355,"Epsilon-Greedy (eps=0.1)","Ad_D","Mobile","Afternoon",0,0.1,144,0.02,12.2599999999999
5356,1356,"Epsilon-Greedy (eps=0.1)","Ad_D","Desktop","Morning",0,0.1,144,0.02,12.2799999999999
5357,1357,"Epsilon-Greedy (eps=0.1)","Ad_D","Tablet","Afternoon",1,0.1,145,0.02,12.2999999999999
5358,1358,"Epsilon-Greedy (eps=0.1)","Ad_D","Tablet","Evening",0,0.1,145,0.02,12.3199999999999
5359,1359,"Epsilon-Greedy (eps=0.1)","Ad_D","Desktop","Afternoon",0,0.1,145,0.02,12.3399999999999
5360,1360,"Epsilon-Greedy (eps=0.1)","Ad_D","Mobile","Morning",0,0.1,145,0.02,12.3599999999999
5361,1361,"Epsilon-Greedy (eps=0.1)","Ad_D","Desktop","Afternoon",0,0.1,145,0.02,12.3799999999999
5362,1362,"Epsilon-Greedy (eps=0.1)","Ad_D","Mobile","Afternoon",0,0.1,145,0.02,12.3999999999999
5363,1363,"Epsilon-Greedy (eps=0.1)","Ad_D","Desktop","Evening",0,0.1,145,0.02,12.4199999999999
5364,1364,"Epsilon-Greedy (eps=0.1)","Ad_D","Mobile","Afternoon",0,0.1,145,0.02,12.4399999999999
5365,1365,"Epsilon-Greedy (eps=0.1)","Ad_D","Tablet","Afternoon",0,0.1,145,0.02,12.4599999999999
5366,1366,"Epsilon-Greedy (eps=0.1)","Ad_D","Desktop","Morning",0,0.1,145,0.02,12.4799999999999
5367,1367,"Epsilon-Greedy (eps=0.1)","Ad_D","Desktop","Afternoon",0,0.1,145,0.02,12.4999999999999
5368,1368,"Epsilon-Greedy (eps=0.1)","Ad_D","Desktop","Afternoon",0,0.1,145,0.02,12.5199999999999
5369,1369,"Epsilon-Greedy (eps=0.1)","Ad_D","Desktop","Evening",0,0.1,145,0.02,12.5399999999999
5370,1370,"Epsilon-Greedy (eps=0.1)","Ad_D","Mobile","Afternoon",0,0.1,145,0.02,12.5599999999999
5371,1371,"Epsilon-Greedy (eps=0.1)","Ad_D","Mobile","Afternoon",0,0.1,145,0.02,12.5799999999999
5372,1372,"Epsilon-Greedy (eps=0.1)","Ad_D","Tablet","Afternoon",0,0.1,145,0.02,12.5999999999999
5373,1373,"Epsilon-Greedy (eps=0.1)","Ad_D","Desktop","Afternoon",0,0.1,145,0.02,12.6199999999999
5374,1374,"Epsilon-Greedy (eps=0.1)","Ad_D","Desktop","Morning",0,0.1,145,0.02,12.6399999999999
5375,1375,"Epsilon-Greedy (eps=0.1)","Ad_D","Mobile","Morning",0,0.1,145,0.02,12.6599999999999
5376,1376,"Epsilon-Greedy (eps=0.1)","Ad_D","Desktop","Morning",0,0.1,145,0.02,12.6799999999999
5377,1377,"Epsilon-Greedy (eps=0.1)","Ad_D","Desktop","Afternoon",0,0.1,145,0.02,12.6999999999999
5378,1378,"Epsilon-Greedy (eps=0.1)","Ad_D","Mobile","Morning",0,0.1,145,0.02,12.7199999999999
5379,1379,"Epsilon-Greedy (eps=0.1)","Ad_D","Tablet","Morning",0,0.1,145,0.02,12.7399999999999
5380,1380,"Epsilon-Greedy (eps=0.1)","Ad_D","Desktop","Morning",0,0.1,145,0.02,12.7599999999999
5381,1381,"Epsilon-Greedy (eps=0.1)","Ad_D","Desktop","Evening",0,0.1,145,0.02,12.7799999999999
5382,1382,"Epsilon-Greedy (eps=0.1)","Ad_D","Tablet","Morning",0,0.1,145,0.02,12.7999999999999
5383,1383,"Epsilon-Greedy (eps=0.1)","Ad_D","Desktop","Evening",0,0.1,145,0.02,12.8199999999999
5384,1384,"Epsilon-Greedy (eps=0.1)","Ad_D","Tablet","Afternoon",0,0.1,145,0.02,12.8399999999999
5385,1385,"Epsilon-Greedy (eps=0.1)","Ad_D","Desktop","Morning",0,0.1,145,0.02,12.8599999999999
5386,1386,"Epsilon-Greedy (eps=0.1)","Ad_D","Mobile","Evening",0,0.1,145,0.02,12.8799999999999
5387,1387,"Epsilon-Greedy (eps=0.1)","Ad_D","Desktop","Evening",1,0.1,146,0.02,12.8999999999999
5388,1388,"Epsilon-Greedy (eps=0.1)","Ad_D","Mobile","Morning",0,0.1,146,0.02,12.9199999999999
5389,1389,"Epsilon-Greedy (eps=0.1)","Ad_A","Tablet","Morning",0,0.05,146,0.07,12.9899999999999
5390,1390,"Epsilon-Greedy (eps=0.1)","Ad_D","Mobile","Afternoon",1,0.1,147,0.02,13.0099999999999
5391,1391,"Epsilon-Greedy (eps=0.1)","Ad_D","Tablet","Afternoon",0,0.1,147,0.02,13.0299999999999
5392,1392,"Epsilon-Greedy (eps=0.1)","Ad_D","Tablet","Morning",0,0.1,147,0.02,13.0499999999999
5393,1393,"Epsilon-Greedy (eps=0.1)","Ad_D","Desktop","Morning",0,0.1,147,0.02,13.0699999999999
5394,1394,"Epsilon-Greedy (eps=0.1)","Ad_D","Mobile","Afternoon",0,0.1,147,0.02,13.0899999999999
5395,1395,"Epsilon-Greedy (eps=0.1)","Ad_D","Tablet","Morning",0,0.1,147,0.02,13.1099999999999
5396,1396,"Epsilon-Greedy (eps=0.1)","Ad_D","Tablet","Morning",0,0.1,147,0.02,13.1299999999999
5397,1397,"Epsilon-Greedy (eps=0.1)","Ad_D","Mobile","Afternoon",0,0.1,147,0.02,13.1499999999999
5398,1398,"Epsilon-Greedy (eps=0.1)","Ad_D","Mobile","Evening",0,0.1,147,0.02,13.1699999999999
5399,1399,"Epsilon-Greedy (eps=0.1)","Ad_D","Mobile","Afternoon",0,0.1,147,0.02,13.1899999999999
5400,1400,"Epsilon-Greedy (eps=0.1)","Ad_D","Tablet","Afternoon",0,0.1,147,0.02,13.2099999999999
5401,1401,"Epsilon-Greedy (eps=0.1)","Ad_D","Mobile","Morning",0,0.1,147,0.02,13.2299999999999
5402,1402,"Epsilon-Greedy (eps=0.1)","Ad_D","Desktop","Morning",0,0.1,147,0.02,13.2499999999999
5403,1403,"Epsilon-Greedy (eps=0.1)","Ad_D","Tablet","Afternoon",0,0.1,147,0.02,13.2699999999999
5404,1404,"Epsilon-Greedy (eps=0.1)","Ad_D","Desktop","Afternoon",1,0.1,148,0.02,13.2899999999999
5405,1405,"Epsilon-Greedy (eps=0.1)","Ad_D","Tablet","Morning",0,0.1,148,0.02,13.3099999999999
5406,1406,"Epsilon-Greedy (eps=0.1)","Ad_D","Tablet","Morning",0,0.1,148,0.02,13.3299999999999
5407,1407,"Epsilon-Greedy (eps=0.1)","Ad_D","Mobile","Morning",0,0.1,148,0.02,13.3499999999999
5408,1408,"Epsilon-Greedy (eps=0.1)","Ad_D","Tablet","Morning",0,0.1,148,0.02,13.3699999999999
5409,1409,"Epsilon-Greedy (eps=0.1)","Ad_D","Tablet","Afternoon",0,0.1,148,0.02,13.3899999999999
5410,1410,"Epsilon-Greedy (eps=0.1)","Ad_C","Tablet","Evening",0,0.12,148,0,13.3899999999999
5411,1411,"Epsilon-Greedy (eps=0.1)","Ad_D","Tablet","Morning",0,0.1,148,0.02,13.4099999999999
5412,1412,"Epsilon-Greedy (eps=0.1)","Ad_D","Desktop","Evening",0,0.1,148,0.02,13.4299999999999
5413,1413,"Epsilon-Greedy (eps=0.1)","Ad_D","Mobile","Morning",0,0.1,148,0.02,13.4499999999999
5414,1414,"Epsilon-Greedy (eps=0.1)","Ad_D","Mobile","Evening",0,0.1,148,0.02,13.4699999999999
5415,1415,"Epsilon-Greedy (eps=0.1)","Ad_D","Desktop","Morning",0,0.1,148,0.02,13.4899999999999
5416,1416,"Epsilon-Greedy (eps=0.1)","Ad_D","Tablet","Morning",0,0.1,148,0.02,13.5099999999999
5417,1417,"Epsilon-Greedy (eps=0.1)","Ad_D","Desktop","Afternoon",0,0.1,148,0.02,13.5299999999999
5418,1418,"Epsilon-Greedy (eps=0.1)","Ad_C","Desktop","Evening",0,0.12,148,0,13.5299999999999
5419,1419,"Epsilon-Greedy (eps=0.1)","Ad_D","Tablet","Evening",0,0.1,148,0.02,13.5499999999999
5420,1420,"Epsilon-Greedy (eps=0.1)","Ad_C","Tablet","Afternoon",0,0.12,148,0,13.5499999999999
5421,1421,"Epsilon-Greedy (eps=0.1)","Ad_C","Mobile","Evening",0,0.12,148,0,13.5499999999999
5422,1422,"Epsilon-Greedy (eps=0.1)","Ad_C","Desktop","Afternoon",0,0.12,148,0,13.5499999999999
5423,1423,"Epsilon-Greedy (eps=0.1)","Ad_A","Tablet","Morning",0,0.05,148,0.07,13.6199999999999
5424,1424,"Epsilon-Greedy (eps=0.1)","Ad_D","Tablet","Afternoon",0,0.1,148,0.02,13.6399999999999
5425,1425,"Epsilon-Greedy (eps=0.1)","Ad_C","Mobile","Evening",0,0.12,148,0,13.6399999999999
5426,1426,"Epsilon-Greedy (eps=0.1)","Ad_C","Mobile","Morning",0,0.12,148,0,13.6399999999999
5427,1427,"Epsilon-Greedy (eps=0.1)","Ad_C","Tablet","Morning",0,0.12,148,0,13.6399999999999
5428,1428,"Epsilon-Greedy (eps=0.1)","Ad_C","Desktop","Evening",0,0.12,148,0,13.6399999999999
5429,1429,"Epsilon-Greedy (eps=0.1)","Ad_D","Mobile","Afternoon",0,0.1,148,0.02,13.6599999999999
5430,1430,"Epsilon-Greedy (eps=0.1)","Ad_C","Tablet","Evening",0,0.12,148,0,13.6599999999999
5431,1431,"Epsilon-Greedy (eps=0.1)","Ad_C","Desktop","Evening",0,0.12,148,0,13.6599999999999
5432,1432,"Epsilon-Greedy (eps=0.1)","Ad_C","Mobile","Morning",0,0.12,148,0,13.6599999999999
5433,1433,"Epsilon-Greedy (eps=0.1)","Ad_D","Desktop","Morning",0,0.1,148,0.02,13.6799999999999
5434,1434,"Epsilon-Greedy (eps=0.1)","Ad_C","Mobile","Morning",0,0.12,148,0,13.6799999999999
5435,1435,"Epsilon-Greedy (eps=0.1)","Ad_C","Mobile","Afternoon",1,0.12,149,0,13.6799999999999
5436,1436,"Epsilon-Greedy (eps=0.1)","Ad_C","Mobile","Evening",0,0.12,149,0,13.6799999999999
5437,1437,"Epsilon-Greedy (eps=0.1)","Ad_C","Desktop","Evening",0,0.12,149,0,13.6799999999999
5438,1438,"Epsilon-Greedy (eps=0.1)","Ad_C","Desktop","Evening",0,0.12,149,0,13.6799999999999
5439,1439,"Epsilon-Greedy (eps=0.1)","Ad_C","Mobile","Afternoon",0,0.12,149,0,13.6799999999999
5440,1440,"Epsilon-Greedy (eps=0.1)","Ad_C","Desktop","Evening",0,0.12,149,0,13.6799999999999
5441,1441,"Epsilon-Greedy (eps=0.1)","Ad_C","Desktop","Afternoon",1,0.12,150,0,13.6799999999999
5442,1442,"Epsilon-Greedy (eps=0.1)","Ad_C","Desktop","Evening",0,0.12,150,0,13.6799999999999
5443,1443,"Epsilon-Greedy (eps=0.1)","Ad_C","Desktop","Evening",0,0.12,150,0,13.6799999999999
5444,1444,"Epsilon-Greedy (eps=0.1)","Ad_C","Mobile","Evening",0,0.12,150,0,13.6799999999999
5445,1445,"Epsilon-Greedy (eps=0.1)","Ad_D","Mobile","Morning",0,0.1,150,0.02,13.6999999999999
5446,1446,"Epsilon-Greedy (eps=0.1)","Ad_C","Tablet","Evening",0,0.12,150,0,13.6999999999999
5447,1447,"Epsilon-Greedy (eps=0.1)","Ad_C","Desktop","Afternoon",0,0.12,150,0,13.6999999999999
5448,1448,"Epsilon-Greedy (eps=0.1)","Ad_C","Desktop","Morning",0,0.12,150,0,13.6999999999999
5449,1449,"Epsilon-Greedy (eps=0.1)","Ad_C","Tablet","Afternoon",0,0.12,150,0,13.6999999999999
5450,1450,"Epsilon-Greedy (eps=0.1)","Ad_C","Mobile","Afternoon",0,0.12,150,0,13.6999999999999
5451,1451,"Epsilon-Greedy (eps=0.1)","Ad_C","Mobile","Morning",0,0.12,150,0,13.6999999999999
5452,1452,"Epsilon-Greedy (eps=0.1)","Ad_C","Tablet","Morning",0,0.12,150,0,13.6999999999999
5453,1453,"Epsilon-Greedy (eps=0.1)","Ad_C","Mobile","Morning",0,0.12,150,0,13.6999999999999
5454,1454,"Epsilon-Greedy (eps=0.1)","Ad_C","Mobile","Evening",0,0.12,150,0,13.6999999999999
5455,1455,"Epsilon-Greedy (eps=0.1)","Ad_C","Mobile","Morning",0,0.12,150,0,13.6999999999999
5456,1456,"Epsilon-Greedy (eps=0.1)","Ad_B","Desktop","Evening",0,0.08,150,0.04,13.7399999999999
5457,1457,"Epsilon-Greedy (eps=0.1)","Ad_C","Mobile","Morning",0,0.12,150,0,13.7399999999999
5458,1458,"Epsilon-Greedy (eps=0.1)","Ad_C","Mobile","Morning",0,0.12,150,0,13.7399999999999
5459,1459,"Epsilon-Greedy (eps=0.1)","Ad_C","Tablet","Morning",0,0.12,150,0,13.7399999999999
5460,1460,"Epsilon-Greedy (eps=0.1)","Ad_C","Desktop","Evening",0,0.12,150,0,13.7399999999999
5461,1461,"Epsilon-Greedy (eps=0.1)","Ad_D","Tablet","Morning",0,0.1,150,0.02,13.7599999999999
5462,1462,"Epsilon-Greedy (eps=0.1)","Ad_C","Tablet","Evening",0,0.12,150,0,13.7599999999999
5463,1463,"Epsilon-Greedy (eps=0.1)","Ad_C","Tablet","Afternoon",0,0.12,150,0,13.7599999999999
5464,1464,"Epsilon-Greedy (eps=0.1)","Ad_C","Mobile","Afternoon",0,0.12,150,0,13.7599999999999
5465,1465,"Epsilon-Greedy (eps=0.1)","Ad_C","Mobile","Morning",0,0.12,150,0,13.7599999999999
5466,1466,"Epsilon-Greedy (eps=0.1)","Ad_D","Tablet","Evening",0,0.1,150,0.02,13.7799999999999
5467,1467,"Epsilon-Greedy (eps=0.1)","Ad_C","Desktop","Evening",1,0.12,151,0,13.7799999999999
5468,1468,"Epsilon-Greedy (eps=0.1)","Ad_C","Desktop","Morning",0,0.12,151,0,13.7799999999999
5469,1469,"Epsilon-Greedy (eps=0.1)","Ad_C","Mobile","Afternoon",1,0.12,152,0,13.7799999999999
5470,1470,"Epsilon-Greedy (eps=0.1)","Ad_C","Desktop","Afternoon",0,0.12,152,0,13.7799999999999
5471,1471,"Epsilon-Greedy (eps=0.1)","Ad_C","Mobile","Afternoon",0,0.12,152,0,13.7799999999999
5472,1472,"Epsilon-Greedy (eps=0.1)","Ad_C","Desktop","Afternoon",0,0.12,152,0,13.7799999999999
5473,1473,"Epsilon-Greedy (eps=0.1)","Ad_C","Desktop","Morning",0,0.12,152,0,13.7799999999999
5474,1474,"Epsilon-Greedy (eps=0.1)","Ad_C","Tablet","Afternoon",0,0.12,152,0,13.7799999999999
5475,1475,"Epsilon-Greedy (eps=0.1)","Ad_C","Mobile","Evening",0,0.12,152,0,13.7799999999999
5476,1476,"Epsilon-Greedy (eps=0.1)","Ad_C","Desktop","Morning",0,0.12,152,0,13.7799999999999
5477,1477,"Epsilon-Greedy (eps=0.1)","Ad_C","Mobile","Afternoon",0,0.12,152,0,13.7799999999999
5478,1478,"Epsilon-Greedy (eps=0.1)","Ad_C","Tablet","Afternoon",0,0.12,152,0,13.7799999999999
5479,1479,"Epsilon-Greedy (eps=0.1)","Ad_C","Desktop","Morning",1,0.12,153,0,13.7799999999999
5480,1480,"Epsilon-Greedy (eps=0.1)","Ad_C","Mobile","Evening",1,0.12,154,0,13.7799999999999
5481,1481,"Epsilon-Greedy (eps=0.1)","Ad_C","Desktop","Morning",0,0.12,154,0,13.7799999999999
5482,1482,"Epsilon-Greedy (eps=0.1)","Ad_D","Tablet","Evening",0,0.1,154,0.02,13.7999999999999
5483,1483,"Epsilon-Greedy (eps=0.1)","Ad_C","Mobile","Morning",0,0.12,154,0,13.7999999999999
5484,1484,"Epsilon-Greedy (eps=0.1)","Ad_C","Tablet","Evening",0,0.12,154,0,13.7999999999999
5485,1485,"Epsilon-Greedy (eps=0.1)","Ad_C","Desktop","Afternoon",0,0.12,154,0,13.7999999999999
5486,1486,"Epsilon-Greedy (eps=0.1)","Ad_C","Desktop","Evening",0,0.12,154,0,13.7999999999999
5487,1487,"Epsilon-Greedy (eps=0.1)","Ad_C","Desktop","Afternoon",0,0.12,154,0,13.7999999999999
5488,1488,"Epsilon-Greedy (eps=0.1)","Ad_C","Mobile","Evening",0,0.12,154,0,13.7999999999999
5489,1489,"Epsilon-Greedy (eps=0.1)","Ad_A","Mobile","Morning",0,0.05,154,0.07,13.8699999999999
5490,1490,"Epsilon-Greedy (eps=0.1)","Ad_C","Tablet","Afternoon",0,0.12,154,0,13.8699999999999
5491,1491,"Epsilon-Greedy (eps=0.1)","Ad_C","Desktop","Afternoon",0,0.12,154,0,13.8699999999999
5492,1492,"Epsilon-Greedy (eps=0.1)","Ad_C","Tablet","Evening",0,0.12,154,0,13.8699999999999
5493,1493,"Epsilon-Greedy (eps=0.1)","Ad_C","Desktop","Evening",0,0.12,154,0,13.8699999999999
5494,1494,"Epsilon-Greedy (eps=0.1)","Ad_C","Tablet","Evening",0,0.12,154,0,13.8699999999999
5495,1495,"Epsilon-Greedy (eps=0.1)","Ad_C","Desktop","Morning",0,0.12,154,0,13.8699999999999
5496,1496,"Epsilon-Greedy (eps=0.1)","Ad_C","Desktop","Morning",1,0.12,155,0,13.8699999999999
5497,1497,"Epsilon-Greedy (eps=0.1)","Ad_C","Tablet","Evening",0,0.12,155,0,13.8699999999999
5498,1498,"Epsilon-Greedy (eps=0.1)","Ad_C","Desktop","Afternoon",0,0.12,155,0,13.8699999999999
5499,1499,"Epsilon-Greedy (eps=0.1)","Ad_C","Mobile","Afternoon",0,0.12,155,0,13.8699999999999
5500,1500,"Epsilon-Greedy (eps=0.1)","Ad_C","Mobile","Morning",0,0.12,155,0,13.8699999999999
5501,1501,"Epsilon-Greedy (eps=0.1)","Ad_C","Tablet","Evening",0,0.12,155,0,13.8699999999999
5502,1502,"Epsilon-Greedy (eps=0.1)","Ad_C","Desktop","Afternoon",0,0.12,155,0,13.8699999999999
5503,1503,"Epsilon-Greedy (eps=0.1)","Ad_C","Mobile","Morning",0,0.12,155,0,13.8699999999999
5504,1504,"Epsilon-Greedy (eps=0.1)","Ad_C","Tablet","Evening",0,0.12,155,0,13.8699999999999
5505,1505,"Epsilon-Greedy (eps=0.1)","Ad_C","Desktop","Morning",0,0.12,155,0,13.8699999999999
5506,1506,"Epsilon-Greedy (eps=0.1)","Ad_C","Desktop","Morning",0,0.12,155,0,13.8699999999999
5507,1507,"Epsilon-Greedy (eps=0.1)","Ad_C","Tablet","Afternoon",0,0.12,155,0,13.8699999999999
5508,1508,"Epsilon-Greedy (eps=0.1)","Ad_C","Tablet","Afternoon",0,0.12,155,0,13.8699999999999
5509,1509,"Epsilon-Greedy (eps=0.1)","Ad_C","Mobile","Evening",0,0.12,155,0,13.8699999999999
5510,1510,"Epsilon-Greedy (eps=0.1)","Ad_C","Tablet","Morning",0,0.12,155,0,13.8699999999999
5511,1511,"Epsilon-Greedy (eps=0.1)","Ad_B","Mobile","Afternoon",0,0.08,155,0.04,13.9099999999999
5512,1512,"Epsilon-Greedy (eps=0.1)","Ad_C","Desktop","Morning",0,0.12,155,0,13.9099999999999
5513,1513,"Epsilon-Greedy (eps=0.1)","Ad_C","Mobile","Evening",0,0.12,155,0,13.9099999999999
5514,1514,"Epsilon-Greedy (eps=0.1)","Ad_C","Mobile","Evening",1,0.12,156,0,13.9099999999999
5515,1515,"Epsilon-Greedy (eps=0.1)","Ad_C","Mobile","Evening",0,0.12,156,0,13.9099999999999
5516,1516,"Epsilon-Greedy (eps=0.1)","Ad_C","Mobile","Evening",0,0.12,156,0,13.9099999999999
5517,1517,"Epsilon-Greedy (eps=0.1)","Ad_C","Mobile","Evening",0,0.12,156,0,13.9099999999999
5518,1518,"Epsilon-Greedy (eps=0.1)","Ad_C","Mobile","Afternoon",1,0.12,157,0,13.9099999999999
5519,1519,"Epsilon-Greedy (eps=0.1)","Ad_C","Mobile","Afternoon",1,0.12,158,0,13.9099999999999
5520,1520,"Epsilon-Greedy (eps=0.1)","Ad_C","Tablet","Morning",0,0.12,158,0,13.9099999999999
5521,1521,"Epsilon-Greedy (eps=0.1)","Ad_C","Tablet","Afternoon",0,0.12,158,0,13.9099999999999
5522,1522,"Epsilon-Greedy (eps=0.1)","Ad_C","Desktop","Morning",0,0.12,158,0,13.9099999999999
5523,1523,"Epsilon-Greedy (eps=0.1)","Ad_C","Tablet","Afternoon",0,0.12,158,0,13.9099999999999
5524,1524,"Epsilon-Greedy (eps=0.1)","Ad_C","Mobile","Afternoon",0,0.12,158,0,13.9099999999999
5525,1525,"Epsilon-Greedy (eps=0.1)","Ad_C","Mobile","Morning",0,0.12,158,0,13.9099999999999
5526,1526,"Epsilon-Greedy (eps=0.1)","Ad_C","Tablet","Evening",0,0.12,158,0,13.9099999999999
5527,1527,"Epsilon-Greedy (eps=0.1)","Ad_C","Mobile","Evening",0,0.12,158,0,13.9099999999999
5528,1528,"Epsilon-Greedy (eps=0.1)","Ad_C","Mobile","Afternoon",0,0.12,158,0,13.9099999999999
5529,1529,"Epsilon-Greedy (eps=0.1)","Ad_C","Desktop","Afternoon",0,0.12,158,0,13.9099999999999
5530,1530,"Epsilon-Greedy (eps=0.1)","Ad_C","Desktop","Afternoon",0,0.12,158,0,13.9099999999999
5531,1531,"Epsilon-Greedy (eps=0.1)","Ad_C","Desktop","Morning",0,0.12,158,0,13.9099999999999
5532,1532,"Epsilon-Greedy (eps=0.1)","Ad_C","Mobile","Morning",0,0.12,158,0,13.9099999999999
5533,1533,"Epsilon-Greedy (eps=0.1)","Ad_C","Tablet","Evening",0,0.12,158,0,13.9099999999999
5534,1534,"Epsilon-Greedy (eps=0.1)","Ad_C","Tablet","Evening",0,0.12,158,0,13.9099999999999
5535,1535,"Epsilon-Greedy (eps=0.1)","Ad_C","Desktop","Morning",0,0.12,158,0,13.9099999999999
5536,1536,"Epsilon-Greedy (eps=0.1)","Ad_C","Mobile","Morning",1,0.12,159,0,13.9099999999999
5537,1537,"Epsilon-Greedy (eps=0.1)","Ad_C","Mobile","Evening",0,0.12,159,0,13.9099999999999
5538,1538,"Epsilon-Greedy (eps=0.1)","Ad_C","Tablet","Afternoon",0,0.12,159,0,13.9099999999999
5539,1539,"Epsilon-Greedy (eps=0.1)","Ad_C","Tablet","Morning",1,0.12,160,0,13.9099999999999
5540,1540,"Epsilon-Greedy (eps=0.1)","Ad_C","Desktop","Morning",1,0.12,161,0,13.9099999999999
5541,1541,"Epsilon-Greedy (eps=0.1)","Ad_C","Tablet","Morning",0,0.12,161,0,13.9099999999999
5542,1542,"Epsilon-Greedy (eps=0.1)","Ad_C","Tablet","Evening",0,0.12,161,0,13.9099999999999
5543,1543,"Epsilon-Greedy (eps=0.1)","Ad_C","Desktop","Morning",0,0.12,161,0,13.9099999999999
5544,1544,"Epsilon-Greedy (eps=0.1)","Ad_C","Tablet","Afternoon",0,0.12,161,0,13.9099999999999
5545,1545,"Epsilon-Greedy (eps=0.1)","Ad_C","Desktop","Morning",0,0.12,161,0,13.9099999999999
5546,1546,"Epsilon-Greedy (eps=0.1)","Ad_A","Mobile","Morning",0,0.05,161,0.07,13.9799999999999
5547,1547,"Epsilon-Greedy (eps=0.1)","Ad_C","Desktop","Morning",0,0.12,161,0,13.9799999999999
5548,1548,"Epsilon-Greedy (eps=0.1)","Ad_C","Tablet","Afternoon",0,0.12,161,0,13.9799999999999
5549,1549,"Epsilon-Greedy (eps=0.1)","Ad_C","Tablet","Morning",0,0.12,161,0,13.9799999999999
5550,1550,"Epsilon-Greedy (eps=0.1)","Ad_C","Tablet","Evening",0,0.12,161,0,13.9799999999999
5551,1551,"Epsilon-Greedy (eps=0.1)","Ad_D","Desktop","Morning",0,0.1,161,0.02,13.9999999999999
5552,1552,"Epsilon-Greedy (eps=0.1)","Ad_C","Tablet","Evening",0,0.12,161,0,13.9999999999999
5553,1553,"Epsilon-Greedy (eps=0.1)","Ad_C","Mobile","Afternoon",0,0.12,161,0,13.9999999999999
5554,1554,"Epsilon-Greedy (eps=0.1)","Ad_C","Desktop","Evening",0,0.12,161,0,13.9999999999999
5555,1555,"Epsilon-Greedy (eps=0.1)","Ad_C","Tablet","Afternoon",0,0.12,161,0,13.9999999999999
5556,1556,"Epsilon-Greedy (eps=0.1)","Ad_C","Desktop","Evening",0,0.12,161,0,13.9999999999999
5557,1557,"Epsilon-Greedy (eps=0.1)","Ad_C","Tablet","Morning",0,0.12,161,0,13.9999999999999
5558,1558,"Epsilon-Greedy (eps=0.1)","Ad_C","Tablet","Afternoon",0,0.12,161,0,13.9999999999999
5559,1559,"Epsilon-Greedy (eps=0.1)","Ad_D","Mobile","Evening",0,0.1,161,0.02,14.0199999999999
5560,1560,"Epsilon-Greedy (eps=0.1)","Ad_C","Mobile","Morning",0,0.12,161,0,14.0199999999999
5561,1561,"Epsilon-Greedy (eps=0.1)","Ad_C","Mobile","Morning",0,0.12,161,0,14.0199999999999
5562,1562,"Epsilon-Greedy (eps=0.1)","Ad_C","Tablet","Morning",0,0.12,161,0,14.0199999999999
5563,1563,"Epsilon-Greedy (eps=0.1)","Ad_C","Desktop","Evening",0,0.12,161,0,14.0199999999999
5564,1564,"Epsilon-Greedy (eps=0.1)","Ad_C","Mobile","Evening",0,0.12,161,0,14.0199999999999
5565,1565,"Epsilon-Greedy (eps=0.1)","Ad_C","Mobile","Afternoon",0,0.12,161,0,14.0199999999999
5566,1566,"Epsilon-Greedy (eps=0.1)","Ad_C","Desktop","Evening",0,0.12,161,0,14.0199999999999
5567,1567,"Epsilon-Greedy (eps=0.1)","Ad_C","Desktop","Evening",0,0.12,161,0,14.0199999999999
5568,1568,"Epsilon-Greedy (eps=0.1)","Ad_C","Desktop","Afternoon",1,0.12,162,0,14.0199999999999
5569,1569,"Epsilon-Greedy (eps=0.1)","Ad_C","Tablet","Morning",0,0.12,162,0,14.0199999999999
5570,1570,"Epsilon-Greedy (eps=0.1)","Ad_C","Tablet","Morning",0,0.12,162,0,14.0199999999999
5571,1571,"Epsilon-Greedy (eps=0.1)","Ad_C","Mobile","Evening",0,0.12,162,0,14.0199999999999
5572,1572,"Epsilon-Greedy (eps=0.1)","Ad_C","Mobile","Afternoon",1,0.12,163,0,14.0199999999999
5573,1573,"Epsilon-Greedy (eps=0.1)","Ad_C","Tablet","Morning",0,0.12,163,0,14.0199999999999
5574,1574,"Epsilon-Greedy (eps=0.1)","Ad_C","Mobile","Morning",0,0.12,163,0,14.0199999999999
5575,1575,"Epsilon-Greedy (eps=0.1)","Ad_C","Desktop","Evening",0,0.12,163,0,14.0199999999999
5576,1576,"Epsilon-Greedy (eps=0.1)","Ad_C","Mobile","Morning",1,0.12,164,0,14.0199999999999
5577,1577,"Epsilon-Greedy (eps=0.1)","Ad_C","Desktop","Morning",0,0.12,164,0,14.0199999999999
5578,1578,"Epsilon-Greedy (eps=0.1)","Ad_C","Mobile","Morning",0,0.12,164,0,14.0199999999999
5579,1579,"Epsilon-Greedy (eps=0.1)","Ad_C","Tablet","Afternoon",0,0.12,164,0,14.0199999999999
5580,1580,"Epsilon-Greedy (eps=0.1)","Ad_C","Desktop","Evening",0,0.12,164,0,14.0199999999999
5581,1581,"Epsilon-Greedy (eps=0.1)","Ad_C","Mobile","Afternoon",0,0.12,164,0,14.0199999999999
5582,1582,"Epsilon-Greedy (eps=0.1)","Ad_C","Desktop","Evening",0,0.12,164,0,14.0199999999999
5583,1583,"Epsilon-Greedy (eps=0.1)","Ad_C","Mobile","Morning",0,0.12,164,0,14.0199999999999
5584,1584,"Epsilon-Greedy (eps=0.1)","Ad_C","Mobile","Morning",1,0.12,165,0,14.0199999999999
5585,1585,"Epsilon-Greedy (eps=0.1)","Ad_C","Desktop","Morning",0,0.12,165,0,14.0199999999999
5586,1586,"Epsilon-Greedy (eps=0.1)","Ad_C","Mobile","Evening",0,0.12,165,0,14.0199999999999
5587,1587,"Epsilon-Greedy (eps=0.1)","Ad_C","Tablet","Evening",0,0.12,165,0,14.0199999999999
5588,1588,"Epsilon-Greedy (eps=0.1)","Ad_C","Mobile","Evening",0,0.12,165,0,14.0199999999999
5589,1589,"Epsilon-Greedy (eps=0.1)","Ad_C","Desktop","Morning",1,0.12,166,0,14.0199999999999
5590,1590,"Epsilon-Greedy (eps=0.1)","Ad_C","Desktop","Morning",0,0.12,166,0,14.0199999999999
5591,1591,"Epsilon-Greedy (eps=0.1)","Ad_C","Tablet","Morning",0,0.12,166,0,14.0199999999999
5592,1592,"Epsilon-Greedy (eps=0.1)","Ad_C","Mobile","Morning",0,0.12,166,0,14.0199999999999
5593,1593,"Epsilon-Greedy (eps=0.1)","Ad_C","Desktop","Afternoon",0,0.12,166,0,14.0199999999999
5594,1594,"Epsilon-Greedy (eps=0.1)","Ad_C","Desktop","Morning",0,0.12,166,0,14.0199999999999
5595,1595,"Epsilon-Greedy (eps=0.1)","Ad_C","Mobile","Morning",0,0.12,166,0,14.0199999999999
5596,1596,"Epsilon-Greedy (eps=0.1)","Ad_C","Tablet","Evening",0,0.12,166,0,14.0199999999999
5597,1597,"Epsilon-Greedy (eps=0.1)","Ad_C","Mobile","Evening",0,0.12,166,0,14.0199999999999
5598,1598,"Epsilon-Greedy (eps=0.1)","Ad_C","Desktop","Evening",0,0.12,166,0,14.0199999999999
5599,1599,"Epsilon-Greedy (eps=0.1)","Ad_C","Tablet","Evening",0,0.12,166,0,14.0199999999999
5600,1600,"Epsilon-Greedy (eps=0.1)","Ad_C","Tablet","Morning",0,0.12,166,0,14.0199999999999
5601,1601,"Epsilon-Greedy (eps=0.1)","Ad_C","Tablet","Morning",0,0.12,166,0,14.0199999999999
5602,1602,"Epsilon-Greedy (eps=0.1)","Ad_C","Mobile","Evening",0,0.12,166,0,14.0199999999999
5603,1603,"Epsilon-Greedy (eps=0.1)","Ad_C","Desktop","Morning",0,0.12,166,0,14.0199999999999
5604,1604,"Epsilon-Greedy (eps=0.1)","Ad_C","Mobile","Morning",0,0.12,166,0,14.0199999999999
5605,1605,"Epsilon-Greedy (eps=0.1)","Ad_C","Tablet","Evening",0,0.12,166,0,14.0199999999999
5606,1606,"Epsilon-Greedy (eps=0.1)","Ad_C","Tablet","Afternoon",0,0.12,166,0,14.0199999999999
5607,1607,"Epsilon-Greedy (eps=0.1)","Ad_C","Mobile","Afternoon",0,0.12,166,0,14.0199999999999
5608,1608,"Epsilon-Greedy (eps=0.1)","Ad_C","Mobile","Morning",0,0.12,166,0,14.0199999999999
5609,1609,"Epsilon-Greedy (eps=0.1)","Ad_C","Desktop","Morning",0,0.12,166,0,14.0199999999999
5610,1610,"Epsilon-Greedy (eps=0.1)","Ad_C","Tablet","Evening",0,0.12,166,0,14.0199999999999
5611,1611,"Epsilon-Greedy (eps=0.1)","Ad_C","Mobile","Afternoon",0,0.12,166,0,14.0199999999999
5612,1612,"Epsilon-Greedy (eps=0.1)","Ad_C","Tablet","Afternoon",0,0.12,166,0,14.0199999999999
5613,1613,"Epsilon-Greedy (eps=0.1)","Ad_C","Mobile","Morning",0,0.12,166,0,14.0199999999999
5614,1614,"Epsilon-Greedy (eps=0.1)","Ad_C","Tablet","Afternoon",0,0.12,166,0,14.0199999999999
5615,1615,"Epsilon-Greedy (eps=0.1)","Ad_C","Mobile","Afternoon",0,0.12,166,0,14.0199999999999
5616,1616,"Epsilon-Greedy (eps=0.1)","Ad_C","Tablet","Afternoon",1,0.12,167,0,14.0199999999999
5617,1617,"Epsilon-Greedy (eps=0.1)","Ad_C","Tablet","Morning",0,0.12,167,0,14.0199999999999
5618,1618,"Epsilon-Greedy (eps=0.1)","Ad_C","Desktop","Afternoon",0,0.12,167,0,14.0199999999999
5619,1619,"Epsilon-Greedy (eps=0.1)","Ad_C","Desktop","Evening",0,0.12,167,0,14.0199999999999
5620,1620,"Epsilon-Greedy (eps=0.1)","Ad_C","Tablet","Afternoon",0,0.12,167,0,14.0199999999999
5621,1621,"Epsilon-Greedy (eps=0.1)","Ad_C","Desktop","Afternoon",0,0.12,167,0,14.0199999999999
5622,1622,"Epsilon-Greedy (eps=0.1)","Ad_B","Mobile","Evening",0,0.08,167,0.04,14.0599999999999
5623,1623,"Epsilon-Greedy (eps=0.1)","Ad_C","Desktop","Morning",0,0.12,167,0,14.0599999999999
5624,1624,"Epsilon-Greedy (eps=0.1)","Ad_C","Mobile","Morning",0,0.12,167,0,14.0599999999999
5625,1625,"Epsilon-Greedy (eps=0.1)","Ad_C","Mobile","Morning",0,0.12,167,0,14.0599999999999
5626,1626,"Epsilon-Greedy (eps=0.1)","Ad_C","Desktop","Morning",0,0.12,167,0,14.0599999999999
5627,1627,"Epsilon-Greedy (eps=0.1)","Ad_C","Mobile","Morning",0,0.12,167,0,14.0599999999999
5628,1628,"Epsilon-Greedy (eps=0.1)","Ad_C","Desktop","Morning",0,0.12,167,0,14.0599999999999
5629,1629,"Epsilon-Greedy (eps=0.1)","Ad_C","Mobile","Evening",0,0.12,167,0,14.0599999999999
5630,1630,"Epsilon-Greedy (eps=0.1)","Ad_C","Tablet","Morning",0,0.12,167,0,14.0599999999999
5631,1631,"Epsilon-Greedy (eps=0.1)","Ad_C","Desktop","Afternoon",0,0.12,167,0,14.0599999999999
5632,1632,"Epsilon-Greedy (eps=0.1)","Ad_C","Mobile","Evening",1,0.12,168,0,14.0599999999999
5633,1633,"Epsilon-Greedy (eps=0.1)","Ad_C","Desktop","Afternoon",0,0.12,168,0,14.0599999999999
5634,1634,"Epsilon-Greedy (eps=0.1)","Ad_C","Tablet","Afternoon",1,0.12,169,0,14.0599999999999
5635,1635,"Epsilon-Greedy (eps=0.1)","Ad_C","Tablet","Evening",0,0.12,169,0,14.0599999999999
5636,1636,"Epsilon-Greedy (eps=0.1)","Ad_C","Desktop","Morning",0,0.12,169,0,14.0599999999999
5637,1637,"Epsilon-Greedy (eps=0.1)","Ad_C","Tablet","Morning",0,0.12,169,0,14.0599999999999
5638,1638,"Epsilon-Greedy (eps=0.1)","Ad_C","Desktop","Afternoon",0,0.12,169,0,14.0599999999999
5639,1639,"Epsilon-Greedy (eps=0.1)","Ad_C","Desktop","Morning",0,0.12,169,0,14.0599999999999
5640,1640,"Epsilon-Greedy (eps=0.1)","Ad_C","Tablet","Evening",0,0.12,169,0,14.0599999999999
5641,1641,"Epsilon-Greedy (eps=0.1)","Ad_C","Tablet","Morning",0,0.12,169,0,14.0599999999999
5642,1642,"Epsilon-Greedy (eps=0.1)","Ad_C","Desktop","Morning",0,0.12,169,0,14.0599999999999
5643,1643,"Epsilon-Greedy (eps=0.1)","Ad_C","Tablet","Afternoon",0,0.12,169,0,14.0599999999999
5644,1644,"Epsilon-Greedy (eps=0.1)","Ad_C","Desktop","Evening",0,0.12,169,0,14.0599999999999
5645,1645,"Epsilon-Greedy (eps=0.1)","Ad_C","Mobile","Evening",1,0.12,170,0,14.0599999999999
5646,1646,"Epsilon-Greedy (eps=0.1)","Ad_C","Desktop","Morning",0,0.12,170,0,14.0599999999999
5647,1647,"Epsilon-Greedy (eps=0.1)","Ad_C","Tablet","Afternoon",0,0.12,170,0,14.0599999999999
5648,1648,"Epsilon-Greedy (eps=0.1)","Ad_C","Tablet","Evening",0,0.12,170,0,14.0599999999999
5649,1649,"Epsilon-Greedy (eps=0.1)","Ad_C","Desktop","Afternoon",1,0.12,171,0,14.0599999999999
5650,1650,"Epsilon-Greedy (eps=0.1)","Ad_C","Tablet","Morning",0,0.12,171,0,14.0599999999999
5651,1651,"Epsilon-Greedy (eps=0.1)","Ad_C","Mobile","Morning",0,0.12,171,0,14.0599999999999
5652,1652,"Epsilon-Greedy (eps=0.1)","Ad_C","Mobile","Morning",0,0.12,171,0,14.0599999999999
5653,1653,"Epsilon-Greedy (eps=0.1)","Ad_C","Tablet","Evening",0,0.12,171,0,14.0599999999999
5654,1654,"Epsilon-Greedy (eps=0.1)","Ad_C","Desktop","Evening",0,0.12,171,0,14.0599999999999
5655,1655,"Epsilon-Greedy (eps=0.1)","Ad_C","Desktop","Evening",0,0.12,171,0,14.0599999999999
5656,1656,"Epsilon-Greedy (eps=0.1)","Ad_C","Desktop","Evening",0,0.12,171,0,14.0599999999999
5657,1657,"Epsilon-Greedy (eps=0.1)","Ad_C","Tablet","Morning",0,0.12,171,0,14.0599999999999
5658,1658,"Epsilon-Greedy (eps=0.1)","Ad_C","Desktop","Evening",0,0.12,171,0,14.0599999999999
5659,1659,"Epsilon-Greedy (eps=0.1)","Ad_C","Desktop","Afternoon",0,0.12,171,0,14.0599999999999
5660,1660,"Epsilon-Greedy (eps=0.1)","Ad_C","Tablet","Evening",0,0.12,171,0,14.0599999999999
5661,1661,"Epsilon-Greedy (eps=0.1)","Ad_C","Mobile","Morning",0,0.12,171,0,14.0599999999999
5662,1662,"Epsilon-Greedy (eps=0.1)","Ad_D","Mobile","Evening",0,0.1,171,0.02,14.0799999999999
5663,1663,"Epsilon-Greedy (eps=0.1)","Ad_C","Mobile","Afternoon",0,0.12,171,0,14.0799999999999
5664,1664,"Epsilon-Greedy (eps=0.1)","Ad_C","Mobile","Afternoon",0,0.12,171,0,14.0799999999999
5665,1665,"Epsilon-Greedy (eps=0.1)","Ad_C","Desktop","Evening",0,0.12,171,0,14.0799999999999
5666,1666,"Epsilon-Greedy (eps=0.1)","Ad_C","Desktop","Morning",0,0.12,171,0,14.0799999999999
5667,1667,"Epsilon-Greedy (eps=0.1)","Ad_C","Tablet","Morning",0,0.12,171,0,14.0799999999999
5668,1668,"Epsilon-Greedy (eps=0.1)","Ad_C","Mobile","Morning",0,0.12,171,0,14.0799999999999
5669,1669,"Epsilon-Greedy (eps=0.1)","Ad_C","Tablet","Morning",0,0.12,171,0,14.0799999999999
5670,1670,"Epsilon-Greedy (eps=0.1)","Ad_C","Desktop","Afternoon",0,0.12,171,0,14.0799999999999
5671,1671,"Epsilon-Greedy (eps=0.1)","Ad_C","Mobile","Afternoon",0,0.12,171,0,14.0799999999999
5672,1672,"Epsilon-Greedy (eps=0.1)","Ad_C","Tablet","Afternoon",0,0.12,171,0,14.0799999999999
5673,1673,"Epsilon-Greedy (eps=0.1)","Ad_C","Tablet","Afternoon",0,0.12,171,0,14.0799999999999
5674,1674,"Epsilon-Greedy (eps=0.1)","Ad_C","Mobile","Evening",0,0.12,171,0,14.0799999999999
5675,1675,"Epsilon-Greedy (eps=0.1)","Ad_C","Desktop","Morning",0,0.12,171,0,14.0799999999999
5676,1676,"Epsilon-Greedy (eps=0.1)","Ad_C","Desktop","Morning",0,0.12,171,0,14.0799999999999
5677,1677,"Epsilon-Greedy (eps=0.1)","Ad_C","Tablet","Afternoon",1,0.12,172,0,14.0799999999999
5678,1678,"Epsilon-Greedy (eps=0.1)","Ad_C","Tablet","Afternoon",0,0.12,172,0,14.0799999999999
5679,1679,"Epsilon-Greedy (eps=0.1)","Ad_C","Tablet","Evening",0,0.12,172,0,14.0799999999999
5680,1680,"Epsilon-Greedy (eps=0.1)","Ad_D","Desktop","Afternoon",0,0.1,172,0.02,14.0999999999999
5681,1681,"Epsilon-Greedy (eps=0.1)","Ad_C","Mobile","Afternoon",1,0.12,173,0,14.0999999999999
5682,1682,"Epsilon-Greedy (eps=0.1)","Ad_C","Desktop","Afternoon",0,0.12,173,0,14.0999999999999
5683,1683,"Epsilon-Greedy (eps=0.1)","Ad_C","Mobile","Morning",1,0.12,174,0,14.0999999999999
5684,1684,"Epsilon-Greedy (eps=0.1)","Ad_C","Desktop","Morning",1,0.12,175,0,14.0999999999999
5685,1685,"Epsilon-Greedy (eps=0.1)","Ad_C","Desktop","Afternoon",0,0.12,175,0,14.0999999999999
5686,1686,"Epsilon-Greedy (eps=0.1)","Ad_C","Desktop","Evening",0,0.12,175,0,14.0999999999999
5687,1687,"Epsilon-Greedy (eps=0.1)","Ad_C","Desktop","Evening",0,0.12,175,0,14.0999999999999
5688,1688,"Epsilon-Greedy (eps=0.1)","Ad_A","Mobile","Morning",0,0.05,175,0.07,14.1699999999999
5689,1689,"Epsilon-Greedy (eps=0.1)","Ad_C","Tablet","Afternoon",0,0.12,175,0,14.1699999999999
5690,1690,"Epsilon-Greedy (eps=0.1)","Ad_C","Mobile","Morning",1,0.12,176,0,14.1699999999999
5691,1691,"Epsilon-Greedy (eps=0.1)","Ad_C","Mobile","Evening",0,0.12,176,0,14.1699999999999
5692,1692,"Epsilon-Greedy (eps=0.1)","Ad_C","Desktop","Morning",0,0.12,176,0,14.1699999999999
5693,1693,"Epsilon-Greedy (eps=0.1)","Ad_C","Tablet","Evening",0,0.12,176,0,14.1699999999999
5694,1694,"Epsilon-Greedy (eps=0.1)","Ad_C","Tablet","Evening",0,0.12,176,0,14.1699999999999
5695,1695,"Epsilon-Greedy (eps=0.1)","Ad_C","Mobile","Evening",0,0.12,176,0,14.1699999999999
5696,1696,"Epsilon-Greedy (eps=0.1)","Ad_C","Desktop","Morning",0,0.12,176,0,14.1699999999999
5697,1697,"Epsilon-Greedy (eps=0.1)","Ad_C","Tablet","Morning",0,0.12,176,0,14.1699999999999
5698,1698,"Epsilon-Greedy (eps=0.1)","Ad_C","Desktop","Evening",1,0.12,177,0,14.1699999999999
5699,1699,"Epsilon-Greedy (eps=0.1)","Ad_B","Tablet","Afternoon",0,0.08,177,0.04,14.2099999999999
5700,1700,"Epsilon-Greedy (eps=0.1)","Ad_C","Desktop","Evening",0,0.12,177,0,14.2099999999999
5701,1701,"Epsilon-Greedy (eps=0.1)","Ad_C","Desktop","Morning",0,0.12,177,0,14.2099999999999
5702,1702,"Epsilon-Greedy (eps=0.1)","Ad_C","Mobile","Morning",0,0.12,177,0,14.2099999999999
5703,1703,"Epsilon-Greedy (eps=0.1)","Ad_C","Mobile","Morning",0,0.12,177,0,14.2099999999999
5704,1704,"Epsilon-Greedy (eps=0.1)","Ad_C","Tablet","Morning",1,0.12,178,0,14.2099999999999
5705,1705,"Epsilon-Greedy (eps=0.1)","Ad_C","Desktop","Morning",0,0.12,178,0,14.2099999999999
5706,1706,"Epsilon-Greedy (eps=0.1)","Ad_C","Desktop","Evening",0,0.12,178,0,14.2099999999999
5707,1707,"Epsilon-Greedy (eps=0.1)","Ad_C","Tablet","Evening",0,0.12,178,0,14.2099999999999
5708,1708,"Epsilon-Greedy (eps=0.1)","Ad_C","Tablet","Evening",0,0.12,178,0,14.2099999999999
5709,1709,"Epsilon-Greedy (eps=0.1)","Ad_D","Desktop","Evening",0,0.1,178,0.02,14.2299999999999
5710,1710,"Epsilon-Greedy (eps=0.1)","Ad_D","Desktop","Afternoon",1,0.1,179,0.02,14.2499999999999
5711,1711,"Epsilon-Greedy (eps=0.1)","Ad_C","Desktop","Evening",0,0.12,179,0,14.2499999999999
5712,1712,"Epsilon-Greedy (eps=0.1)","Ad_C","Desktop","Afternoon",1,0.12,180,0,14.2499999999999
5713,1713,"Epsilon-Greedy (eps=0.1)","Ad_A","Tablet","Morning",0,0.05,180,0.07,14.3199999999999
5714,1714,"Epsilon-Greedy (eps=0.1)","Ad_C","Desktop","Morning",0,0.12,180,0,14.3199999999999
5715,1715,"Epsilon-Greedy (eps=0.1)","Ad_C","Desktop","Afternoon",0,0.12,180,0,14.3199999999999
5716,1716,"Epsilon-Greedy (eps=0.1)","Ad_C","Desktop","Morning",0,0.12,180,0,14.3199999999999
5717,1717,"Epsilon-Greedy (eps=0.1)","Ad_C","Tablet","Evening",1,0.12,181,0,14.3199999999999
5718,1718,"Epsilon-Greedy (eps=0.1)","Ad_C","Desktop","Morning",0,0.12,181,0,14.3199999999999
5719,1719,"Epsilon-Greedy (eps=0.1)","Ad_C","Mobile","Morning",0,0.12,181,0,14.3199999999999
5720,1720,"Epsilon-Greedy (eps=0.1)","Ad_C","Tablet","Afternoon",0,0.12,181,0,14.3199999999999
5721,1721,"Epsilon-Greedy (eps=0.1)","Ad_C","Tablet","Evening",0,0.12,181,0,14.3199999999999
5722,1722,"Epsilon-Greedy (eps=0.1)","Ad_C","Tablet","Afternoon",0,0.12,181,0,14.3199999999999
5723,1723,"Epsilon-Greedy (eps=0.1)","Ad_C","Tablet","Afternoon",0,0.12,181,0,14.3199999999999
5724,1724,"Epsilon-Greedy (eps=0.1)","Ad_C","Tablet","Evening",0,0.12,181,0,14.3199999999999
5725,1725,"Epsilon-Greedy (eps=0.1)","Ad_C","Desktop","Morning",0,0.12,181,0,14.3199999999999
5726,1726,"Epsilon-Greedy (eps=0.1)","Ad_C","Mobile","Afternoon",0,0.12,181,0,14.3199999999999
5727,1727,"Epsilon-Greedy (eps=0.1)","Ad_C","Tablet","Evening",0,0.12,181,0,14.3199999999999
5728,1728,"Epsilon-Greedy (eps=0.1)","Ad_C","Desktop","Afternoon",0,0.12,181,0,14.3199999999999
5729,1729,"Epsilon-Greedy (eps=0.1)","Ad_C","Tablet","Evening",0,0.12,181,0,14.3199999999999
5730,1730,"Epsilon-Greedy (eps=0.1)","Ad_C","Desktop","Afternoon",1,0.12,182,0,14.3199999999999
5731,1731,"Epsilon-Greedy (eps=0.1)","Ad_C","Tablet","Evening",0,0.12,182,0,14.3199999999999
5732,1732,"Epsilon-Greedy (eps=0.1)","Ad_C","Desktop","Evening",0,0.12,182,0,14.3199999999999
5733,1733,"Epsilon-Greedy (eps=0.1)","Ad_C","Tablet","Afternoon",0,0.12,182,0,14.3199999999999
5734,1734,"Epsilon-Greedy (eps=0.1)","Ad_C","Tablet","Morning",0,0.12,182,0,14.3199999999999
5735,1735,"Epsilon-Greedy (eps=0.1)","Ad_C","Tablet","Evening",0,0.12,182,0,14.3199999999999
5736,1736,"Epsilon-Greedy (eps=0.1)","Ad_C","Desktop","Morning",0,0.12,182,0,14.3199999999999
5737,1737,"Epsilon-Greedy (eps=0.1)","Ad_A","Mobile","Afternoon",0,0.05,182,0.07,14.3899999999999
5738,1738,"Epsilon-Greedy (eps=0.1)","Ad_C","Desktop","Afternoon",0,0.12,182,0,14.3899999999999
5739,1739,"Epsilon-Greedy (eps=0.1)","Ad_C","Tablet","Morning",0,0.12,182,0,14.3899999999999
5740,1740,"Epsilon-Greedy (eps=0.1)","Ad_C","Mobile","Afternoon",0,0.12,182,0,14.3899999999999
5741,1741,"Epsilon-Greedy (eps=0.1)","Ad_C","Desktop","Morning",0,0.12,182,0,14.3899999999999
5742,1742,"Epsilon-Greedy (eps=0.1)","Ad_C","Tablet","Afternoon",0,0.12,182,0,14.3899999999999
5743,1743,"Epsilon-Greedy (eps=0.1)","Ad_C","Tablet","Afternoon",0,0.12,182,0,14.3899999999999
5744,1744,"Epsilon-Greedy (eps=0.1)","Ad_C","Tablet","Evening",0,0.12,182,0,14.3899999999999
5745,1745,"Epsilon-Greedy (eps=0.1)","Ad_C","Tablet","Morning",0,0.12,182,0,14.3899999999999
5746,1746,"Epsilon-Greedy (eps=0.1)","Ad_C","Tablet","Evening",0,0.12,182,0,14.3899999999999
5747,1747,"Epsilon-Greedy (eps=0.1)","Ad_C","Mobile","Morning",0,0.12,182,0,14.3899999999999
5748,1748,"Epsilon-Greedy (eps=0.1)","Ad_C","Tablet","Evening",0,0.12,182,0,14.3899999999999
5749,1749,"Epsilon-Greedy (eps=0.1)","Ad_C","Tablet","Morning",0,0.12,182,0,14.3899999999999
5750,1750,"Epsilon-Greedy (eps=0.1)","Ad_C","Tablet","Afternoon",0,0.12,182,0,14.3899999999999
5751,1751,"Epsilon-Greedy (eps=0.1)","Ad_C","Desktop","Afternoon",0,0.12,182,0,14.3899999999999
5752,1752,"Epsilon-Greedy (eps=0.1)","Ad_C","Mobile","Morning",0,0.12,182,0,14.3899999999999
5753,1753,"Epsilon-Greedy (eps=0.1)","Ad_C","Mobile","Afternoon",1,0.12,183,0,14.3899999999999
5754,1754,"Epsilon-Greedy (eps=0.1)","Ad_C","Desktop","Evening",0,0.12,183,0,14.3899999999999
5755,1755,"Epsilon-Greedy (eps=0.1)","Ad_C","Tablet","Afternoon",0,0.12,183,0,14.3899999999999
5756,1756,"Epsilon-Greedy (eps=0.1)","Ad_C","Mobile","Evening",1,0.12,184,0,14.3899999999999
5757,1757,"Epsilon-Greedy (eps=0.1)","Ad_C","Mobile","Morning",0,0.12,184,0,14.3899999999999
5758,1758,"Epsilon-Greedy (eps=0.1)","Ad_B","Desktop","Evening",0,0.08,184,0.04,14.4299999999999
5759,1759,"Epsilon-Greedy (eps=0.1)","Ad_C","Mobile","Evening",0,0.12,184,0,14.4299999999999
5760,1760,"Epsilon-Greedy (eps=0.1)","Ad_C","Mobile","Morning",0,0.12,184,0,14.4299999999999
5761,1761,"Epsilon-Greedy (eps=0.1)","Ad_D","Mobile","Afternoon",0,0.1,184,0.02,14.4499999999999
5762,1762,"Epsilon-Greedy (eps=0.1)","Ad_C","Tablet","Morning",0,0.12,184,0,14.4499999999999
5763,1763,"Epsilon-Greedy (eps=0.1)","Ad_C","Desktop","Evening",0,0.12,184,0,14.4499999999999
5764,1764,"Epsilon-Greedy (eps=0.1)","Ad_D","Tablet","Afternoon",0,0.1,184,0.02,14.4699999999999
5765,1765,"Epsilon-Greedy (eps=0.1)","Ad_C","Desktop","Morning",0,0.12,184,0,14.4699999999999
5766,1766,"Epsilon-Greedy (eps=0.1)","Ad_C","Mobile","Afternoon",0,0.12,184,0,14.4699999999999
5767,1767,"Epsilon-Greedy (eps=0.1)","Ad_C","Tablet","Morning",1,0.12,185,0,14.4699999999999
5768,1768,"Epsilon-Greedy (eps=0.1)","Ad_C","Desktop","Morning",0,0.12,185,0,14.4699999999999
5769,1769,"Epsilon-Greedy (eps=0.1)","Ad_D","Mobile","Afternoon",0,0.1,185,0.02,14.4899999999999
5770,1770,"Epsilon-Greedy (eps=0.1)","Ad_C","Desktop","Afternoon",0,0.12,185,0,14.4899999999999
5771,1771,"Epsilon-Greedy (eps=0.1)","Ad_C","Mobile","Afternoon",0,0.12,185,0,14.4899999999999
5772,1772,"Epsilon-Greedy (eps=0.1)","Ad_C","Desktop","Morning",0,0.12,185,0,14.4899999999999
5773,1773,"Epsilon-Greedy (eps=0.1)","Ad_C","Tablet","Morning",0,0.12,185,0,14.4899999999999
5774,1774,"Epsilon-Greedy (eps=0.1)","Ad_C","Desktop","Afternoon",0,0.12,185,0,14.4899999999999
5775,1775,"Epsilon-Greedy (eps=0.1)","Ad_C","Desktop","Evening",1,0.12,186,0,14.4899999999999
5776,1776,"Epsilon-Greedy (eps=0.1)","Ad_C","Tablet","Morning",0,0.12,186,0,14.4899999999999
5777,1777,"Epsilon-Greedy (eps=0.1)","Ad_C","Tablet","Morning",0,0.12,186,0,14.4899999999999
5778,1778,"Epsilon-Greedy (eps=0.1)","Ad_C","Tablet","Afternoon",0,0.12,186,0,14.4899999999999
5779,1779,"Epsilon-Greedy (eps=0.1)","Ad_C","Mobile","Afternoon",0,0.12,186,0,14.4899999999999
5780,1780,"Epsilon-Greedy (eps=0.1)","Ad_D","Tablet","Afternoon",1,0.1,187,0.02,14.5099999999999
5781,1781,"Epsilon-Greedy (eps=0.1)","Ad_C","Mobile","Afternoon",0,0.12,187,0,14.5099999999999
5782,1782,"Epsilon-Greedy (eps=0.1)","Ad_C","Desktop","Afternoon",0,0.12,187,0,14.5099999999999
5783,1783,"Epsilon-Greedy (eps=0.1)","Ad_D","Tablet","Evening",0,0.1,187,0.02,14.5299999999999
5784,1784,"Epsilon-Greedy (eps=0.1)","Ad_C","Desktop","Afternoon",0,0.12,187,0,14.5299999999999
5785,1785,"Epsilon-Greedy (eps=0.1)","Ad_A","Desktop","Afternoon",0,0.05,187,0.07,14.5999999999999
5786,1786,"Epsilon-Greedy (eps=0.1)","Ad_C","Tablet","Evening",0,0.12,187,0,14.5999999999999
5787,1787,"Epsilon-Greedy (eps=0.1)","Ad_C","Tablet","Afternoon",0,0.12,187,0,14.5999999999999
5788,1788,"Epsilon-Greedy (eps=0.1)","Ad_C","Tablet","Afternoon",0,0.12,187,0,14.5999999999999
5789,1789,"Epsilon-Greedy (eps=0.1)","Ad_C","Mobile","Evening",0,0.12,187,0,14.5999999999999
5790,1790,"Epsilon-Greedy (eps=0.1)","Ad_D","Tablet","Afternoon",0,0.1,187,0.02,14.6199999999999
5791,1791,"Epsilon-Greedy (eps=0.1)","Ad_C","Desktop","Evening",0,0.12,187,0,14.6199999999999
5792,1792,"Epsilon-Greedy (eps=0.1)","Ad_C","Mobile","Afternoon",0,0.12,187,0,14.6199999999999
5793,1793,"Epsilon-Greedy (eps=0.1)","Ad_C","Mobile","Afternoon",0,0.12,187,0,14.6199999999999
5794,1794,"Epsilon-Greedy (eps=0.1)","Ad_C","Tablet","Afternoon",0,0.12,187,0,14.6199999999999
5795,1795,"Epsilon-Greedy (eps=0.1)","Ad_D","Tablet","Afternoon",0,0.1,187,0.02,14.6399999999999
5796,1796,"Epsilon-Greedy (eps=0.1)","Ad_C","Mobile","Afternoon",0,0.12,187,0,14.6399999999999
5797,1797,"Epsilon-Greedy (eps=0.1)","Ad_C","Tablet","Evening",0,0.12,187,0,14.6399999999999
5798,1798,"Epsilon-Greedy (eps=0.1)","Ad_C","Mobile","Morning",0,0.12,187,0,14.6399999999999
5799,1799,"Epsilon-Greedy (eps=0.1)","Ad_C","Mobile","Evening",0,0.12,187,0,14.6399999999999
5800,1800,"Epsilon-Greedy (eps=0.1)","Ad_D","Desktop","Evening",0,0.1,187,0.02,14.6599999999999
5801,1801,"Epsilon-Greedy (eps=0.1)","Ad_C","Mobile","Morning",0,0.12,187,0,14.6599999999999
5802,1802,"Epsilon-Greedy (eps=0.1)","Ad_C","Desktop","Evening",1,0.12,188,0,14.6599999999999
5803,1803,"Epsilon-Greedy (eps=0.1)","Ad_C","Desktop","Afternoon",0,0.12,188,0,14.6599999999999
5804,1804,"Epsilon-Greedy (eps=0.1)","Ad_C","Mobile","Afternoon",0,0.12,188,0,14.6599999999999
5805,1805,"Epsilon-Greedy (eps=0.1)","Ad_C","Tablet","Afternoon",0,0.12,188,0,14.6599999999999
5806,1806,"Epsilon-Greedy (eps=0.1)","Ad_A","Desktop","Morning",1,0.05,189,0.07,14.7299999999999
5807,1807,"Epsilon-Greedy (eps=0.1)","Ad_C","Desktop","Afternoon",0,0.12,189,0,14.7299999999999
5808,1808,"Epsilon-Greedy (eps=0.1)","Ad_C","Desktop","Morning",0,0.12,189,0,14.7299999999999
5809,1809,"Epsilon-Greedy (eps=0.1)","Ad_C","Desktop","Evening",0,0.12,189,0,14.7299999999999
5810,1810,"Epsilon-Greedy (eps=0.1)","Ad_C","Mobile","Afternoon",0,0.12,189,0,14.7299999999999
5811,1811,"Epsilon-Greedy (eps=0.1)","Ad_C","Desktop","Evening",0,0.12,189,0,14.7299999999999
5812,1812,"Epsilon-Greedy (eps=0.1)","Ad_C","Mobile","Morning",0,0.12,189,0,14.7299999999999
5813,1813,"Epsilon-Greedy (eps=0.1)","Ad_C","Desktop","Morning",1,0.12,190,0,14.7299999999999
5814,1814,"Epsilon-Greedy (eps=0.1)","Ad_C","Tablet","Afternoon",0,0.12,190,0,14.7299999999999
5815,1815,"Epsilon-Greedy (eps=0.1)","Ad_C","Desktop","Afternoon",0,0.12,190,0,14.7299999999999
5816,1816,"Epsilon-Greedy (eps=0.1)","Ad_C","Tablet","Evening",0,0.12,190,0,14.7299999999999
5817,1817,"Epsilon-Greedy (eps=0.1)","Ad_C","Desktop","Morning",0,0.12,190,0,14.7299999999999
5818,1818,"Epsilon-Greedy (eps=0.1)","Ad_C","Mobile","Afternoon",1,0.12,191,0,14.7299999999999
5819,1819,"Epsilon-Greedy (eps=0.1)","Ad_C","Desktop","Evening",0,0.12,191,0,14.7299999999999
5820,1820,"Epsilon-Greedy (eps=0.1)","Ad_C","Tablet","Afternoon",0,0.12,191,0,14.7299999999999
5821,1821,"Epsilon-Greedy (eps=0.1)","Ad_C","Desktop","Evening",0,0.12,191,0,14.7299999999999
5822,1822,"Epsilon-Greedy (eps=0.1)","Ad_C","Desktop","Morning",1,0.12,192,0,14.7299999999999
5823,1823,"Epsilon-Greedy (eps=0.1)","Ad_C","Tablet","Evening",0,0.12,192,0,14.7299999999999
5824,1824,"Epsilon-Greedy (eps=0.1)","Ad_C","Desktop","Afternoon",1,0.12,193,0,14.7299999999999
5825,1825,"Epsilon-Greedy (eps=0.1)","Ad_C","Desktop","Afternoon",0,0.12,193,0,14.7299999999999
5826,1826,"Epsilon-Greedy (eps=0.1)","Ad_C","Tablet","Evening",0,0.12,193,0,14.7299999999999
5827,1827,"Epsilon-Greedy (eps=0.1)","Ad_B","Tablet","Afternoon",0,0.08,193,0.04,14.7699999999999
5828,1828,"Epsilon-Greedy (eps=0.1)","Ad_C","Mobile","Morning",0,0.12,193,0,14.7699999999999
5829,1829,"Epsilon-Greedy (eps=0.1)","Ad_C","Mobile","Morning",0,0.12,193,0,14.7699999999999
5830,1830,"Epsilon-Greedy (eps=0.1)","Ad_C","Mobile","Afternoon",0,0.12,193,0,14.7699999999999
5831,1831,"Epsilon-Greedy (eps=0.1)","Ad_A","Desktop","Afternoon",0,0.05,193,0.07,14.8399999999999
5832,1832,"Epsilon-Greedy (eps=0.1)","Ad_C","Desktop","Morning",0,0.12,193,0,14.8399999999999
5833,1833,"Epsilon-Greedy (eps=0.1)","Ad_C","Mobile","Evening",0,0.12,193,0,14.8399999999999
5834,1834,"Epsilon-Greedy (eps=0.1)","Ad_C","Mobile","Morning",0,0.12,193,0,14.8399999999999
5835,1835,"Epsilon-Greedy (eps=0.1)","Ad_C","Tablet","Evening",0,0.12,193,0,14.8399999999999
5836,1836,"Epsilon-Greedy (eps=0.1)","Ad_C","Mobile","Afternoon",1,0.12,194,0,14.8399999999999
5837,1837,"Epsilon-Greedy (eps=0.1)","Ad_C","Mobile","Evening",0,0.12,194,0,14.8399999999999
5838,1838,"Epsilon-Greedy (eps=0.1)","Ad_C","Mobile","Afternoon",0,0.12,194,0,14.8399999999999
5839,1839,"Epsilon-Greedy (eps=0.1)","Ad_C","Tablet","Morning",0,0.12,194,0,14.8399999999999
5840,1840,"Epsilon-Greedy (eps=0.1)","Ad_C","Mobile","Afternoon",0,0.12,194,0,14.8399999999999
5841,1841,"Epsilon-Greedy (eps=0.1)","Ad_C","Mobile","Evening",0,0.12,194,0,14.8399999999999
5842,1842,"Epsilon-Greedy (eps=0.1)","Ad_C","Desktop","Morning",0,0.12,194,0,14.8399999999999
5843,1843,"Epsilon-Greedy (eps=0.1)","Ad_C","Mobile","Morning",0,0.12,194,0,14.8399999999999
5844,1844,"Epsilon-Greedy (eps=0.1)","Ad_C","Desktop","Evening",0,0.12,194,0,14.8399999999999
5845,1845,"Epsilon-Greedy (eps=0.1)","Ad_C","Mobile","Afternoon",0,0.12,194,0,14.8399999999999
5846,1846,"Epsilon-Greedy (eps=0.1)","Ad_C","Mobile","Morning",0,0.12,194,0,14.8399999999999
5847,1847,"Epsilon-Greedy (eps=0.1)","Ad_C","Mobile","Evening",0,0.12,194,0,14.8399999999999
5848,1848,"Epsilon-Greedy (eps=0.1)","Ad_C","Tablet","Afternoon",0,0.12,194,0,14.8399999999999
5849,1849,"Epsilon-Greedy (eps=0.1)","Ad_C","Tablet","Evening",0,0.12,194,0,14.8399999999999
5850,1850,"Epsilon-Greedy (eps=0.1)","Ad_C","Tablet","Evening",0,0.12,194,0,14.8399999999999
5851,1851,"Epsilon-Greedy (eps=0.1)","Ad_C","Mobile","Afternoon",0,0.12,194,0,14.8399999999999
5852,1852,"Epsilon-Greedy (eps=0.1)","Ad_C","Tablet","Morning",0,0.12,194,0,14.8399999999999
5853,1853,"Epsilon-Greedy (eps=0.1)","Ad_C","Tablet","Afternoon",0,0.12,194,0,14.8399999999999
5854,1854,"Epsilon-Greedy (eps=0.1)","Ad_C","Tablet","Afternoon",0,0.12,194,0,14.8399999999999
5855,1855,"Epsilon-Greedy (eps=0.1)","Ad_C","Tablet","Afternoon",0,0.12,194,0,14.8399999999999
5856,1856,"Epsilon-Greedy (eps=0.1)","Ad_C","Mobile","Morning",0,0.12,194,0,14.8399999999999
5857,1857,"Epsilon-Greedy (eps=0.1)","Ad_C","Tablet","Afternoon",1,0.12,195,0,14.8399999999999
5858,1858,"Epsilon-Greedy (eps=0.1)","Ad_B","Desktop","Afternoon",1,0.08,196,0.04,14.8799999999999
5859,1859,"Epsilon-Greedy (eps=0.1)","Ad_D","Desktop","Afternoon",1,0.1,197,0.02,14.8999999999999
5860,1860,"Epsilon-Greedy (eps=0.1)","Ad_C","Tablet","Evening",0,0.12,197,0,14.8999999999999
5861,1861,"Epsilon-Greedy (eps=0.1)","Ad_D","Tablet","Morning",1,0.1,198,0.02,14.9199999999999
5862,1862,"Epsilon-Greedy (eps=0.1)","Ad_D","Desktop","Morning",0,0.1,198,0.02,14.9399999999999
5863,1863,"Epsilon-Greedy (eps=0.1)","Ad_D","Desktop","Morning",0,0.1,198,0.02,14.9599999999999
5864,1864,"Epsilon-Greedy (eps=0.1)","Ad_D","Mobile","Morning",0,0.1,198,0.02,14.9799999999999
5865,1865,"Epsilon-Greedy (eps=0.1)","Ad_C","Mobile","Evening",0,0.12,198,0,14.9799999999999
5866,1866,"Epsilon-Greedy (eps=0.1)","Ad_D","Tablet","Afternoon",0,0.1,198,0.02,14.9999999999999
5867,1867,"Epsilon-Greedy (eps=0.1)","Ad_D","Tablet","Morning",1,0.1,199,0.02,15.0199999999999
5868,1868,"Epsilon-Greedy (eps=0.1)","Ad_D","Desktop","Afternoon",0,0.1,199,0.02,15.0399999999999
5869,1869,"Epsilon-Greedy (eps=0.1)","Ad_D","Mobile","Evening",0,0.1,199,0.02,15.0599999999999
5870,1870,"Epsilon-Greedy (eps=0.1)","Ad_D","Mobile","Morning",0,0.1,199,0.02,15.0799999999999
5871,1871,"Epsilon-Greedy (eps=0.1)","Ad_D","Desktop","Morning",0,0.1,199,0.02,15.0999999999999
5872,1872,"Epsilon-Greedy (eps=0.1)","Ad_D","Desktop","Morning",0,0.1,199,0.02,15.1199999999999
5873,1873,"Epsilon-Greedy (eps=0.1)","Ad_D","Tablet","Afternoon",0,0.1,199,0.02,15.1399999999999
5874,1874,"Epsilon-Greedy (eps=0.1)","Ad_D","Mobile","Afternoon",0,0.1,199,0.02,15.1599999999999
5875,1875,"Epsilon-Greedy (eps=0.1)","Ad_D","Desktop","Evening",0,0.1,199,0.02,15.1799999999999
5876,1876,"Epsilon-Greedy (eps=0.1)","Ad_D","Desktop","Morning",0,0.1,199,0.02,15.1999999999999
5877,1877,"Epsilon-Greedy (eps=0.1)","Ad_D","Tablet","Afternoon",1,0.1,200,0.02,15.2199999999999
5878,1878,"Epsilon-Greedy (eps=0.1)","Ad_D","Mobile","Evening",0,0.1,200,0.02,15.2399999999999
5879,1879,"Epsilon-Greedy (eps=0.1)","Ad_D","Tablet","Evening",0,0.1,200,0.02,15.2599999999999
5880,1880,"Epsilon-Greedy (eps=0.1)","Ad_D","Desktop","Afternoon",0,0.1,200,0.02,15.2799999999999
5881,1881,"Epsilon-Greedy (eps=0.1)","Ad_D","Tablet","Morning",0,0.1,200,0.02,15.2999999999999
5882,1882,"Epsilon-Greedy (eps=0.1)","Ad_D","Desktop","Morning",0,0.1,200,0.02,15.3199999999999
5883,1883,"Epsilon-Greedy (eps=0.1)","Ad_D","Desktop","Evening",0,0.1,200,0.02,15.3399999999999
5884,1884,"Epsilon-Greedy (eps=0.1)","Ad_D","Mobile","Afternoon",0,0.1,200,0.02,15.3599999999999
5885,1885,"Epsilon-Greedy (eps=0.1)","Ad_D","Desktop","Morning",0,0.1,200,0.02,15.3799999999999
5886,1886,"Epsilon-Greedy (eps=0.1)","Ad_A","Desktop","Evening",0,0.05,200,0.07,15.4499999999999
5887,1887,"Epsilon-Greedy (eps=0.1)","Ad_D","Desktop","Evening",0,0.1,200,0.02,15.4699999999999
5888,1888,"Epsilon-Greedy (eps=0.1)","Ad_D","Mobile","Morning",0,0.1,200,0.02,15.4899999999999
5889,1889,"Epsilon-Greedy (eps=0.1)","Ad_D","Desktop","Morning",0,0.1,200,0.02,15.5099999999999
5890,1890,"Epsilon-Greedy (eps=0.1)","Ad_D","Tablet","Evening",0,0.1,200,0.02,15.5299999999999
5891,1891,"Epsilon-Greedy (eps=0.1)","Ad_D","Desktop","Evening",0,0.1,200,0.02,15.5499999999999
5892,1892,"Epsilon-Greedy (eps=0.1)","Ad_D","Desktop","Evening",0,0.1,200,0.02,15.5699999999999
5893,1893,"Epsilon-Greedy (eps=0.1)","Ad_D","Desktop","Afternoon",0,0.1,200,0.02,15.5899999999999
5894,1894,"Epsilon-Greedy (eps=0.1)","Ad_D","Desktop","Afternoon",0,0.1,200,0.02,15.6099999999999
5895,1895,"Epsilon-Greedy (eps=0.1)","Ad_D","Desktop","Morning",0,0.1,200,0.02,15.6299999999999
5896,1896,"Epsilon-Greedy (eps=0.1)","Ad_C","Mobile","Morning",0,0.12,200,0,15.6299999999999
5897,1897,"Epsilon-Greedy (eps=0.1)","Ad_C","Mobile","Evening",0,0.12,200,0,15.6299999999999
5898,1898,"Epsilon-Greedy (eps=0.1)","Ad_D","Desktop","Evening",0,0.1,200,0.02,15.6499999999999
5899,1899,"Epsilon-Greedy (eps=0.1)","Ad_C","Tablet","Evening",0,0.12,200,0,15.6499999999999
5900,1900,"Epsilon-Greedy (eps=0.1)","Ad_C","Tablet","Morning",0,0.12,200,0,15.6499999999999
5901,1901,"Epsilon-Greedy (eps=0.1)","Ad_C","Desktop","Afternoon",0,0.12,200,0,15.6499999999999
5902,1902,"Epsilon-Greedy (eps=0.1)","Ad_C","Tablet","Evening",0,0.12,200,0,15.6499999999999
5903,1903,"Epsilon-Greedy (eps=0.1)","Ad_B","Desktop","Afternoon",0,0.08,200,0.04,15.6899999999999
5904,1904,"Epsilon-Greedy (eps=0.1)","Ad_D","Mobile","Afternoon",0,0.1,200,0.02,15.7099999999999
5905,1905,"Epsilon-Greedy (eps=0.1)","Ad_C","Mobile","Morning",0,0.12,200,0,15.7099999999999
5906,1906,"Epsilon-Greedy (eps=0.1)","Ad_C","Mobile","Afternoon",0,0.12,200,0,15.7099999999999
5907,1907,"Epsilon-Greedy (eps=0.1)","Ad_C","Mobile","Afternoon",0,0.12,200,0,15.7099999999999
5908,1908,"Epsilon-Greedy (eps=0.1)","Ad_C","Tablet","Afternoon",0,0.12,200,0,15.7099999999999
5909,1909,"Epsilon-Greedy (eps=0.1)","Ad_D","Desktop","Evening",0,0.1,200,0.02,15.7299999999999
5910,1910,"Epsilon-Greedy (eps=0.1)","Ad_C","Desktop","Morning",0,0.12,200,0,15.7299999999999
5911,1911,"Epsilon-Greedy (eps=0.1)","Ad_C","Desktop","Morning",0,0.12,200,0,15.7299999999999
5912,1912,"Epsilon-Greedy (eps=0.1)","Ad_C","Mobile","Morning",1,0.12,201,0,15.7299999999999
5913,1913,"Epsilon-Greedy (eps=0.1)","Ad_C","Tablet","Afternoon",0,0.12,201,0,15.7299999999999
5914,1914,"Epsilon-Greedy (eps=0.1)","Ad_C","Desktop","Afternoon",0,0.12,201,0,15.7299999999999
5915,1915,"Epsilon-Greedy (eps=0.1)","Ad_C","Mobile","Evening",0,0.12,201,0,15.7299999999999
5916,1916,"Epsilon-Greedy (eps=0.1)","Ad_C","Mobile","Afternoon",1,0.12,202,0,15.7299999999999
5917,1917,"Epsilon-Greedy (eps=0.1)","Ad_C","Tablet","Afternoon",0,0.12,202,0,15.7299999999999
5918,1918,"Epsilon-Greedy (eps=0.1)","Ad_C","Tablet","Afternoon",0,0.12,202,0,15.7299999999999
5919,1919,"Epsilon-Greedy (eps=0.1)","Ad_C","Desktop","Evening",0,0.12,202,0,15.7299999999999
5920,1920,"Epsilon-Greedy (eps=0.1)","Ad_C","Desktop","Morning",1,0.12,203,0,15.7299999999999
5921,1921,"Epsilon-Greedy (eps=0.1)","Ad_C","Desktop","Afternoon",0,0.12,203,0,15.7299999999999
5922,1922,"Epsilon-Greedy (eps=0.1)","Ad_C","Mobile","Evening",1,0.12,204,0,15.7299999999999
5923,1923,"Epsilon-Greedy (eps=0.1)","Ad_C","Desktop","Evening",0,0.12,204,0,15.7299999999999
5924,1924,"Epsilon-Greedy (eps=0.1)","Ad_C","Mobile","Afternoon",0,0.12,204,0,15.7299999999999
5925,1925,"Epsilon-Greedy (eps=0.1)","Ad_C","Mobile","Evening",1,0.12,205,0,15.7299999999999
5926,1926,"Epsilon-Greedy (eps=0.1)","Ad_C","Desktop","Afternoon",0,0.12,205,0,15.7299999999999
5927,1927,"Epsilon-Greedy (eps=0.1)","Ad_C","Tablet","Evening",0,0.12,205,0,15.7299999999999
5928,1928,"Epsilon-Greedy (eps=0.1)","Ad_C","Desktop","Evening",1,0.12,206,0,15.7299999999999
5929,1929,"Epsilon-Greedy (eps=0.1)","Ad_C","Mobile","Morning",0,0.12,206,0,15.7299999999999
5930,1930,"Epsilon-Greedy (eps=0.1)","Ad_C","Desktop","Morning",0,0.12,206,0,15.7299999999999
5931,1931,"Epsilon-Greedy (eps=0.1)","Ad_C","Mobile","Afternoon",0,0.12,206,0,15.7299999999999
5932,1932,"Epsilon-Greedy (eps=0.1)","Ad_A","Tablet","Afternoon",0,0.05,206,0.07,15.7999999999999
5933,1933,"Epsilon-Greedy (eps=0.1)","Ad_B","Mobile","Morning",0,0.08,206,0.04,15.8399999999999
5934,1934,"Epsilon-Greedy (eps=0.1)","Ad_C","Desktop","Afternoon",0,0.12,206,0,15.8399999999999
5935,1935,"Epsilon-Greedy (eps=0.1)","Ad_C","Mobile","Evening",1,0.12,207,0,15.8399999999999
5936,1936,"Epsilon-Greedy (eps=0.1)","Ad_C","Desktop","Afternoon",0,0.12,207,0,15.8399999999999
5937,1937,"Epsilon-Greedy (eps=0.1)","Ad_C","Tablet","Evening",0,0.12,207,0,15.8399999999999
5938,1938,"Epsilon-Greedy (eps=0.1)","Ad_A","Mobile","Morning",0,0.05,207,0.07,15.9099999999999
5939,1939,"Epsilon-Greedy (eps=0.1)","Ad_C","Tablet","Morning",0,0.12,207,0,15.9099999999999
5940,1940,"Epsilon-Greedy (eps=0.1)","Ad_C","Desktop","Afternoon",0,0.12,207,0,15.9099999999999
5941,1941,"Epsilon-Greedy (eps=0.1)","Ad_C","Tablet","Evening",0,0.12,207,0,15.9099999999999
5942,1942,"Epsilon-Greedy (eps=0.1)","Ad_D","Tablet","Morning",0,0.1,207,0.02,15.9299999999999
5943,1943,"Epsilon-Greedy (eps=0.1)","Ad_C","Desktop","Evening",0,0.12,207,0,15.9299999999999
5944,1944,"Epsilon-Greedy (eps=0.1)","Ad_A","Desktop","Evening",0,0.05,207,0.07,15.9999999999999
5945,1945,"Epsilon-Greedy (eps=0.1)","Ad_C","Tablet","Morning",0,0.12,207,0,15.9999999999999
5946,1946,"Epsilon-Greedy (eps=0.1)","Ad_C","Desktop","Morning",0,0.12,207,0,15.9999999999999
5947,1947,"Epsilon-Greedy (eps=0.1)","Ad_C","Tablet","Morning",1,0.12,208,0,15.9999999999999
5948,1948,"Epsilon-Greedy (eps=0.1)","Ad_C","Desktop","Afternoon",0,0.12,208,0,15.9999999999999
5949,1949,"Epsilon-Greedy (eps=0.1)","Ad_C","Tablet","Evening",0,0.12,208,0,15.9999999999999
5950,1950,"Epsilon-Greedy (eps=0.1)","Ad_C","Mobile","Afternoon",0,0.12,208,0,15.9999999999999
5951,1951,"Epsilon-Greedy (eps=0.1)","Ad_C","Desktop","Morning",0,0.12,208,0,15.9999999999999
5952,1952,"Epsilon-Greedy (eps=0.1)","Ad_C","Tablet","Morning",0,0.12,208,0,15.9999999999999
5953,1953,"Epsilon-Greedy (eps=0.1)","Ad_C","Tablet","Evening",0,0.12,208,0,15.9999999999999
5954,1954,"Epsilon-Greedy (eps=0.1)","Ad_C","Tablet","Evening",0,0.12,208,0,15.9999999999999
5955,1955,"Epsilon-Greedy (eps=0.1)","Ad_C","Desktop","Morning",0,0.12,208,0,15.9999999999999
5956,1956,"Epsilon-Greedy (eps=0.1)","Ad_C","Desktop","Evening",0,0.12,208,0,15.9999999999999
5957,1957,"Epsilon-Greedy (eps=0.1)","Ad_C","Desktop","Afternoon",0,0.12,208,0,15.9999999999999
5958,1958,"Epsilon-Greedy (eps=0.1)","Ad_C","Desktop","Morning",0,0.12,208,0,15.9999999999999
5959,1959,"Epsilon-Greedy (eps=0.1)","Ad_C","Desktop","Morning",0,0.12,208,0,15.9999999999999
5960,1960,"Epsilon-Greedy (eps=0.1)","Ad_C","Desktop","Afternoon",0,0.12,208,0,15.9999999999999
5961,1961,"Epsilon-Greedy (eps=0.1)","Ad_C","Mobile","Afternoon",0,0.12,208,0,15.9999999999999
5962,1962,"Epsilon-Greedy (eps=0.1)","Ad_C","Mobile","Morning",0,0.12,208,0,15.9999999999999
5963,1963,"Epsilon-Greedy (eps=0.1)","Ad_C","Desktop","Afternoon",0,0.12,208,0,15.9999999999999
5964,1964,"Epsilon-Greedy (eps=0.1)","Ad_C","Mobile","Morning",0,0.12,208,0,15.9999999999999
5965,1965,"Epsilon-Greedy (eps=0.1)","Ad_C","Mobile","Evening",0,0.12,208,0,15.9999999999999
5966,1966,"Epsilon-Greedy (eps=0.1)","Ad_C","Desktop","Afternoon",0,0.12,208,0,15.9999999999999
5967,1967,"Epsilon-Greedy (eps=0.1)","Ad_C","Mobile","Afternoon",0,0.12,208,0,15.9999999999999
5968,1968,"Epsilon-Greedy (eps=0.1)","Ad_C","Desktop","Morning",1,0.12,209,0,15.9999999999999
5969,1969,"Epsilon-Greedy (eps=0.1)","Ad_C","Tablet","Evening",0,0.12,209,0,15.9999999999999
5970,1970,"Epsilon-Greedy (eps=0.1)","Ad_C","Mobile","Evening",0,0.12,209,0,15.9999999999999
5971,1971,"Epsilon-Greedy (eps=0.1)","Ad_C","Tablet","Evening",1,0.12,210,0,15.9999999999999
5972,1972,"Epsilon-Greedy (eps=0.1)","Ad_C","Mobile","Morning",0,0.12,210,0,15.9999999999999
5973,1973,"Epsilon-Greedy (eps=0.1)","Ad_C","Desktop","Afternoon",0,0.12,210,0,15.9999999999999
5974,1974,"Epsilon-Greedy (eps=0.1)","Ad_C","Mobile","Afternoon",0,0.12,210,0,15.9999999999999
5975,1975,"Epsilon-Greedy (eps=0.1)","Ad_C","Desktop","Evening",0,0.12,210,0,15.9999999999999
5976,1976,"Epsilon-Greedy (eps=0.1)","Ad_C","Tablet","Morning",0,0.12,210,0,15.9999999999999
5977,1977,"Epsilon-Greedy (eps=0.1)","Ad_A","Tablet","Morning",0,0.05,210,0.07,16.0699999999999
5978,1978,"Epsilon-Greedy (eps=0.1)","Ad_C","Desktop","Morning",0,0.12,210,0,16.0699999999999
5979,1979,"Epsilon-Greedy (eps=0.1)","Ad_C","Mobile","Afternoon",0,0.12,210,0,16.0699999999999
5980,1980,"Epsilon-Greedy (eps=0.1)","Ad_C","Tablet","Morning",0,0.12,210,0,16.0699999999999
5981,1981,"Epsilon-Greedy (eps=0.1)","Ad_C","Mobile","Morning",0,0.12,210,0,16.0699999999999
5982,1982,"Epsilon-Greedy (eps=0.1)","Ad_C","Mobile","Afternoon",0,0.12,210,0,16.0699999999999
5983,1983,"Epsilon-Greedy (eps=0.1)","Ad_A","Desktop","Afternoon",0,0.05,210,0.07,16.1399999999999
5984,1984,"Epsilon-Greedy (eps=0.1)","Ad_C","Desktop","Morning",0,0.12,210,0,16.1399999999999
5985,1985,"Epsilon-Greedy (eps=0.1)","Ad_C","Mobile","Afternoon",1,0.12,211,0,16.1399999999999
5986,1986,"Epsilon-Greedy (eps=0.1)","Ad_C","Mobile","Morning",0,0.12,211,0,16.1399999999999
5987,1987,"Epsilon-Greedy (eps=0.1)","Ad_C","Mobile","Evening",0,0.12,211,0,16.1399999999999
5988,1988,"Epsilon-Greedy (eps=0.1)","Ad_C","Mobile","Afternoon",0,0.12,211,0,16.1399999999999
5989,1989,"Epsilon-Greedy (eps=0.1)","Ad_B","Mobile","Afternoon",0,0.08,211,0.04,16.1799999999999
5990,1990,"Epsilon-Greedy (eps=0.1)","Ad_C","Desktop","Morning",0,0.12,211,0,16.1799999999999
5991,1991,"Epsilon-Greedy (eps=0.1)","Ad_C","Tablet","Morning",0,0.12,211,0,16.1799999999999
5992,1992,"Epsilon-Greedy (eps=0.1)","Ad_D","Mobile","Afternoon",0,0.1,211,0.02,16.1999999999999
5993,1993,"Epsilon-Greedy (eps=0.1)","Ad_C","Tablet","Afternoon",0,0.12,211,0,16.1999999999999
5994,1994,"Epsilon-Greedy (eps=0.1)","Ad_C","Desktop","Afternoon",0,0.12,211,0,16.1999999999999
5995,1995,"Epsilon-Greedy (eps=0.1)","Ad_C","Tablet","Afternoon",0,0.12,211,0,16.1999999999999
5996,1996,"Epsilon-Greedy (eps=0.1)","Ad_C","Tablet","Morning",0,0.12,211,0,16.1999999999999
5997,1997,"Epsilon-Greedy (eps=0.1)","Ad_D","Tablet","Evening",0,0.1,211,0.02,16.2199999999999
5998,1998,"Epsilon-Greedy (eps=0.1)","Ad_C","Desktop","Morning",0,0.12,211,0,16.2199999999999
5999,1999,"Epsilon-Greedy (eps=0.1)","Ad_C","Mobile","Morning",0,0.12,211,0,16.2199999999999
6000,2000,"Epsilon-Greedy (eps=0.1)","Ad_C","Tablet","Afternoon",0,0.12,211,0,16.2199999999999
6001,1,"UCB1","Ad_A","Mobile","Morning",0,0.05,0,0.07,0.07
6002,2,"UCB1","Ad_B","Tablet","Afternoon",0,0.08,0,0.04,0.11
6003,3,"UCB1","Ad_C","Desktop","Evening",0,0.12,0,0,0.11
6004,4,"UCB1","Ad_D","Tablet","Afternoon",0,0.1,0,0.02,0.13
6005,5,"UCB1","Ad_A","Desktop","Afternoon",0,0.05,0,0.07,0.2
6006,6,"UCB1","Ad_B","Desktop","Afternoon",0,0.08,0,0.04,0.24
6007,7,"UCB1","Ad_C","Desktop","Evening",0,0.12,0,0,0.24
6008,8,"UCB1","Ad_D","Mobile","Afternoon",1,0.1,1,0.02,0.26
6009,9,"UCB1","Ad_D","Desktop","Evening",0,0.1,1,0.02,0.28
6010,10,"UCB1","Ad_D","Desktop","Morning",0,0.1,1,0.02,0.3
6011,11,"UCB1","Ad_A","Mobile","Morning",0,0.05,1,0.07,0.37
6012,12,"UCB1","Ad_B","Mobile","Evening",1,0.08,2,0.04,0.41
6013,13,"UCB1","Ad_B","Mobile","Morning",0,0.08,2,0.04,0.45
6014,14,"UCB1","Ad_C","Tablet","Afternoon",0,0.12,2,0,0.45
6015,15,"UCB1","Ad_B","Mobile","Morning",0,0.08,2,0.04,0.49
6016,16,"UCB1","Ad_D","Tablet","Evening",1,0.1,3,0.02,0.51
6017,17,"UCB1","Ad_D","Tablet","Afternoon",0,0.1,3,0.02,0.53
6018,18,"UCB1","Ad_A","Desktop","Evening",0,0.05,3,0.07,0.6
6019,19,"UCB1","Ad_C","Tablet","Afternoon",0,0.12,3,0,0.6
6020,20,"UCB1","Ad_D","Tablet","Evening",0,0.1,3,0.02,0.62
6021,21,"UCB1","Ad_B","Tablet","Evening",0,0.08,3,0.04,0.66
6022,22,"UCB1","Ad_A","Desktop","Evening",1,0.05,4,0.07,0.73
6023,23,"UCB1","Ad_A","Mobile","Afternoon",0,0.05,4,0.07,0.8
6024,24,"UCB1","Ad_C","Tablet","Evening",0,0.12,4,0,0.8
6025,25,"UCB1","Ad_D","Desktop","Evening",0,0.1,4,0.02,0.82
6026,26,"UCB1","Ad_A","Tablet","Afternoon",0,0.05,4,0.07,0.89
6027,27,"UCB1","Ad_B","Desktop","Morning",0,0.08,4,0.04,0.93
6028,28,"UCB1","Ad_D","Desktop","Evening",0,0.1,4,0.02,0.95
6029,29,"UCB1","Ad_C","Tablet","Morning",0,0.12,4,0,0.95
6030,30,"UCB1","Ad_A","Tablet","Afternoon",0,0.05,4,0.07,1.02
6031,31,"UCB1","Ad_B","Tablet","Afternoon",0,0.08,4,0.04,1.06
6032,32,"UCB1","Ad_D","Mobile","Evening",1,0.1,5,0.02,1.08
6033,33,"UCB1","Ad_D","Desktop","Afternoon",0,0.1,5,0.02,1.1
6034,34,"UCB1","Ad_C","Mobile","Afternoon",0,0.12,5,0,1.1
6035,35,"UCB1","Ad_D","Mobile","Evening",0,0.1,5,0.02,1.12
6036,36,"UCB1","Ad_A","Desktop","Morning",0,0.05,5,0.07,1.19
6037,37,"UCB1","Ad_B","Tablet","Afternoon",0,0.08,5,0.04,1.23
6038,38,"UCB1","Ad_D","Desktop","Evening",0,0.1,5,0.02,1.25
6039,39,"UCB1","Ad_C","Tablet","Evening",0,0.12,5,0,1.25
6040,40,"UCB1","Ad_A","Desktop","Afternoon",0,0.05,5,0.07,1.32
6041,41,"UCB1","Ad_B","Tablet","Evening",0,0.08,5,0.04,1.36
6042,42,"UCB1","Ad_D","Mobile","Evening",1,0.1,6,0.02,1.38
6043,43,"UCB1","Ad_D","Tablet","Evening",0,0.1,6,0.02,1.4
6044,44,"UCB1","Ad_D","Desktop","Evening",0,0.1,6,0.02,1.42
6045,45,"UCB1","Ad_C","Mobile","Afternoon",0,0.12,6,0,1.42
6046,46,"UCB1","Ad_A","Mobile","Evening",0,0.05,6,0.07,1.49
6047,47,"UCB1","Ad_B","Tablet","Morning",0,0.08,6,0.04,1.53
6048,48,"UCB1","Ad_D","Tablet","Evening",0,0.1,6,0.02,1.55
6049,49,"UCB1","Ad_A","Mobile","Afternoon",0,0.05,6,0.07,1.62
6050,50,"UCB1","Ad_B","Desktop","Afternoon",0,0.08,6,0.04,1.66
6051,51,"UCB1","Ad_C","Desktop","Morning",1,0.12,7,0,1.66
6052,52,"UCB1","Ad_C","Tablet","Evening",0,0.12,7,0,1.66
6053,53,"UCB1","Ad_C","Tablet","Evening",0,0.12,7,0,1.66
6054,54,"UCB1","Ad_D","Desktop","Evening",0,0.1,7,0.02,1.68
6055,55,"UCB1","Ad_A","Mobile","Afternoon",0,0.05,7,0.07,1.75
6056,56,"UCB1","Ad_B","Mobile","Afternoon",1,0.08,8,0.04,1.79
6057,57,"UCB1","Ad_B","Tablet","Evening",0,0.08,8,0.04,1.83
6058,58,"UCB1","Ad_C","Tablet","Evening",0,0.12,8,0,1.83
6059,59,"UCB1","Ad_B","Mobile","Afternoon",0,0.08,8,0.04,1.87
6060,60,"UCB1","Ad_D","Desktop","Evening",0,0.1,8,0.02,1.89
6061,61,"UCB1","Ad_B","Desktop","Evening",0,0.08,8,0.04,1.93
6062,62,"UCB1","Ad_A","Desktop","Morning",1,0.05,9,0.07,2
6063,63,"UCB1","Ad_A","Mobile","Evening",0,0.05,9,0.07,2.07
6064,64,"UCB1","Ad_A","Desktop","Morning",0,0.05,9,0.07,2.14
6065,65,"UCB1","Ad_C","Desktop","Morning",0,0.12,9,0,2.14
6066,66,"UCB1","Ad_D","Tablet","Evening",0,0.1,9,0.02,2.16
6067,67,"UCB1","Ad_A","Mobile","Afternoon",0,0.05,9,0.07,2.23
6068,68,"UCB1","Ad_B","Mobile","Afternoon",0,0.08,9,0.04,2.27
6069,69,"UCB1","Ad_D","Mobile","Morning",0,0.1,9,0.02,2.29
6070,70,"UCB1","Ad_C","Desktop","Morning",0,0.12,9,0,2.29
6071,71,"UCB1","Ad_D","Desktop","Afternoon",0,0.1,9,0.02,2.31
6072,72,"UCB1","Ad_A","Desktop","Evening",0,0.05,9,0.07,2.38
6073,73,"UCB1","Ad_B","Desktop","Morning",0,0.08,9,0.04,2.42
6074,74,"UCB1","Ad_C","Mobile","Evening",0,0.12,9,0,2.42
6075,75,"UCB1","Ad_D","Mobile","Evening",0,0.1,9,0.02,2.44
6076,76,"UCB1","Ad_A","Desktop","Afternoon",0,0.05,9,0.07,2.51
6077,77,"UCB1","Ad_B","Desktop","Evening",0,0.08,9,0.04,2.55
6078,78,"UCB1","Ad_C","Desktop","Morning",0,0.12,9,0,2.55
6079,79,"UCB1","Ad_D","Desktop","Morning",0,0.1,9,0.02,2.57
6080,80,"UCB1","Ad_A","Desktop","Evening",0,0.05,9,0.07,2.64
6081,81,"UCB1","Ad_B","Tablet","Afternoon",0,0.08,9,0.04,2.68
6082,82,"UCB1","Ad_C","Tablet","Morning",0,0.12,9,0,2.68
6083,83,"UCB1","Ad_D","Desktop","Afternoon",0,0.1,9,0.02,2.7
6084,84,"UCB1","Ad_A","Mobile","Evening",0,0.05,9,0.07,2.77
6085,85,"UCB1","Ad_B","Desktop","Afternoon",0,0.08,9,0.04,2.81
6086,86,"UCB1","Ad_C","Desktop","Evening",0,0.12,9,0,2.81
6087,87,"UCB1","Ad_D","Desktop","Morning",1,0.1,10,0.02,2.83
6088,88,"UCB1","Ad_D","Tablet","Afternoon",0,0.1,10,0.02,2.85
6089,89,"UCB1","Ad_D","Mobile","Evening",0,0.1,10,0.02,2.87
6090,90,"UCB1","Ad_A","Tablet","Evening",0,0.05,10,0.07,2.94
6091,91,"UCB1","Ad_B","Desktop","Afternoon",1,0.08,11,0.04,2.98
6092,92,"UCB1","Ad_B","Mobile","Evening",0,0.08,11,0.04,3.02
6093,93,"UCB1","Ad_B","Mobile","Afternoon",1,0.08,12,0.04,3.06
6094,94,"UCB1","Ad_B","Tablet","Evening",0,0.08,12,0.04,3.1
6095,95,"UCB1","Ad_B","Tablet","Morning",0,0.08,12,0.04,3.14
6096,96,"UCB1","Ad_D","Desktop","Afternoon",0,0.1,12,0.02,3.16
6097,97,"UCB1","Ad_B","Tablet","Morning",0,0.08,12,0.04,3.2
6098,98,"UCB1","Ad_C","Desktop","Afternoon",0,0.12,12,0,3.2
6099,99,"UCB1","Ad_A","Desktop","Morning",1,0.05,13,0.07,3.27
6100,100,"UCB1","Ad_A","Tablet","Afternoon",0,0.05,13,0.07,3.34
6101,101,"UCB1","Ad_A","Tablet","Morning",0,0.05,13,0.07,3.41
6102,102,"UCB1","Ad_D","Desktop","Evening",0,0.1,13,0.02,3.43
6103,103,"UCB1","Ad_B","Mobile","Afternoon",0,0.08,13,0.04,3.47
6104,104,"UCB1","Ad_C","Mobile","Morning",0,0.12,13,0,3.47
6105,105,"UCB1","Ad_A","Tablet","Morning",0,0.05,13,0.07,3.54
6106,106,"UCB1","Ad_D","Desktop","Morning",0,0.1,13,0.02,3.56
6107,107,"UCB1","Ad_B","Tablet","Afternoon",0,0.08,13,0.04,3.6
6108,108,"UCB1","Ad_A","Mobile","Evening",0,0.05,13,0.07,3.67
6109,109,"UCB1","Ad_C","Tablet","Morning",0,0.12,13,0,3.67
6110,110,"UCB1","Ad_D","Desktop","Afternoon",0,0.1,13,0.02,3.69
6111,111,"UCB1","Ad_B","Mobile","Afternoon",0,0.08,13,0.04,3.73
6112,112,"UCB1","Ad_A","Mobile","Morning",0,0.05,13,0.07,3.8
6113,113,"UCB1","Ad_C","Desktop","Morning",0,0.12,13,0,3.8
6114,114,"UCB1","Ad_D","Mobile","Evening",0,0.1,13,0.02,3.82
6115,115,"UCB1","Ad_B","Tablet","Morning",0,0.08,13,0.04,3.86
6116,116,"UCB1","Ad_A","Desktop","Morning",0,0.05,13,0.07,3.93
6117,117,"UCB1","Ad_D","Mobile","Evening",0,0.1,13,0.02,3.95
6118,118,"UCB1","Ad_C","Desktop","Afternoon",0,0.12,13,0,3.95
6119,119,"UCB1","Ad_B","Desktop","Evening",0,0.08,13,0.04,3.99
6120,120,"UCB1","Ad_A","Mobile","Afternoon",0,0.05,13,0.07,4.06
6121,121,"UCB1","Ad_D","Mobile","Afternoon",0,0.1,13,0.02,4.08
6122,122,"UCB1","Ad_C","Tablet","Afternoon",0,0.12,13,0,4.08
6123,123,"UCB1","Ad_B","Mobile","Morning",0,0.08,13,0.04,4.12
6124,124,"UCB1","Ad_D","Desktop","Afternoon",0,0.1,13,0.02,4.14
6125,125,"UCB1","Ad_A","Mobile","Evening",0,0.05,13,0.07,4.21
6126,126,"UCB1","Ad_B","Mobile","Morning",0,0.08,13,0.04,4.25
6127,127,"UCB1","Ad_C","Mobile","Morning",0,0.12,13,0,4.25
6128,128,"UCB1","Ad_D","Mobile","Evening",0,0.1,13,0.02,4.27
6129,129,"UCB1","Ad_A","Desktop","Morning",0,0.05,13,0.07,4.34
6130,130,"UCB1","Ad_B","Tablet","Afternoon",0,0.08,13,0.04,4.38
6131,131,"UCB1","Ad_C","Tablet","Morning",0,0.12,13,0,4.38
6132,132,"UCB1","Ad_D","Desktop","Evening",0,0.1,13,0.02,4.4
6133,133,"UCB1","Ad_A","Tablet","Morning",0,0.05,13,0.07,4.47
6134,134,"UCB1","Ad_B","Desktop","Morning",1,0.08,14,0.04,4.51
6135,135,"UCB1","Ad_B","Mobile","Afternoon",0,0.08,14,0.04,4.55
6136,136,"UCB1","Ad_B","Mobile","Morning",0,0.08,14,0.04,4.59
6137,137,"UCB1","Ad_C","Tablet","Afternoon",0,0.12,14,0,4.59
6138,138,"UCB1","Ad_B","Mobile","Evening",0,0.08,14,0.04,4.63
6139,139,"UCB1","Ad_D","Mobile","Afternoon",0,0.1,14,0.02,4.65
6140,140,"UCB1","Ad_A","Mobile","Morning",0,0.05,14,0.07,4.72
6141,141,"UCB1","Ad_B","Mobile","Morning",0,0.08,14,0.04,4.76
6142,142,"UCB1","Ad_D","Desktop","Afternoon",1,0.1,15,0.02,4.78
6143,143,"UCB1","Ad_D","Mobile","Afternoon",0,0.1,15,0.02,4.8
6144,144,"UCB1","Ad_D","Desktop","Morning",0,0.1,15,0.02,4.82
6145,145,"UCB1","Ad_C","Desktop","Evening",0,0.12,15,0,4.82
6146,146,"UCB1","Ad_D","Desktop","Morning",1,0.1,16,0.02,4.84
6147,147,"UCB1","Ad_D","Mobile","Morning",0,0.1,16,0.02,4.86
6148,148,"UCB1","Ad_D","Desktop","Evening",0,0.1,16,0.02,4.88
6149,149,"UCB1","Ad_A","Desktop","Morning",0,0.05,16,0.07,4.95
6150,150,"UCB1","Ad_D","Tablet","Morning",0,0.1,16,0.02,4.97
6151,151,"UCB1","Ad_B","Desktop","Afternoon",0,0.08,16,0.04,5.01
6152,152,"UCB1","Ad_C","Desktop","Afternoon",0,0.12,16,0,5.01
6153,153,"UCB1","Ad_A","Tablet","Afternoon",0,0.05,16,0.07,5.08
6154,154,"UCB1","Ad_D","Tablet","Afternoon",0,0.1,16,0.02,5.1
6155,155,"UCB1","Ad_B","Tablet","Afternoon",0,0.08,16,0.04,5.14
6156,156,"UCB1","Ad_C","Tablet","Evening",0,0.12,16,0,5.14
6157,157,"UCB1","Ad_A","Desktop","Morning",0,0.05,16,0.07,5.21
6158,158,"UCB1","Ad_D","Tablet","Morning",0,0.1,16,0.02,5.23
6159,159,"UCB1","Ad_B","Mobile","Morning",0,0.08,16,0.04,5.27
6160,160,"UCB1","Ad_D","Tablet","Evening",1,0.1,17,0.02,5.28999999999999
6161,161,"UCB1","Ad_D","Mobile","Morning",0,0.1,17,0.02,5.30999999999999
6162,162,"UCB1","Ad_D","Mobile","Morning",0,0.1,17,0.02,5.32999999999999
6163,163,"UCB1","Ad_A","Mobile","Evening",0,0.05,17,0.07,5.39999999999999
6164,164,"UCB1","Ad_C","Mobile","Evening",0,0.12,17,0,5.39999999999999
6165,165,"UCB1","Ad_D","Desktop","Evening",0,0.1,17,0.02,5.41999999999999
6166,166,"UCB1","Ad_B","Desktop","Evening",0,0.08,17,0.04,5.45999999999999
6167,167,"UCB1","Ad_A","Mobile","Morning",0,0.05,17,0.07,5.52999999999999
6168,168,"UCB1","Ad_D","Mobile","Evening",1,0.1,18,0.02,5.54999999999999
6169,169,"UCB1","Ad_D","Tablet","Morning",0,0.1,18,0.02,5.56999999999999
6170,170,"UCB1","Ad_D","Tablet","Evening",0,0.1,18,0.02,5.58999999999999
6171,171,"UCB1","Ad_C","Tablet","Afternoon",0,0.12,18,0,5.58999999999999
6172,172,"UCB1","Ad_B","Desktop","Evening",0,0.08,18,0.04,5.62999999999999
6173,173,"UCB1","Ad_D","Mobile","Evening",0,0.1,18,0.02,5.64999999999999
6174,174,"UCB1","Ad_A","Mobile","Afternoon",0,0.05,18,0.07,5.71999999999999
6175,175,"UCB1","Ad_B","Desktop","Morning",0,0.08,18,0.04,5.75999999999999
6176,176,"UCB1","Ad_D","Desktop","Morning",0,0.1,18,0.02,5.77999999999999
6177,177,"UCB1","Ad_C","Mobile","Afternoon",0,0.12,18,0,5.77999999999999
6178,178,"UCB1","Ad_D","Mobile","Morning",0,0.1,18,0.02,5.79999999999999
6179,179,"UCB1","Ad_A","Desktop","Evening",0,0.05,18,0.07,5.86999999999999
6180,180,"UCB1","Ad_B","Mobile","Evening",0,0.08,18,0.04,5.90999999999999
6181,181,"UCB1","Ad_C","Desktop","Evening",0,0.12,18,0,5.90999999999999
6182,182,"UCB1","Ad_D","Desktop","Evening",0,0.1,18,0.02,5.92999999999999
6183,183,"UCB1","Ad_A","Mobile","Evening",1,0.05,19,0.07,5.99999999999999
6184,184,"UCB1","Ad_A","Tablet","Morning",1,0.05,20,0.07,6.06999999999999
6185,185,"UCB1","Ad_A","Mobile","Afternoon",0,0.05,20,0.07,6.13999999999999
6186,186,"UCB1","Ad_A","Desktop","Morning",0,0.05,20,0.07,6.20999999999999
6187,187,"UCB1","Ad_A","Tablet","Afternoon",0,0.05,20,0.07,6.27999999999999
6188,188,"UCB1","Ad_A","Desktop","Evening",0,0.05,20,0.07,6.34999999999999
6189,189,"UCB1","Ad_A","Desktop","Evening",0,0.05,20,0.07,6.41999999999999
6190,190,"UCB1","Ad_B","Tablet","Afternoon",0,0.08,20,0.04,6.45999999999999
6191,191,"UCB1","Ad_C","Tablet","Afternoon",0,0.12,20,0,6.45999999999999
6192,192,"UCB1","Ad_D","Mobile","Morning",0,0.1,20,0.02,6.47999999999999
6193,193,"UCB1","Ad_A","Tablet","Afternoon",0,0.05,20,0.07,6.54999999999999
6194,194,"UCB1","Ad_B","Desktop","Afternoon",0,0.08,20,0.04,6.58999999999999
6195,195,"UCB1","Ad_D","Tablet","Afternoon",0,0.1,20,0.02,6.60999999999999
6196,196,"UCB1","Ad_C","Desktop","Morning",0,0.12,20,0,6.60999999999999
6197,197,"UCB1","Ad_A","Desktop","Evening",0,0.05,20,0.07,6.67999999999999
6198,198,"UCB1","Ad_B","Mobile","Afternoon",0,0.08,20,0.04,6.71999999999999
6199,199,"UCB1","Ad_D","Mobile","Evening",0,0.1,20,0.02,6.73999999999999
6200,200,"UCB1","Ad_C","Desktop","Evening",0,0.12,20,0,6.73999999999999
6201,201,"UCB1","Ad_A","Desktop","Evening",0,0.05,20,0.07,6.80999999999999
6202,202,"UCB1","Ad_B","Desktop","Evening",0,0.08,20,0.04,6.84999999999999
6203,203,"UCB1","Ad_D","Mobile","Afternoon",0,0.1,20,0.02,6.86999999999999
6204,204,"UCB1","Ad_C","Desktop","Morning",0,0.12,20,0,6.86999999999999
6205,205,"UCB1","Ad_A","Desktop","Afternoon",0,0.05,20,0.07,6.93999999999999
6206,206,"UCB1","Ad_B","Desktop","Afternoon",0,0.08,20,0.04,6.97999999999999
6207,207,"UCB1","Ad_D","Mobile","Afternoon",1,0.1,21,0.02,6.99999999999999
6208,208,"UCB1","Ad_D","Desktop","Afternoon",0,0.1,21,0.02,7.01999999999999
6209,209,"UCB1","Ad_D","Mobile","Afternoon",0,0.1,21,0.02,7.03999999999999
6210,210,"UCB1","Ad_D","Desktop","Evening",0,0.1,21,0.02,7.05999999999999
6211,211,"UCB1","Ad_A","Mobile","Morning",0,0.05,21,0.07,7.12999999999999
6212,212,"UCB1","Ad_B","Tablet","Afternoon",0,0.08,21,0.04,7.16999999999999
6213,213,"UCB1","Ad_C","Desktop","Afternoon",1,0.12,22,0,7.16999999999999
6214,214,"UCB1","Ad_C","Desktop","Afternoon",0,0.12,22,0,7.16999999999999
6215,215,"UCB1","Ad_C","Mobile","Evening",0,0.12,22,0,7.16999999999999
6216,216,"UCB1","Ad_C","Desktop","Morning",1,0.12,23,0,7.16999999999999
6217,217,"UCB1","Ad_C","Desktop","Evening",1,0.12,24,0,7.16999999999999
6218,218,"UCB1","Ad_C","Mobile","Evening",0,0.12,24,0,7.16999999999999
6219,219,"UCB1","Ad_C","Tablet","Morning",0,0.12,24,0,7.16999999999999
6220,220,"UCB1","Ad_C","Mobile","Evening",0,0.12,24,0,7.16999999999999
6221,221,"UCB1","Ad_C","Desktop","Morning",0,0.12,24,0,7.16999999999999
6222,222,"UCB1","Ad_C","Tablet","Morning",0,0.12,24,0,7.16999999999999
6223,223,"UCB1","Ad_C","Tablet","Morning",0,0.12,24,0,7.16999999999999
6224,224,"UCB1","Ad_D","Desktop","Morning",0,0.1,24,0.02,7.18999999999999
6225,225,"UCB1","Ad_A","Tablet","Morning",0,0.05,24,0.07,7.25999999999999
6226,226,"UCB1","Ad_B","Tablet","Afternoon",0,0.08,24,0.04,7.29999999999999
6227,227,"UCB1","Ad_D","Desktop","Afternoon",0,0.1,24,0.02,7.31999999999999
6228,228,"UCB1","Ad_C","Mobile","Evening",0,0.12,24,0,7.31999999999999
6229,229,"UCB1","Ad_D","Desktop","Afternoon",0,0.1,24,0.02,7.33999999999999
6230,230,"UCB1","Ad_A","Mobile","Morning",0,0.05,24,0.07,7.40999999999999
6231,231,"UCB1","Ad_B","Tablet","Evening",0,0.08,24,0.04,7.44999999999999
6232,232,"UCB1","Ad_C","Desktop","Morning",1,0.12,25,0,7.44999999999999
6233,233,"UCB1","Ad_C","Mobile","Afternoon",0,0.12,25,0,7.44999999999999
6234,234,"UCB1","Ad_C","Desktop","Afternoon",0,0.12,25,0,7.44999999999999
6235,235,"UCB1","Ad_C","Desktop","Afternoon",0,0.12,25,0,7.44999999999999
6236,236,"UCB1","Ad_D","Tablet","Afternoon",0,0.1,25,0.02,7.46999999999999
6237,237,"UCB1","Ad_A","Mobile","Evening",1,0.05,26,0.07,7.53999999999999
6238,238,"UCB1","Ad_A","Tablet","Evening",0,0.05,26,0.07,7.60999999999999
6239,239,"UCB1","Ad_A","Tablet","Morning",0,0.05,26,0.07,7.67999999999999
6240,240,"UCB1","Ad_A","Tablet","Afternoon",0,0.05,26,0.07,7.74999999999999
6241,241,"UCB1","Ad_B","Desktop","Evening",0,0.08,26,0.04,7.78999999999999
6242,242,"UCB1","Ad_C","Mobile","Evening",0,0.12,26,0,7.78999999999999
6243,243,"UCB1","Ad_D","Tablet","Morning",0,0.1,26,0.02,7.80999999999999
6244,244,"UCB1","Ad_A","Desktop","Morning",1,0.05,27,0.07,7.87999999999999
6245,245,"UCB1","Ad_A","Mobile","Afternoon",0,0.05,27,0.07,7.94999999999999
6246,246,"UCB1","Ad_A","Tablet","Morning",0,0.05,27,0.07,8.01999999999999
6247,247,"UCB1","Ad_A","Desktop","Morning",0,0.05,27,0.07,8.08999999999999
6248,248,"UCB1","Ad_B","Desktop","Morning",0,0.08,27,0.04,8.12999999999999
6249,249,"UCB1","Ad_C","Tablet","Afternoon",0,0.12,27,0,8.12999999999999
6250,250,"UCB1","Ad_D","Desktop","Afternoon",0,0.1,27,0.02,8.14999999999999
6251,251,"UCB1","Ad_A","Mobile","Afternoon",0,0.05,27,0.07,8.21999999999999
6252,252,"UCB1","Ad_B","Tablet","Evening",0,0.08,27,0.04,8.25999999999999
6253,253,"UCB1","Ad_C","Mobile","Morning",0,0.12,27,0,8.25999999999999
6254,254,"UCB1","Ad_D","Tablet","Afternoon",0,0.1,27,0.02,8.27999999999999
6255,255,"UCB1","Ad_A","Tablet","Afternoon",0,0.05,27,0.07,8.34999999999999
6256,256,"UCB1","Ad_B","Desktop","Morning",0,0.08,27,0.04,8.38999999999999
6257,257,"UCB1","Ad_C","Tablet","Evening",0,0.12,27,0,8.38999999999999
6258,258,"UCB1","Ad_D","Mobile","Morning",0,0.1,27,0.02,8.40999999999999
6259,259,"UCB1","Ad_A","Tablet","Evening",0,0.05,27,0.07,8.47999999999999
6260,260,"UCB1","Ad_B","Desktop","Morning",0,0.08,27,0.04,8.51999999999999
6261,261,"UCB1","Ad_C","Mobile","Afternoon",0,0.12,27,0,8.51999999999999
6262,262,"UCB1","Ad_D","Desktop","Morning",0,0.1,27,0.02,8.53999999999999
6263,263,"UCB1","Ad_A","Mobile","Morning",0,0.05,27,0.07,8.60999999999999
6264,264,"UCB1","Ad_D","Tablet","Evening",0,0.1,27,0.02,8.62999999999999
6265,265,"UCB1","Ad_B","Desktop","Evening",0,0.08,27,0.04,8.66999999999999
6266,266,"UCB1","Ad_C","Tablet","Evening",0,0.12,27,0,8.66999999999999
6267,267,"UCB1","Ad_A","Desktop","Morning",0,0.05,27,0.07,8.73999999999999
6268,268,"UCB1","Ad_D","Desktop","Morning",1,0.1,28,0.02,8.75999999999999
6269,269,"UCB1","Ad_D","Mobile","Evening",0,0.1,28,0.02,8.77999999999999
6270,270,"UCB1","Ad_D","Desktop","Evening",0,0.1,28,0.02,8.79999999999999
6271,271,"UCB1","Ad_D","Mobile","Afternoon",0,0.1,28,0.02,8.81999999999999
6272,272,"UCB1","Ad_B","Tablet","Evening",0,0.08,28,0.04,8.85999999999999
6273,273,"UCB1","Ad_C","Tablet","Morning",0,0.12,28,0,8.85999999999999
6274,274,"UCB1","Ad_A","Desktop","Evening",0,0.05,28,0.07,8.92999999999999
6275,275,"UCB1","Ad_D","Mobile","Morning",0,0.1,28,0.02,8.94999999999999
6276,276,"UCB1","Ad_B","Tablet","Morning",0,0.08,28,0.04,8.98999999999998
6277,277,"UCB1","Ad_C","Desktop","Evening",0,0.12,28,0,8.98999999999998
6278,278,"UCB1","Ad_A","Tablet","Morning",0,0.05,28,0.07,9.05999999999998
6279,279,"UCB1","Ad_D","Mobile","Evening",0,0.1,28,0.02,9.07999999999998
6280,280,"UCB1","Ad_B","Tablet","Afternoon",0,0.08,28,0.04,9.11999999999998
6281,281,"UCB1","Ad_C","Mobile","Afternoon",0,0.12,28,0,9.11999999999998
6282,282,"UCB1","Ad_A","Desktop","Afternoon",0,0.05,28,0.07,9.18999999999998
6283,283,"UCB1","Ad_D","Desktop","Evening",0,0.1,28,0.02,9.20999999999998
6284,284,"UCB1","Ad_B","Desktop","Afternoon",0,0.08,28,0.04,9.24999999999998
6285,285,"UCB1","Ad_C","Desktop","Evening",0,0.12,28,0,9.24999999999998
6286,286,"UCB1","Ad_D","Tablet","Evening",0,0.1,28,0.02,9.26999999999998
6287,287,"UCB1","Ad_A","Tablet","Morning",0,0.05,28,0.07,9.33999999999998
6288,288,"UCB1","Ad_D","Desktop","Evening",0,0.1,28,0.02,9.35999999999998
6289,289,"UCB1","Ad_B","Desktop","Morning",0,0.08,28,0.04,9.39999999999998
6290,290,"UCB1","Ad_C","Desktop","Afternoon",0,0.12,28,0,9.39999999999998
6291,291,"UCB1","Ad_A","Mobile","Afternoon",0,0.05,28,0.07,9.46999999999998
6292,292,"UCB1","Ad_D","Mobile","Morning",0,0.1,28,0.02,9.48999999999998
6293,293,"UCB1","Ad_B","Desktop","Morning",0,0.08,28,0.04,9.52999999999998
6294,294,"UCB1","Ad_C","Mobile","Morning",0,0.12,28,0,9.52999999999998
6295,295,"UCB1","Ad_A","Mobile","Evening",0,0.05,28,0.07,9.59999999999998
6296,296,"UCB1","Ad_D","Desktop","Morning",0,0.1,28,0.02,9.61999999999998
6297,297,"UCB1","Ad_B","Tablet","Morning",0,0.08,28,0.04,9.65999999999998
6298,298,"UCB1","Ad_C","Tablet","Afternoon",0,0.12,28,0,9.65999999999998
6299,299,"UCB1","Ad_A","Desktop","Morning",0,0.05,28,0.07,9.72999999999998
6300,300,"UCB1","Ad_D","Mobile","Afternoon",1,0.1,29,0.02,9.74999999999998
6301,301,"UCB1","Ad_D","Mobile","Evening",0,0.1,29,0.02,9.76999999999998
6302,302,"UCB1","Ad_D","Tablet","Morning",0,0.1,29,0.02,9.78999999999998
6303,303,"UCB1","Ad_D","Tablet","Afternoon",0,0.1,29,0.02,9.80999999999998
6304,304,"UCB1","Ad_A","Mobile","Evening",0,0.05,29,0.07,9.87999999999998
6305,305,"UCB1","Ad_B","Desktop","Evening",0,0.08,29,0.04,9.91999999999998
6306,306,"UCB1","Ad_C","Desktop","Morning",0,0.12,29,0,9.91999999999998
6307,307,"UCB1","Ad_D","Desktop","Evening",0,0.1,29,0.02,9.93999999999998
6308,308,"UCB1","Ad_A","Desktop","Evening",0,0.05,29,0.07,10.01
6309,309,"UCB1","Ad_D","Tablet","Evening",0,0.1,29,0.02,10.03
6310,310,"UCB1","Ad_B","Mobile","Morning",0,0.08,29,0.04,10.07
6311,311,"UCB1","Ad_C","Mobile","Evening",0,0.12,29,0,10.07
6312,312,"UCB1","Ad_D","Desktop","Afternoon",0,0.1,29,0.02,10.09
6313,313,"UCB1","Ad_A","Mobile","Afternoon",0,0.05,29,0.07,10.16
6314,314,"UCB1","Ad_B","Desktop","Evening",0,0.08,29,0.04,10.2
6315,315,"UCB1","Ad_C","Mobile","Afternoon",0,0.12,29,0,10.2
6316,316,"UCB1","Ad_D","Desktop","Afternoon",0,0.1,29,0.02,10.22
6317,317,"UCB1","Ad_A","Tablet","Afternoon",0,0.05,29,0.07,10.29
6318,318,"UCB1","Ad_B","Tablet","Evening",0,0.08,29,0.04,10.33
6319,319,"UCB1","Ad_C","Tablet","Afternoon",0,0.12,29,0,10.33
6320,320,"UCB1","Ad_D","Desktop","Morning",0,0.1,29,0.02,10.35
6321,321,"UCB1","Ad_A","Mobile","Morning",0,0.05,29,0.07,10.42
6322,322,"UCB1","Ad_B","Tablet","Morning",1,0.08,30,0.04,10.46
6323,323,"UCB1","Ad_B","Desktop","Morning",0,0.08,30,0.04,10.5
6324,324,"UCB1","Ad_B","Desktop","Evening",0,0.08,30,0.04,10.54
6325,325,"UCB1","Ad_B","Tablet","Afternoon",0,0.08,30,0.04,10.58
6326,326,"UCB1","Ad_C","Desktop","Morning",0,0.12,30,0,10.58
6327,327,"UCB1","Ad_B","Desktop","Morning",0,0.08,30,0.04,10.62
6328,328,"UCB1","Ad_D","Mobile","Evening",0,0.1,30,0.02,10.64
6329,329,"UCB1","Ad_A","Desktop","Evening",0,0.05,30,0.07,10.71
6330,330,"UCB1","Ad_C","Desktop","Afternoon",0,0.12,30,0,10.71
6331,331,"UCB1","Ad_D","Mobile","Evening",0,0.1,30,0.02,10.73
6332,332,"UCB1","Ad_B","Mobile","Evening",0,0.08,30,0.04,10.77
6333,333,"UCB1","Ad_A","Tablet","Evening",0,0.05,30,0.07,10.84
6334,334,"UCB1","Ad_C","Tablet","Morning",0,0.12,30,0,10.84
6335,335,"UCB1","Ad_D","Desktop","Evening",0,0.1,30,0.02,10.86
6336,336,"UCB1","Ad_B","Tablet","Evening",0,0.08,30,0.04,10.9
6337,337,"UCB1","Ad_A","Tablet","Afternoon",0,0.05,30,0.07,10.97
6338,338,"UCB1","Ad_D","Tablet","Morning",0,0.1,30,0.02,10.99
6339,339,"UCB1","Ad_C","Desktop","Afternoon",0,0.12,30,0,10.99
6340,340,"UCB1","Ad_B","Desktop","Afternoon",0,0.08,30,0.04,11.03
6341,341,"UCB1","Ad_A","Desktop","Afternoon",0,0.05,30,0.07,11.1
6342,342,"UCB1","Ad_D","Desktop","Morning",0,0.1,30,0.02,11.12
6343,343,"UCB1","Ad_C","Tablet","Afternoon",0,0.12,30,0,11.12
6344,344,"UCB1","Ad_B","Desktop","Afternoon",0,0.08,30,0.04,11.16
6345,345,"UCB1","Ad_A","Desktop","Afternoon",0,0.05,30,0.07,11.23
6346,346,"UCB1","Ad_D","Tablet","Afternoon",0,0.1,30,0.02,11.25
6347,347,"UCB1","Ad_C","Mobile","Afternoon",0,0.12,30,0,11.25
6348,348,"UCB1","Ad_B","Tablet","Afternoon",0,0.08,30,0.04,11.29
6349,349,"UCB1","Ad_D","Mobile","Morning",0,0.1,30,0.02,11.31
6350,350,"UCB1","Ad_A","Tablet","Afternoon",0,0.05,30,0.07,11.38
6351,351,"UCB1","Ad_C","Mobile","Afternoon",0,0.12,30,0,11.38
6352,352,"UCB1","Ad_B","Mobile","Morning",1,0.08,31,0.04,11.42
6353,353,"UCB1","Ad_B","Mobile","Morning",0,0.08,31,0.04,11.46
6354,354,"UCB1","Ad_B","Mobile","Evening",0,0.08,31,0.04,11.5
6355,355,"UCB1","Ad_B","Mobile","Evening",0,0.08,31,0.04,11.54
6356,356,"UCB1","Ad_D","Desktop","Evening",0,0.1,31,0.02,11.56
6357,357,"UCB1","Ad_A","Desktop","Afternoon",0,0.05,31,0.07,11.63
6358,358,"UCB1","Ad_B","Mobile","Afternoon",0,0.08,31,0.04,11.67
6359,359,"UCB1","Ad_C","Desktop","Morning",0,0.12,31,0,11.67
6360,360,"UCB1","Ad_D","Tablet","Afternoon",0,0.1,31,0.02,11.69
6361,361,"UCB1","Ad_A","Desktop","Morning",0,0.05,31,0.07,11.76
6362,362,"UCB1","Ad_B","Tablet","Afternoon",0,0.08,31,0.04,11.8
6363,363,"UCB1","Ad_D","Tablet","Morning",0,0.1,31,0.02,11.82
6364,364,"UCB1","Ad_C","Desktop","Evening",1,0.12,32,0,11.82
6365,365,"UCB1","Ad_C","Mobile","Morning",0,0.12,32,0,11.82
6366,366,"UCB1","Ad_C","Mobile","Evening",0,0.12,32,0,11.82
6367,367,"UCB1","Ad_C","Tablet","Afternoon",0,0.12,32,0,11.82
6368,368,"UCB1","Ad_C","Tablet","Afternoon",0,0.12,32,0,11.82
6369,369,"UCB1","Ad_A","Tablet","Evening",0,0.05,32,0.07,11.89
6370,370,"UCB1","Ad_B","Mobile","Afternoon",0,0.08,32,0.04,11.93
6371,371,"UCB1","Ad_D","Mobile","Evening",0,0.1,32,0.02,11.95
6372,372,"UCB1","Ad_C","Desktop","Afternoon",1,0.12,33,0,11.95
6373,373,"UCB1","Ad_C","Tablet","Evening",0,0.12,33,0,11.95
6374,374,"UCB1","Ad_C","Tablet","Evening",0,0.12,33,0,11.95
6375,375,"UCB1","Ad_C","Tablet","Evening",0,0.12,33,0,11.95
6376,376,"UCB1","Ad_A","Desktop","Morning",0,0.05,33,0.07,12.02
6377,377,"UCB1","Ad_B","Tablet","Afternoon",0,0.08,33,0.04,12.06
6378,378,"UCB1","Ad_C","Tablet","Afternoon",0,0.12,33,0,12.06
6379,379,"UCB1","Ad_D","Mobile","Morning",0,0.1,33,0.02,12.08
6380,380,"UCB1","Ad_A","Mobile","Evening",0,0.05,33,0.07,12.15
6381,381,"UCB1","Ad_B","Tablet","Morning",0,0.08,33,0.04,12.19
6382,382,"UCB1","Ad_C","Tablet","Evening",0,0.12,33,0,12.19
6383,383,"UCB1","Ad_D","Mobile","Morning",0,0.1,33,0.02,12.21
6384,384,"UCB1","Ad_A","Tablet","Afternoon",0,0.05,33,0.07,12.28
6385,385,"UCB1","Ad_B","Mobile","Morning",0,0.08,33,0.04,12.32
6386,386,"UCB1","Ad_C","Tablet","Afternoon",0,0.12,33,0,12.32
6387,387,"UCB1","Ad_D","Mobile","Evening",0,0.1,33,0.02,12.34
6388,388,"UCB1","Ad_A","Desktop","Evening",0,0.05,33,0.07,12.41
6389,389,"UCB1","Ad_B","Desktop","Afternoon",0,0.08,33,0.04,12.45
6390,390,"UCB1","Ad_C","Tablet","Evening",0,0.12,33,0,12.45
6391,391,"UCB1","Ad_D","Tablet","Morning",0,0.1,33,0.02,12.47
6392,392,"UCB1","Ad_D","Desktop","Evening",0,0.1,33,0.02,12.49
6393,393,"UCB1","Ad_A","Mobile","Afternoon",0,0.05,33,0.07,12.56
6394,394,"UCB1","Ad_B","Mobile","Afternoon",0,0.08,33,0.04,12.6
6395,395,"UCB1","Ad_C","Mobile","Afternoon",1,0.12,34,0,12.6
6396,396,"UCB1","Ad_C","Desktop","Evening",0,0.12,34,0,12.6
6397,397,"UCB1","Ad_C","Mobile","Afternoon",0,0.12,34,0,12.6
6398,398,"UCB1","Ad_C","Mobile","Afternoon",1,0.12,35,0,12.6
6399,399,"UCB1","Ad_C","Mobile","Morning",0,0.12,35,0,12.6
6400,400,"UCB1","Ad_C","Mobile","Afternoon",0,0.12,35,0,12.6
6401,401,"UCB1","Ad_C","Tablet","Afternoon",0,0.12,35,0,12.6
6402,402,"UCB1","Ad_C","Desktop","Evening",1,0.12,36,0,12.6
6403,403,"UCB1","Ad_C","Tablet","Evening",0,0.12,36,0,12.6
6404,404,"UCB1","Ad_C","Desktop","Morning",0,0.12,36,0,12.6
6405,405,"UCB1","Ad_C","Tablet","Afternoon",0,0.12,36,0,12.6
6406,406,"UCB1","Ad_C","Desktop","Evening",0,0.12,36,0,12.6
6407,407,"UCB1","Ad_C","Desktop","Evening",0,0.12,36,0,12.6
6408,408,"UCB1","Ad_D","Tablet","Evening",0,0.1,36,0.02,12.62
6409,409,"UCB1","Ad_A","Desktop","Evening",0,0.05,36,0.07,12.69
6410,410,"UCB1","Ad_B","Tablet","Morning",0,0.08,36,0.04,12.73
6411,411,"UCB1","Ad_C","Desktop","Morning",0,0.12,36,0,12.73
6412,412,"UCB1","Ad_D","Tablet","Afternoon",0,0.1,36,0.02,12.75
6413,413,"UCB1","Ad_A","Mobile","Evening",0,0.05,36,0.07,12.82
6414,414,"UCB1","Ad_B","Tablet","Afternoon",0,0.08,36,0.04,12.8599999999999
6415,415,"UCB1","Ad_C","Desktop","Evening",0,0.12,36,0,12.8599999999999
6416,416,"UCB1","Ad_D","Mobile","Afternoon",0,0.1,36,0.02,12.8799999999999
6417,417,"UCB1","Ad_A","Mobile","Afternoon",0,0.05,36,0.07,12.9499999999999
6418,418,"UCB1","Ad_B","Mobile","Evening",0,0.08,36,0.04,12.9899999999999
6419,419,"UCB1","Ad_C","Mobile","Morning",1,0.12,37,0,12.9899999999999
6420,420,"UCB1","Ad_C","Mobile","Evening",0,0.12,37,0,12.9899999999999
6421,421,"UCB1","Ad_C","Desktop","Morning",0,0.12,37,0,12.9899999999999
6422,422,"UCB1","Ad_C","Tablet","Morning",1,0.12,38,0,12.9899999999999
6423,423,"UCB1","Ad_C","Tablet","Evening",0,0.12,38,0,12.9899999999999
6424,424,"UCB1","Ad_C","Mobile","Morning",0,0.12,38,0,12.9899999999999
6425,425,"UCB1","Ad_C","Tablet","Evening",0,0.12,38,0,12.9899999999999
6426,426,"UCB1","Ad_C","Tablet","Evening",1,0.12,39,0,12.9899999999999
6427,427,"UCB1","Ad_C","Desktop","Morning",0,0.12,39,0,12.9899999999999
6428,428,"UCB1","Ad_C","Desktop","Afternoon",0,0.12,39,0,12.9899999999999
6429,429,"UCB1","Ad_C","Mobile","Evening",1,0.12,40,0,12.9899999999999
6430,430,"UCB1","Ad_C","Mobile","Morning",1,0.12,41,0,12.9899999999999
6431,431,"UCB1","Ad_C","Mobile","Morning",0,0.12,41,0,12.9899999999999
6432,432,"UCB1","Ad_C","Tablet","Afternoon",0,0.12,41,0,12.9899999999999
6433,433,"UCB1","Ad_C","Tablet","Morning",0,0.12,41,0,12.9899999999999
6434,434,"UCB1","Ad_C","Desktop","Morning",0,0.12,41,0,12.9899999999999
6435,435,"UCB1","Ad_C","Mobile","Afternoon",0,0.12,41,0,12.9899999999999
6436,436,"UCB1","Ad_C","Mobile","Afternoon",0,0.12,41,0,12.9899999999999
6437,437,"UCB1","Ad_C","Desktop","Morning",0,0.12,41,0,12.9899999999999
6438,438,"UCB1","Ad_C","Tablet","Evening",1,0.12,42,0,12.9899999999999
6439,439,"UCB1","Ad_C","Tablet","Morning",0,0.12,42,0,12.9899999999999
6440,440,"UCB1","Ad_C","Desktop","Afternoon",0,0.12,42,0,12.9899999999999
6441,441,"UCB1","Ad_C","Tablet","Morning",1,0.12,43,0,12.9899999999999
6442,442,"UCB1","Ad_C","Tablet","Evening",0,0.12,43,0,12.9899999999999
6443,443,"UCB1","Ad_C","Desktop","Morning",0,0.12,43,0,12.9899999999999
6444,444,"UCB1","Ad_C","Desktop","Evening",1,0.12,44,0,12.9899999999999
6445,445,"UCB1","Ad_C","Desktop","Afternoon",0,0.12,44,0,12.9899999999999
6446,446,"UCB1","Ad_C","Mobile","Evening",0,0.12,44,0,12.9899999999999
6447,447,"UCB1","Ad_C","Mobile","Morning",1,0.12,45,0,12.9899999999999
6448,448,"UCB1","Ad_C","Desktop","Evening",0,0.12,45,0,12.9899999999999
6449,449,"UCB1","Ad_C","Tablet","Evening",0,0.12,45,0,12.9899999999999
6450,450,"UCB1","Ad_C","Desktop","Evening",0,0.12,45,0,12.9899999999999
6451,451,"UCB1","Ad_C","Desktop","Afternoon",0,0.12,45,0,12.9899999999999
6452,452,"UCB1","Ad_C","Desktop","Afternoon",0,0.12,45,0,12.9899999999999
6453,453,"UCB1","Ad_D","Tablet","Evening",0,0.1,45,0.02,13.0099999999999
6454,454,"UCB1","Ad_C","Mobile","Evening",0,0.12,45,0,13.0099999999999
6455,455,"UCB1","Ad_A","Tablet","Morning",0,0.05,45,0.07,13.0799999999999
6456,456,"UCB1","Ad_B","Desktop","Evening",0,0.08,45,0.04,13.1199999999999
6457,457,"UCB1","Ad_D","Desktop","Afternoon",0,0.1,45,0.02,13.1399999999999
6458,458,"UCB1","Ad_C","Mobile","Evening",1,0.12,46,0,13.1399999999999
6459,459,"UCB1","Ad_C","Mobile","Evening",0,0.12,46,0,13.1399999999999
6460,460,"UCB1","Ad_C","Tablet","Morning",0,0.12,46,0,13.1399999999999
6461,461,"UCB1","Ad_C","Mobile","Afternoon",0,0.12,46,0,13.1399999999999
6462,462,"UCB1","Ad_A","Mobile","Evening",0,0.05,46,0.07,13.2099999999999
6463,463,"UCB1","Ad_B","Mobile","Evening",0,0.08,46,0.04,13.2499999999999
6464,464,"UCB1","Ad_C","Desktop","Afternoon",0,0.12,46,0,13.2499999999999
6465,465,"UCB1","Ad_D","Desktop","Afternoon",0,0.1,46,0.02,13.2699999999999
6466,466,"UCB1","Ad_C","Tablet","Evening",0,0.12,46,0,13.2699999999999
6467,467,"UCB1","Ad_A","Mobile","Afternoon",0,0.05,46,0.07,13.3399999999999
6468,468,"UCB1","Ad_B","Tablet","Afternoon",0,0.08,46,0.04,13.3799999999999
6469,469,"UCB1","Ad_D","Desktop","Afternoon",0,0.1,46,0.02,13.3999999999999
6470,470,"UCB1","Ad_C","Mobile","Evening",0,0.12,46,0,13.3999999999999
6471,471,"UCB1","Ad_A","Tablet","Morning",0,0.05,46,0.07,13.4699999999999
6472,472,"UCB1","Ad_B","Desktop","Evening",0,0.08,46,0.04,13.5099999999999
6473,473,"UCB1","Ad_D","Tablet","Evening",0,0.1,46,0.02,13.5299999999999
6474,474,"UCB1","Ad_C","Tablet","Evening",0,0.12,46,0,13.5299999999999
6475,475,"UCB1","Ad_A","Mobile","Morning",0,0.05,46,0.07,13.5999999999999
6476,476,"UCB1","Ad_B","Tablet","Evening",0,0.08,46,0.04,13.6399999999999
6477,477,"UCB1","Ad_D","Mobile","Morning",0,0.1,46,0.02,13.6599999999999
6478,478,"UCB1","Ad_C","Desktop","Afternoon",0,0.12,46,0,13.6599999999999
6479,479,"UCB1","Ad_C","Tablet","Afternoon",1,0.12,47,0,13.6599999999999
6480,480,"UCB1","Ad_C","Desktop","Afternoon",0,0.12,47,0,13.6599999999999
6481,481,"UCB1","Ad_C","Tablet","Afternoon",0,0.12,47,0,13.6599999999999
6482,482,"UCB1","Ad_C","Mobile","Morning",0,0.12,47,0,13.6599999999999
6483,483,"UCB1","Ad_A","Mobile","Afternoon",0,0.05,47,0.07,13.7299999999999
6484,484,"UCB1","Ad_B","Desktop","Afternoon",0,0.08,47,0.04,13.7699999999999
6485,485,"UCB1","Ad_D","Desktop","Morning",0,0.1,47,0.02,13.7899999999999
6486,486,"UCB1","Ad_C","Desktop","Evening",0,0.12,47,0,13.7899999999999
6487,487,"UCB1","Ad_D","Mobile","Morning",0,0.1,47,0.02,13.8099999999999
6488,488,"UCB1","Ad_A","Desktop","Morning",0,0.05,47,0.07,13.8799999999999
6489,489,"UCB1","Ad_B","Mobile","Afternoon",0,0.08,47,0.04,13.9199999999999
6490,490,"UCB1","Ad_C","Mobile","Evening",0,0.12,47,0,13.9199999999999
6491,491,"UCB1","Ad_C","Mobile","Morning",1,0.12,48,0,13.9199999999999
6492,492,"UCB1","Ad_C","Tablet","Morning",0,0.12,48,0,13.9199999999999
6493,493,"UCB1","Ad_C","Desktop","Morning",0,0.12,48,0,13.9199999999999
6494,494,"UCB1","Ad_C","Mobile","Evening",0,0.12,48,0,13.9199999999999
6495,495,"UCB1","Ad_D","Desktop","Morning",0,0.1,48,0.02,13.9399999999999
6496,496,"UCB1","Ad_A","Mobile","Afternoon",0,0.05,48,0.07,14.0099999999999
6497,497,"UCB1","Ad_B","Tablet","Morning",0,0.08,48,0.04,14.0499999999999
6498,498,"UCB1","Ad_C","Tablet","Afternoon",0,0.12,48,0,14.0499999999999
6499,499,"UCB1","Ad_D","Tablet","Afternoon",0,0.1,48,0.02,14.0699999999999
6500,500,"UCB1","Ad_C","Mobile","Afternoon",1,0.12,49,0,14.0699999999999
6501,501,"UCB1","Ad_C","Tablet","Morning",0,0.12,49,0,14.0699999999999
6502,502,"UCB1","Ad_C","Mobile","Afternoon",0,0.12,49,0,14.0699999999999
6503,503,"UCB1","Ad_C","Tablet","Afternoon",0,0.12,49,0,14.0699999999999
6504,504,"UCB1","Ad_A","Desktop","Afternoon",0,0.05,49,0.07,14.1399999999999
6505,505,"UCB1","Ad_B","Tablet","Afternoon",0,0.08,49,0.04,14.1799999999999
6506,506,"UCB1","Ad_C","Tablet","Morning",0,0.12,49,0,14.1799999999999
6507,507,"UCB1","Ad_D","Tablet","Morning",0,0.1,49,0.02,14.1999999999999
6508,508,"UCB1","Ad_C","Desktop","Afternoon",0,0.12,49,0,14.1999999999999
6509,509,"UCB1","Ad_A","Tablet","Afternoon",0,0.05,49,0.07,14.2699999999999
6510,510,"UCB1","Ad_B","Tablet","Evening",0,0.08,49,0.04,14.3099999999999
6511,511,"UCB1","Ad_D","Mobile","Evening",0,0.1,49,0.02,14.3299999999999
6512,512,"UCB1","Ad_C","Tablet","Morning",0,0.12,49,0,14.3299999999999
6513,513,"UCB1","Ad_A","Desktop","Morning",0,0.05,49,0.07,14.3999999999999
6514,514,"UCB1","Ad_B","Tablet","Afternoon",0,0.08,49,0.04,14.4399999999999
6515,515,"UCB1","Ad_C","Mobile","Evening",0,0.12,49,0,14.4399999999999
6516,516,"UCB1","Ad_D","Desktop","Evening",0,0.1,49,0.02,14.4599999999999
6517,517,"UCB1","Ad_A","Mobile","Morning",0,0.05,49,0.07,14.5299999999999
6518,518,"UCB1","Ad_B","Mobile","Morning",0,0.08,49,0.04,14.5699999999999
6519,519,"UCB1","Ad_C","Mobile","Morning",0,0.12,49,0,14.5699999999999
6520,520,"UCB1","Ad_D","Mobile","Afternoon",0,0.1,49,0.02,14.5899999999999
6521,521,"UCB1","Ad_C","Desktop","Morning",0,0.12,49,0,14.5899999999999
6522,522,"UCB1","Ad_A","Desktop","Afternoon",0,0.05,49,0.07,14.6599999999999
6523,523,"UCB1","Ad_B","Desktop","Evening",0,0.08,49,0.04,14.6999999999999
6524,524,"UCB1","Ad_D","Mobile","Evening",0,0.1,49,0.02,14.7199999999999
6525,525,"UCB1","Ad_C","Tablet","Afternoon",0,0.12,49,0,14.7199999999999
6526,526,"UCB1","Ad_A","Tablet","Afternoon",0,0.05,49,0.07,14.7899999999999
6527,527,"UCB1","Ad_B","Desktop","Morning",0,0.08,49,0.04,14.8299999999999
6528,528,"UCB1","Ad_D","Mobile","Morning",0,0.1,49,0.02,14.8499999999999
6529,529,"UCB1","Ad_C","Tablet","Afternoon",0,0.12,49,0,14.8499999999999
6530,530,"UCB1","Ad_A","Mobile","Afternoon",0,0.05,49,0.07,14.9199999999999
6531,531,"UCB1","Ad_B","Tablet","Evening",0,0.08,49,0.04,14.9599999999999
6532,532,"UCB1","Ad_D","Desktop","Evening",0,0.1,49,0.02,14.9799999999999
6533,533,"UCB1","Ad_C","Mobile","Afternoon",0,0.12,49,0,14.9799999999999
6534,534,"UCB1","Ad_C","Tablet","Evening",0,0.12,49,0,14.9799999999999
6535,535,"UCB1","Ad_D","Mobile","Evening",0,0.1,49,0.02,14.9999999999999
6536,536,"UCB1","Ad_A","Tablet","Evening",0,0.05,49,0.07,15.0699999999999
6537,537,"UCB1","Ad_B","Desktop","Evening",0,0.08,49,0.04,15.1099999999999
6538,538,"UCB1","Ad_C","Desktop","Evening",0,0.12,49,0,15.1099999999999
6539,539,"UCB1","Ad_D","Tablet","Morning",0,0.1,49,0.02,15.1299999999999
6540,540,"UCB1","Ad_A","Mobile","Afternoon",0,0.05,49,0.07,15.1999999999999
6541,541,"UCB1","Ad_B","Desktop","Afternoon",0,0.08,49,0.04,15.2399999999999
6542,542,"UCB1","Ad_C","Tablet","Evening",0,0.12,49,0,15.2399999999999
6543,543,"UCB1","Ad_D","Desktop","Evening",0,0.1,49,0.02,15.2599999999999
6544,544,"UCB1","Ad_A","Tablet","Evening",0,0.05,49,0.07,15.3299999999999
6545,545,"UCB1","Ad_B","Desktop","Morning",0,0.08,49,0.04,15.3699999999999
6546,546,"UCB1","Ad_C","Desktop","Afternoon",0,0.12,49,0,15.3699999999999
6547,547,"UCB1","Ad_D","Mobile","Evening",0,0.1,49,0.02,15.3899999999999
6548,548,"UCB1","Ad_C","Mobile","Afternoon",0,0.12,49,0,15.3899999999999
6549,549,"UCB1","Ad_A","Tablet","Morning",0,0.05,49,0.07,15.4599999999999
6550,550,"UCB1","Ad_B","Mobile","Evening",0,0.08,49,0.04,15.4999999999999
6551,551,"UCB1","Ad_C","Mobile","Morning",0,0.12,49,0,15.4999999999999
6552,552,"UCB1","Ad_D","Mobile","Evening",0,0.1,49,0.02,15.5199999999999
6553,553,"UCB1","Ad_A","Desktop","Afternoon",0,0.05,49,0.07,15.5899999999999
6554,554,"UCB1","Ad_B","Tablet","Morning",0,0.08,49,0.04,15.6299999999999
6555,555,"UCB1","Ad_C","Mobile","Morning",0,0.12,49,0,15.6299999999999
6556,556,"UCB1","Ad_D","Desktop","Afternoon",0,0.1,49,0.02,15.6499999999999
6557,557,"UCB1","Ad_A","Tablet","Evening",0,0.05,49,0.07,15.7199999999999
6558,558,"UCB1","Ad_B","Desktop","Afternoon",0,0.08,49,0.04,15.7599999999999
6559,559,"UCB1","Ad_C","Mobile","Morning",0,0.12,49,0,15.7599999999999
6560,560,"UCB1","Ad_D","Mobile","Morning",1,0.1,50,0.02,15.7799999999999
6561,561,"UCB1","Ad_D","Tablet","Morning",0,0.1,50,0.02,15.7999999999999
6562,562,"UCB1","Ad_D","Mobile","Evening",0,0.1,50,0.02,15.8199999999999
6563,563,"UCB1","Ad_D","Mobile","Afternoon",0,0.1,50,0.02,15.8399999999999
6564,564,"UCB1","Ad_D","Desktop","Afternoon",0,0.1,50,0.02,15.8599999999999
6565,565,"UCB1","Ad_C","Tablet","Evening",0,0.12,50,0,15.8599999999999
6566,566,"UCB1","Ad_A","Mobile","Evening",0,0.05,50,0.07,15.9299999999999
6567,567,"UCB1","Ad_B","Tablet","Afternoon",0,0.08,50,0.04,15.9699999999999
6568,568,"UCB1","Ad_D","Mobile","Morning",1,0.1,51,0.02,15.9899999999999
6569,569,"UCB1","Ad_D","Mobile","Evening",0,0.1,51,0.02,16.0099999999999
6570,570,"UCB1","Ad_D","Mobile","Evening",0,0.1,51,0.02,16.0299999999999
6571,571,"UCB1","Ad_D","Mobile","Evening",0,0.1,51,0.02,16.0499999999999
6572,572,"UCB1","Ad_D","Desktop","Afternoon",0,0.1,51,0.02,16.0699999999999
6573,573,"UCB1","Ad_C","Mobile","Morning",0,0.12,51,0,16.0699999999999
6574,574,"UCB1","Ad_D","Desktop","Afternoon",0,0.1,51,0.02,16.0899999999999
6575,575,"UCB1","Ad_A","Mobile","Afternoon",0,0.05,51,0.07,16.1599999999999
6576,576,"UCB1","Ad_B","Desktop","Afternoon",0,0.08,51,0.04,16.1999999999999
6577,577,"UCB1","Ad_C","Desktop","Morning",0,0.12,51,0,16.1999999999999
6578,578,"UCB1","Ad_D","Mobile","Morning",0,0.1,51,0.02,16.2199999999999
6579,579,"UCB1","Ad_A","Mobile","Morning",0,0.05,51,0.07,16.2899999999999
6580,580,"UCB1","Ad_B","Desktop","Afternoon",0,0.08,51,0.04,16.3299999999999
6581,581,"UCB1","Ad_C","Mobile","Morning",0,0.12,51,0,16.3299999999999
6582,582,"UCB1","Ad_D","Tablet","Evening",0,0.1,51,0.02,16.3499999999999
6583,583,"UCB1","Ad_C","Desktop","Afternoon",0,0.12,51,0,16.3499999999999
6584,584,"UCB1","Ad_A","Tablet","Evening",0,0.05,51,0.07,16.4199999999999
6585,585,"UCB1","Ad_B","Tablet","Evening",1,0.08,52,0.04,16.4599999999999
6586,586,"UCB1","Ad_B","Tablet","Afternoon",0,0.08,52,0.04,16.4999999999999
6587,587,"UCB1","Ad_B","Desktop","Afternoon",0,0.08,52,0.04,16.5399999999999
6588,588,"UCB1","Ad_B","Tablet","Evening",0,0.08,52,0.04,16.5799999999999
6589,589,"UCB1","Ad_B","Desktop","Evening",0,0.08,52,0.04,16.6199999999999
6590,590,"UCB1","Ad_D","Desktop","Morning",0,0.1,52,0.02,16.6399999999999
6591,591,"UCB1","Ad_B","Tablet","Afternoon",0,0.08,52,0.04,16.6799999999999
6592,592,"UCB1","Ad_C","Mobile","Evening",0,0.12,52,0,16.6799999999999
6593,593,"UCB1","Ad_A","Mobile","Morning",0,0.05,52,0.07,16.7499999999999
6594,594,"UCB1","Ad_D","Desktop","Afternoon",0,0.1,52,0.02,16.7699999999999
6595,595,"UCB1","Ad_C","Tablet","Afternoon",0,0.12,52,0,16.7699999999999
6596,596,"UCB1","Ad_B","Desktop","Morning",0,0.08,52,0.04,16.8099999999999
6597,597,"UCB1","Ad_A","Tablet","Evening",0,0.05,52,0.07,16.8799999999999
6598,598,"UCB1","Ad_C","Desktop","Evening",0,0.12,52,0,16.8799999999999
6599,599,"UCB1","Ad_D","Tablet","Morning",0,0.1,52,0.02,16.8999999999999
6600,600,"UCB1","Ad_B","Tablet","Evening",1,0.08,53,0.04,16.9399999999999
6601,601,"UCB1","Ad_B","Desktop","Evening",0,0.08,53,0.04,16.9799999999999
6602,602,"UCB1","Ad_B","Desktop","Afternoon",0,0.08,53,0.04,17.0199999999999
6603,603,"UCB1","Ad_B","Tablet","Morning",1,0.08,54,0.04,17.0599999999999
6604,604,"UCB1","Ad_B","Desktop","Evening",0,0.08,54,0.04,17.0999999999999
6605,605,"UCB1","Ad_B","Desktop","Morning",0,0.08,54,0.04,17.1399999999999
6606,606,"UCB1","Ad_B","Mobile","Evening",0,0.08,54,0.04,17.1799999999999
6607,607,"UCB1","Ad_B","Mobile","Evening",0,0.08,54,0.04,17.2199999999999
6608,608,"UCB1","Ad_B","Mobile","Evening",0,0.08,54,0.04,17.2599999999999
6609,609,"UCB1","Ad_B","Desktop","Morning",0,0.08,54,0.04,17.2999999999999
6610,610,"UCB1","Ad_C","Tablet","Morning",0,0.12,54,0,17.2999999999999
6611,611,"UCB1","Ad_A","Mobile","Morning",0,0.05,54,0.07,17.3699999999999
6612,612,"UCB1","Ad_D","Tablet","Evening",0,0.1,54,0.02,17.3899999999999
6613,613,"UCB1","Ad_B","Mobile","Evening",1,0.08,55,0.04,17.4299999999999
6614,614,"UCB1","Ad_B","Mobile","Afternoon",0,0.08,55,0.04,17.4699999999999
6615,615,"UCB1","Ad_B","Tablet","Afternoon",0,0.08,55,0.04,17.5099999999999
6616,616,"UCB1","Ad_B","Desktop","Morning",0,0.08,55,0.04,17.5499999999999
6617,617,"UCB1","Ad_B","Mobile","Morning",0,0.08,55,0.04,17.5899999999999
6618,618,"UCB1","Ad_C","Mobile","Evening",0,0.12,55,0,17.5899999999999
6619,619,"UCB1","Ad_D","Desktop","Evening",0,0.1,55,0.02,17.6099999999999
6620,620,"UCB1","Ad_B","Tablet","Afternoon",0,0.08,55,0.04,17.6499999999999
6621,621,"UCB1","Ad_A","Tablet","Morning",0,0.05,55,0.07,17.7199999999999
6622,622,"UCB1","Ad_C","Tablet","Afternoon",1,0.12,56,0,17.7199999999999
6623,623,"UCB1","Ad_C","Desktop","Morning",0,0.12,56,0,17.7199999999999
6624,624,"UCB1","Ad_C","Mobile","Morning",0,0.12,56,0,17.7199999999999
6625,625,"UCB1","Ad_C","Desktop","Afternoon",1,0.12,57,0,17.7199999999999
6626,626,"UCB1","Ad_C","Desktop","Morning",0,0.12,57,0,17.7199999999999
6627,627,"UCB1","Ad_C","Tablet","Morning",0,0.12,57,0,17.7199999999999
6628,628,"UCB1","Ad_C","Mobile","Afternoon",0,0.12,57,0,17.7199999999999
6629,629,"UCB1","Ad_C","Tablet","Morning",1,0.12,58,0,17.7199999999999
6630,630,"UCB1","Ad_C","Desktop","Morning",0,0.12,58,0,17.7199999999999
6631,631,"UCB1","Ad_C","Mobile","Afternoon",0,0.12,58,0,17.7199999999999
6632,632,"UCB1","Ad_C","Tablet","Morning",0,0.12,58,0,17.7199999999999
6633,633,"UCB1","Ad_C","Tablet","Afternoon",0,0.12,58,0,17.7199999999999
6634,634,"UCB1","Ad_C","Mobile","Evening",0,0.12,58,0,17.7199999999999
6635,635,"UCB1","Ad_D","Tablet","Afternoon",0,0.1,58,0.02,17.7399999999999
6636,636,"UCB1","Ad_B","Desktop","Morning",0,0.08,58,0.04,17.7799999999999
6637,637,"UCB1","Ad_A","Tablet","Afternoon",0,0.05,58,0.07,17.8499999999999
6638,638,"UCB1","Ad_C","Tablet","Morning",0,0.12,58,0,17.8499999999999
6639,639,"UCB1","Ad_D","Mobile","Morning",0,0.1,58,0.02,17.8699999999999
6640,640,"UCB1","Ad_B","Mobile","Afternoon",1,0.08,59,0.04,17.9099999999999
6641,641,"UCB1","Ad_B","Mobile","Morning",0,0.08,59,0.04,17.9499999999999
6642,642,"UCB1","Ad_B","Desktop","Afternoon",0,0.08,59,0.04,17.9899999999999
6643,643,"UCB1","Ad_B","Desktop","Morning",0,0.08,59,0.04,18.0299999999999
6644,644,"UCB1","Ad_B","Desktop","Afternoon",1,0.08,60,0.04,18.0699999999999
6645,645,"UCB1","Ad_B","Tablet","Evening",0,0.08,60,0.04,18.1099999999999
6646,646,"UCB1","Ad_B","Desktop","Morning",0,0.08,60,0.04,18.1499999999999
6647,647,"UCB1","Ad_B","Mobile","Evening",0,0.08,60,0.04,18.1899999999999
6648,648,"UCB1","Ad_B","Mobile","Afternoon",0,0.08,60,0.04,18.2299999999999
6649,649,"UCB1","Ad_C","Tablet","Evening",0,0.12,60,0,18.2299999999999
6650,650,"UCB1","Ad_A","Tablet","Afternoon",0,0.05,60,0.07,18.2999999999999
6651,651,"UCB1","Ad_B","Desktop","Evening",0,0.08,60,0.04,18.3399999999999
6652,652,"UCB1","Ad_D","Desktop","Evening",0,0.1,60,0.02,18.3599999999999
6653,653,"UCB1","Ad_C","Tablet","Evening",0,0.12,60,0,18.3599999999999
6654,654,"UCB1","Ad_B","Desktop","Evening",0,0.08,60,0.04,18.3999999999999
6655,655,"UCB1","Ad_A","Tablet","Afternoon",1,0.05,61,0.07,18.4699999999999
6656,656,"UCB1","Ad_A","Desktop","Afternoon",0,0.05,61,0.07,18.5399999999999
6657,657,"UCB1","Ad_A","Mobile","Afternoon",1,0.05,62,0.07,18.6099999999999
6658,658,"UCB1","Ad_A","Desktop","Morning",0,0.05,62,0.07,18.6799999999999
6659,659,"UCB1","Ad_A","Tablet","Evening",0,0.05,62,0.07,18.7499999999999
6660,660,"UCB1","Ad_A","Mobile","Afternoon",0,0.05,62,0.07,18.8199999999999
6661,661,"UCB1","Ad_A","Desktop","Evening",0,0.05,62,0.07,18.8899999999999
6662,662,"UCB1","Ad_A","Mobile","Evening",0,0.05,62,0.07,18.9599999999999
6663,663,"UCB1","Ad_A","Tablet","Morning",0,0.05,62,0.07,19.0299999999999
6664,664,"UCB1","Ad_A","Tablet","Evening",1,0.05,63,0.07,19.0999999999999
6665,665,"UCB1","Ad_A","Desktop","Afternoon",0,0.05,63,0.07,19.1699999999999
6666,666,"UCB1","Ad_A","Tablet","Morning",0,0.05,63,0.07,19.2399999999999
6667,667,"UCB1","Ad_A","Desktop","Afternoon",0,0.05,63,0.07,19.3099999999999
6668,668,"UCB1","Ad_A","Tablet","Afternoon",0,0.05,63,0.07,19.3799999999999
6669,669,"UCB1","Ad_A","Mobile","Morning",0,0.05,63,0.07,19.4499999999999
6670,670,"UCB1","Ad_C","Desktop","Morning",0,0.12,63,0,19.4499999999999
6671,671,"UCB1","Ad_D","Desktop","Evening",0,0.1,63,0.02,19.4699999999999
6672,672,"UCB1","Ad_B","Tablet","Evening",0,0.08,63,0.04,19.5099999999999
6673,673,"UCB1","Ad_A","Tablet","Afternoon",0,0.05,63,0.07,19.5799999999999
6674,674,"UCB1","Ad_C","Tablet","Afternoon",0,0.12,63,0,19.5799999999999
6675,675,"UCB1","Ad_D","Desktop","Afternoon",0,0.1,63,0.02,19.5999999999999
6676,676,"UCB1","Ad_B","Desktop","Morning",0,0.08,63,0.04,19.6399999999999
6677,677,"UCB1","Ad_C","Mobile","Afternoon",0,0.12,63,0,19.6399999999999
6678,678,"UCB1","Ad_A","Desktop","Afternoon",0,0.05,63,0.07,19.7099999999999
6679,679,"UCB1","Ad_D","Mobile","Morning",0,0.1,63,0.02,19.7299999999999
6680,680,"UCB1","Ad_B","Mobile","Afternoon",0,0.08,63,0.04,19.7699999999999
6681,681,"UCB1","Ad_C","Tablet","Afternoon",0,0.12,63,0,19.7699999999999
6682,682,"UCB1","Ad_A","Mobile","Afternoon",0,0.05,63,0.07,19.8399999999999
6683,683,"UCB1","Ad_D","Mobile","Afternoon",0,0.1,63,0.02,19.8599999999999
6684,684,"UCB1","Ad_C","Mobile","Morning",0,0.12,63,0,19.8599999999999
6685,685,"UCB1","Ad_B","Mobile","Evening",0,0.08,63,0.04,19.8999999999999
6686,686,"UCB1","Ad_A","Desktop","Evening",0,0.05,63,0.07,19.9699999999999
6687,687,"UCB1","Ad_D","Mobile","Evening",0,0.1,63,0.02,19.9899999999999
6688,688,"UCB1","Ad_C","Tablet","Afternoon",0,0.12,63,0,19.9899999999999
6689,689,"UCB1","Ad_B","Desktop","Afternoon",0,0.08,63,0.04,20.0299999999999
6690,690,"UCB1","Ad_C","Mobile","Morning",0,0.12,63,0,20.0299999999999
6691,691,"UCB1","Ad_D","Mobile","Evening",0,0.1,63,0.02,20.0499999999999
6692,692,"UCB1","Ad_A","Mobile","Afternoon",0,0.05,63,0.07,20.1199999999999
6693,693,"UCB1","Ad_B","Mobile","Morning",1,0.08,64,0.04,20.1599999999999
6694,694,"UCB1","Ad_B","Mobile","Morning",0,0.08,64,0.04,20.1999999999999
6695,695,"UCB1","Ad_B","Desktop","Evening",0,0.08,64,0.04,20.2399999999999
6696,696,"UCB1","Ad_B","Tablet","Afternoon",0,0.08,64,0.04,20.2799999999999
6697,697,"UCB1","Ad_B","Mobile","Morning",0,0.08,64,0.04,20.3199999999999
6698,698,"UCB1","Ad_C","Tablet","Afternoon",0,0.12,64,0,20.3199999999999
6699,699,"UCB1","Ad_B","Tablet","Morning",0,0.08,64,0.04,20.3599999999999
6700,700,"UCB1","Ad_D","Mobile","Morning",0,0.1,64,0.02,20.3799999999999
6701,701,"UCB1","Ad_A","Desktop","Morning",0,0.05,64,0.07,20.4499999999999
6702,702,"UCB1","Ad_C","Desktop","Morning",1,0.12,65,0,20.4499999999999
6703,703,"UCB1","Ad_C","Desktop","Afternoon",0,0.12,65,0,20.4499999999999
6704,704,"UCB1","Ad_C","Mobile","Afternoon",0,0.12,65,0,20.4499999999999
6705,705,"UCB1","Ad_C","Tablet","Morning",0,0.12,65,0,20.4499999999999
6706,706,"UCB1","Ad_C","Mobile","Afternoon",0,0.12,65,0,20.4499999999999
6707,707,"UCB1","Ad_B","Mobile","Morning",0,0.08,65,0.04,20.4899999999999
6708,708,"UCB1","Ad_D","Tablet","Evening",0,0.1,65,0.02,20.5099999999999
6709,709,"UCB1","Ad_A","Tablet","Morning",0,0.05,65,0.07,20.5799999999999
6710,710,"UCB1","Ad_C","Mobile","Evening",0,0.12,65,0,20.5799999999999
6711,711,"UCB1","Ad_B","Mobile","Afternoon",1,0.08,66,0.04,20.6199999999999
6712,712,"UCB1","Ad_B","Desktop","Afternoon",0,0.08,66,0.04,20.6599999999999
6713,713,"UCB1","Ad_B","Mobile","Afternoon",0,0.08,66,0.04,20.6999999999999
6714,714,"UCB1","Ad_B","Mobile","Afternoon",0,0.08,66,0.04,20.7399999999999
6715,715,"UCB1","Ad_B","Mobile","Morning",0,0.08,66,0.04,20.7799999999999
6716,716,"UCB1","Ad_D","Desktop","Morning",0,0.1,66,0.02,20.7999999999999
6717,717,"UCB1","Ad_C","Tablet","Afternoon",0,0.12,66,0,20.7999999999999
6718,718,"UCB1","Ad_A","Tablet","Afternoon",0,0.05,66,0.07,20.8699999999999
6719,719,"UCB1","Ad_B","Mobile","Afternoon",0,0.08,66,0.04,20.9099999999999
6720,720,"UCB1","Ad_D","Desktop","Afternoon",0,0.1,66,0.02,20.9299999999999
6721,721,"UCB1","Ad_C","Tablet","Morning",0,0.12,66,0,20.9299999999999
6722,722,"UCB1","Ad_A","Mobile","Morning",0,0.05,66,0.07,20.9999999999999
6723,723,"UCB1","Ad_B","Tablet","Evening",0,0.08,66,0.04,21.0399999999999
6724,724,"UCB1","Ad_C","Mobile","Evening",0,0.12,66,0,21.0399999999999
6725,725,"UCB1","Ad_D","Mobile","Afternoon",0,0.1,66,0.02,21.0599999999999
6726,726,"UCB1","Ad_A","Desktop","Afternoon",0,0.05,66,0.07,21.1299999999999
6727,727,"UCB1","Ad_B","Desktop","Afternoon",0,0.08,66,0.04,21.1699999999999
6728,728,"UCB1","Ad_C","Mobile","Afternoon",0,0.12,66,0,21.1699999999999
6729,729,"UCB1","Ad_D","Tablet","Evening",0,0.1,66,0.02,21.1899999999999
6730,730,"UCB1","Ad_B","Tablet","Morning",0,0.08,66,0.04,21.2299999999999
6731,731,"UCB1","Ad_A","Tablet","Afternoon",0,0.05,66,0.07,21.2999999999999
6732,732,"UCB1","Ad_C","Mobile","Morning",1,0.12,67,0,21.2999999999999
6733,733,"UCB1","Ad_C","Desktop","Evening",0,0.12,67,0,21.2999999999999
6734,734,"UCB1","Ad_C","Desktop","Afternoon",1,0.12,68,0,21.2999999999999
6735,735,"UCB1","Ad_C","Mobile","Evening",0,0.12,68,0,21.2999999999999
6736,736,"UCB1","Ad_C","Mobile","Evening",0,0.12,68,0,21.2999999999999
6737,737,"UCB1","Ad_C","Desktop","Afternoon",0,0.12,68,0,21.2999999999999
6738,738,"UCB1","Ad_C","Tablet","Evening",0,0.12,68,0,21.2999999999999
6739,739,"UCB1","Ad_C","Tablet","Morning",1,0.12,69,0,21.2999999999999
6740,740,"UCB1","Ad_C","Mobile","Evening",0,0.12,69,0,21.2999999999999
6741,741,"UCB1","Ad_C","Mobile","Afternoon",0,0.12,69,0,21.2999999999999
6742,742,"UCB1","Ad_C","Mobile","Afternoon",0,0.12,69,0,21.2999999999999
6743,743,"UCB1","Ad_C","Tablet","Morning",0,0.12,69,0,21.2999999999999
6744,744,"UCB1","Ad_C","Mobile","Evening",0,0.12,69,0,21.2999999999999
6745,745,"UCB1","Ad_C","Mobile","Morning",0,0.12,69,0,21.2999999999999
6746,746,"UCB1","Ad_D","Mobile","Evening",0,0.1,69,0.02,21.3199999999999
6747,747,"UCB1","Ad_B","Mobile","Afternoon",0,0.08,69,0.04,21.3599999999999
6748,748,"UCB1","Ad_A","Tablet","Morning",0,0.05,69,0.07,21.4299999999999
6749,749,"UCB1","Ad_C","Mobile","Evening",0,0.12,69,0,21.4299999999999
6750,750,"UCB1","Ad_D","Tablet","Morning",1,0.1,70,0.02,21.4499999999999
6751,751,"UCB1","Ad_D","Mobile","Evening",0,0.1,70,0.02,21.4699999999999
6752,752,"UCB1","Ad_D","Desktop","Evening",0,0.1,70,0.02,21.4899999999999
6753,753,"UCB1","Ad_D","Desktop","Morning",0,0.1,70,0.02,21.5099999999999
6754,754,"UCB1","Ad_D","Mobile","Morning",0,0.1,70,0.02,21.5299999999999
6755,755,"UCB1","Ad_B","Tablet","Evening",0,0.08,70,0.04,21.5699999999999
6756,756,"UCB1","Ad_D","Tablet","Morning",0,0.1,70,0.02,21.5899999999999
6757,757,"UCB1","Ad_C","Mobile","Afternoon",0,0.12,70,0,21.5899999999999
6758,758,"UCB1","Ad_A","Mobile","Morning",0,0.05,70,0.07,21.6599999999999
6759,759,"UCB1","Ad_C","Mobile","Morning",0,0.12,70,0,21.6599999999999
6760,760,"UCB1","Ad_B","Tablet","Afternoon",0,0.08,70,0.04,21.6999999999999
6761,761,"UCB1","Ad_D","Tablet","Morning",0,0.1,70,0.02,21.7199999999999
6762,762,"UCB1","Ad_A","Tablet","Evening",0,0.05,70,0.07,21.7899999999999
6763,763,"UCB1","Ad_C","Tablet","Afternoon",0,0.12,70,0,21.7899999999999
6764,764,"UCB1","Ad_B","Tablet","Evening",0,0.08,70,0.04,21.8299999999999
6765,765,"UCB1","Ad_D","Mobile","Morning",0,0.1,70,0.02,21.8499999999999
6766,766,"UCB1","Ad_A","Mobile","Afternoon",0,0.05,70,0.07,21.9199999999999
6767,767,"UCB1","Ad_C","Tablet","Evening",0,0.12,70,0,21.9199999999999
6768,768,"UCB1","Ad_B","Desktop","Afternoon",0,0.08,70,0.04,21.9599999999999
6769,769,"UCB1","Ad_D","Tablet","Evening",0,0.1,70,0.02,21.9799999999999
6770,770,"UCB1","Ad_C","Desktop","Evening",0,0.12,70,0,21.9799999999999
6771,771,"UCB1","Ad_A","Tablet","Afternoon",0,0.05,70,0.07,22.0499999999999
6772,772,"UCB1","Ad_B","Desktop","Evening",1,0.08,71,0.04,22.0899999999999
6773,773,"UCB1","Ad_B","Tablet","Evening",0,0.08,71,0.04,22.1299999999999
6774,774,"UCB1","Ad_B","Mobile","Afternoon",0,0.08,71,0.04,22.1699999999999
6775,775,"UCB1","Ad_B","Desktop","Afternoon",0,0.08,71,0.04,22.2099999999999
6776,776,"UCB1","Ad_B","Mobile","Afternoon",0,0.08,71,0.04,22.2499999999999
6777,777,"UCB1","Ad_D","Mobile","Afternoon",0,0.1,71,0.02,22.2699999999999
6778,778,"UCB1","Ad_C","Tablet","Morning",0,0.12,71,0,22.2699999999999
6779,779,"UCB1","Ad_B","Desktop","Afternoon",0,0.08,71,0.04,22.3099999999999
6780,780,"UCB1","Ad_A","Mobile","Afternoon",0,0.05,71,0.07,22.3799999999999
6781,781,"UCB1","Ad_C","Mobile","Evening",0,0.12,71,0,22.3799999999999
6782,782,"UCB1","Ad_D","Mobile","Morning",0,0.1,71,0.02,22.3999999999999
6783,783,"UCB1","Ad_B","Mobile","Evening",0,0.08,71,0.04,22.4399999999999
6784,784,"UCB1","Ad_A","Mobile","Morning",0,0.05,71,0.07,22.5099999999999
6785,785,"UCB1","Ad_C","Tablet","Evening",0,0.12,71,0,22.5099999999999
6786,786,"UCB1","Ad_D","Mobile","Morning",0,0.1,71,0.02,22.5299999999999
6787,787,"UCB1","Ad_B","Tablet","Morning",1,0.08,72,0.04,22.5699999999999
6788,788,"UCB1","Ad_B","Desktop","Afternoon",1,0.08,73,0.04,22.6099999999999
6789,789,"UCB1","Ad_B","Mobile","Morning",0,0.08,73,0.04,22.6499999999999
6790,790,"UCB1","Ad_B","Desktop","Evening",0,0.08,73,0.04,22.6899999999999
6791,791,"UCB1","Ad_B","Mobile","Afternoon",0,0.08,73,0.04,22.7299999999999
6792,792,"UCB1","Ad_B","Desktop","Afternoon",0,0.08,73,0.04,22.7699999999999
6793,793,"UCB1","Ad_B","Desktop","Morning",0,0.08,73,0.04,22.8099999999999
6794,794,"UCB1","Ad_B","Desktop","Evening",0,0.08,73,0.04,22.8499999999999
6795,795,"UCB1","Ad_B","Desktop","Evening",0,0.08,73,0.04,22.8899999999999
6796,796,"UCB1","Ad_B","Desktop","Evening",0,0.08,73,0.04,22.9299999999999
6797,797,"UCB1","Ad_C","Tablet","Morning",1,0.12,74,0,22.9299999999999
6798,798,"UCB1","Ad_C","Mobile","Evening",0,0.12,74,0,22.9299999999999
6799,799,"UCB1","Ad_C","Tablet","Morning",0,0.12,74,0,22.9299999999999
6800,800,"UCB1","Ad_C","Tablet","Evening",0,0.12,74,0,22.9299999999999
6801,801,"UCB1","Ad_C","Desktop","Afternoon",0,0.12,74,0,22.9299999999999
6802,802,"UCB1","Ad_A","Mobile","Afternoon",0,0.05,74,0.07,22.9999999999999
6803,803,"UCB1","Ad_D","Desktop","Afternoon",0,0.1,74,0.02,23.0199999999999
6804,804,"UCB1","Ad_B","Mobile","Afternoon",0,0.08,74,0.04,23.0599999999998
6805,805,"UCB1","Ad_C","Tablet","Morning",0,0.12,74,0,23.0599999999998
6806,806,"UCB1","Ad_A","Desktop","Morning",0,0.05,74,0.07,23.1299999999998
6807,807,"UCB1","Ad_D","Mobile","Morning",0,0.1,74,0.02,23.1499999999998
6808,808,"UCB1","Ad_C","Tablet","Afternoon",0,0.12,74,0,23.1499999999998
6809,809,"UCB1","Ad_B","Tablet","Afternoon",0,0.08,74,0.04,23.1899999999998
6810,810,"UCB1","Ad_A","Mobile","Evening",0,0.05,74,0.07,23.2599999999998
6811,811,"UCB1","Ad_C","Mobile","Afternoon",0,0.12,74,0,23.2599999999998
6812,812,"UCB1","Ad_D","Tablet","Morning",0,0.1,74,0.02,23.2799999999998
6813,813,"UCB1","Ad_B","Mobile","Evening",0,0.08,74,0.04,23.3199999999998
6814,814,"UCB1","Ad_C","Tablet","Afternoon",0,0.12,74,0,23.3199999999998
6815,815,"UCB1","Ad_A","Mobile","Morning",0,0.05,74,0.07,23.3899999999998
6816,816,"UCB1","Ad_D","Tablet","Evening",0,0.1,74,0.02,23.4099999999998
6817,817,"UCB1","Ad_B","Mobile","Evening",0,0.08,74,0.04,23.4499999999998
6818,818,"UCB1","Ad_C","Tablet","Morning",0,0.12,74,0,23.4499999999998
6819,819,"UCB1","Ad_D","Mobile","Morning",0,0.1,74,0.02,23.4699999999998
6820,820,"UCB1","Ad_A","Tablet","Evening",0,0.05,74,0.07,23.5399999999998
6821,821,"UCB1","Ad_B","Desktop","Afternoon",0,0.08,74,0.04,23.5799999999998
6822,822,"UCB1","Ad_C","Mobile","Afternoon",0,0.12,74,0,23.5799999999998
6823,823,"UCB1","Ad_B","Desktop","Evening",0,0.08,74,0.04,23.6199999999998
6824,824,"UCB1","Ad_D","Tablet","Afternoon",0,0.1,74,0.02,23.6399999999998
6825,825,"UCB1","Ad_C","Tablet","Evening",0,0.12,74,0,23.6399999999998
6826,826,"UCB1","Ad_A","Mobile","Evening",0,0.05,74,0.07,23.7099999999998
6827,827,"UCB1","Ad_C","Tablet","Morning",0,0.12,74,0,23.7099999999998
6828,828,"UCB1","Ad_B","Mobile","Evening",0,0.08,74,0.04,23.7499999999998
6829,829,"UCB1","Ad_D","Mobile","Morning",0,0.1,74,0.02,23.7699999999998
6830,830,"UCB1","Ad_A","Mobile","Morning",0,0.05,74,0.07,23.8399999999998
6831,831,"UCB1","Ad_C","Desktop","Morning",0,0.12,74,0,23.8399999999998
6832,832,"UCB1","Ad_B","Tablet","Morning",0,0.08,74,0.04,23.8799999999998
6833,833,"UCB1","Ad_D","Mobile","Morning",0,0.1,74,0.02,23.8999999999998
6834,834,"UCB1","Ad_A","Tablet","Evening",0,0.05,74,0.07,23.9699999999998
6835,835,"UCB1","Ad_C","Desktop","Evening",0,0.12,74,0,23.9699999999998
6836,836,"UCB1","Ad_B","Mobile","Afternoon",0,0.08,74,0.04,24.0099999999998
6837,837,"UCB1","Ad_D","Desktop","Afternoon",0,0.1,74,0.02,24.0299999999998
6838,838,"UCB1","Ad_C","Tablet","Afternoon",0,0.12,74,0,24.0299999999998
6839,839,"UCB1","Ad_A","Tablet","Evening",0,0.05,74,0.07,24.0999999999998
6840,840,"UCB1","Ad_B","Desktop","Morning",0,0.08,74,0.04,24.1399999999998
6841,841,"UCB1","Ad_D","Desktop","Evening",0,0.1,74,0.02,24.1599999999998
6842,842,"UCB1","Ad_C","Desktop","Afternoon",0,0.12,74,0,24.1599999999998
6843,843,"UCB1","Ad_A","Mobile","Afternoon",0,0.05,74,0.07,24.2299999999998
6844,844,"UCB1","Ad_B","Mobile","Afternoon",0,0.08,74,0.04,24.2699999999998
6845,845,"UCB1","Ad_C","Desktop","Evening",0,0.12,74,0,24.2699999999998
6846,846,"UCB1","Ad_D","Desktop","Evening",0,0.1,74,0.02,24.2899999999998
6847,847,"UCB1","Ad_A","Desktop","Evening",0,0.05,74,0.07,24.3599999999998
6848,848,"UCB1","Ad_C","Mobile","Morning",1,0.12,75,0,24.3599999999998
6849,849,"UCB1","Ad_C","Mobile","Afternoon",0,0.12,75,0,24.3599999999998
6850,850,"UCB1","Ad_C","Tablet","Morning",0,0.12,75,0,24.3599999999998
6851,851,"UCB1","Ad_C","Mobile","Afternoon",0,0.12,75,0,24.3599999999998
6852,852,"UCB1","Ad_C","Tablet","Evening",0,0.12,75,0,24.3599999999998
6853,853,"UCB1","Ad_B","Mobile","Morning",0,0.08,75,0.04,24.3999999999998
6854,854,"UCB1","Ad_D","Tablet","Evening",0,0.1,75,0.02,24.4199999999998
6855,855,"UCB1","Ad_C","Mobile","Afternoon",0,0.12,75,0,24.4199999999998
6856,856,"UCB1","Ad_A","Tablet","Afternoon",0,0.05,75,0.07,24.4899999999998
6857,857,"UCB1","Ad_B","Mobile","Evening",0,0.08,75,0.04,24.5299999999998
6858,858,"UCB1","Ad_D","Tablet","Afternoon",0,0.1,75,0.02,24.5499999999998
6859,859,"UCB1","Ad_C","Desktop","Evening",0,0.12,75,0,24.5499999999998
6860,860,"UCB1","Ad_B","Desktop","Afternoon",1,0.08,76,0.04,24.5899999999998
6861,861,"UCB1","Ad_B","Tablet","Afternoon",0,0.08,76,0.04,24.6299999999998
6862,862,"UCB1","Ad_B","Mobile","Morning",1,0.08,77,0.04,24.6699999999998
6863,863,"UCB1","Ad_B","Tablet","Afternoon",0,0.08,77,0.04,24.7099999999998
6864,864,"UCB1","Ad_B","Mobile","Evening",0,0.08,77,0.04,24.7499999999998
6865,865,"UCB1","Ad_B","Desktop","Evening",0,0.08,77,0.04,24.7899999999998
6866,866,"UCB1","Ad_B","Desktop","Evening",0,0.08,77,0.04,24.8299999999998
6867,867,"UCB1","Ad_B","Mobile","Afternoon",1,0.08,78,0.04,24.8699999999998
6868,868,"UCB1","Ad_B","Tablet","Evening",0,0.08,78,0.04,24.9099999999998
6869,869,"UCB1","Ad_B","Tablet","Afternoon",0,0.08,78,0.04,24.9499999999998
6870,870,"UCB1","Ad_B","Tablet","Afternoon",0,0.08,78,0.04,24.9899999999998
6871,871,"UCB1","Ad_B","Desktop","Evening",0,0.08,78,0.04,25.0299999999998
6872,872,"UCB1","Ad_B","Mobile","Evening",0,0.08,78,0.04,25.0699999999998
6873,873,"UCB1","Ad_B","Tablet","Evening",0,0.08,78,0.04,25.1099999999998
6874,874,"UCB1","Ad_B","Desktop","Evening",0,0.08,78,0.04,25.1499999999998
6875,875,"UCB1","Ad_A","Mobile","Evening",0,0.05,78,0.07,25.2199999999998
6876,876,"UCB1","Ad_C","Tablet","Afternoon",0,0.12,78,0,25.2199999999998
6877,877,"UCB1","Ad_D","Desktop","Afternoon",0,0.1,78,0.02,25.2399999999998
6878,878,"UCB1","Ad_B","Mobile","Evening",0,0.08,78,0.04,25.2799999999998
6879,879,"UCB1","Ad_C","Desktop","Afternoon",0,0.12,78,0,25.2799999999998
6880,880,"UCB1","Ad_A","Desktop","Afternoon",0,0.05,78,0.07,25.3499999999998
6881,881,"UCB1","Ad_D","Desktop","Evening",0,0.1,78,0.02,25.3699999999998
6882,882,"UCB1","Ad_B","Mobile","Evening",1,0.08,79,0.04,25.4099999999998
6883,883,"UCB1","Ad_B","Mobile","Afternoon",0,0.08,79,0.04,25.4499999999998
6884,884,"UCB1","Ad_B","Mobile","Afternoon",0,0.08,79,0.04,25.4899999999998
6885,885,"UCB1","Ad_B","Mobile","Afternoon",0,0.08,79,0.04,25.5299999999998
6886,886,"UCB1","Ad_B","Desktop","Morning",0,0.08,79,0.04,25.5699999999998
6887,887,"UCB1","Ad_C","Mobile","Afternoon",0,0.12,79,0,25.5699999999998
6888,888,"UCB1","Ad_B","Mobile","Afternoon",0,0.08,79,0.04,25.6099999999998
6889,889,"UCB1","Ad_A","Tablet","Evening",0,0.05,79,0.07,25.6799999999998
6890,890,"UCB1","Ad_D","Tablet","Evening",0,0.1,79,0.02,25.6999999999998
6891,891,"UCB1","Ad_C","Mobile","Evening",0,0.12,79,0,25.6999999999998
6892,892,"UCB1","Ad_B","Tablet","Evening",0,0.08,79,0.04,25.7399999999998
6893,893,"UCB1","Ad_A","Tablet","Evening",0,0.05,79,0.07,25.8099999999998
6894,894,"UCB1","Ad_D","Mobile","Afternoon",0,0.1,79,0.02,25.8299999999998
6895,895,"UCB1","Ad_C","Tablet","Morning",0,0.12,79,0,25.8299999999998
6896,896,"UCB1","Ad_B","Tablet","Evening",0,0.08,79,0.04,25.8699999999998
6897,897,"UCB1","Ad_C","Desktop","Morning",0,0.12,79,0,25.8699999999998
6898,898,"UCB1","Ad_D","Mobile","Evening",0,0.1,79,0.02,25.8899999999998
6899,899,"UCB1","Ad_A","Mobile","Morning",1,0.05,80,0.07,25.9599999999998
6900,900,"UCB1","Ad_A","Desktop","Morning",0,0.05,80,0.07,26.0299999999998
6901,901,"UCB1","Ad_A","Mobile","Evening",0,0.05,80,0.07,26.0999999999998
6902,902,"UCB1","Ad_A","Mobile","Evening",0,0.05,80,0.07,26.1699999999998
6903,903,"UCB1","Ad_A","Tablet","Afternoon",0,0.05,80,0.07,26.2399999999998
6904,904,"UCB1","Ad_A","Mobile","Evening",0,0.05,80,0.07,26.3099999999998
6905,905,"UCB1","Ad_B","Desktop","Afternoon",0,0.08,80,0.04,26.3499999999998
6906,906,"UCB1","Ad_C","Tablet","Morning",0,0.12,80,0,26.3499999999998
6907,907,"UCB1","Ad_A","Tablet","Morning",0,0.05,80,0.07,26.4199999999998
6908,908,"UCB1","Ad_D","Mobile","Morning",0,0.1,80,0.02,26.4399999999998
6909,909,"UCB1","Ad_B","Mobile","Afternoon",0,0.08,80,0.04,26.4799999999998
6910,910,"UCB1","Ad_C","Tablet","Morning",0,0.12,80,0,26.4799999999998
6911,911,"UCB1","Ad_D","Mobile","Afternoon",0,0.1,80,0.02,26.4999999999998
6912,912,"UCB1","Ad_A","Tablet","Evening",0,0.05,80,0.07,26.5699999999998
6913,913,"UCB1","Ad_C","Desktop","Afternoon",0,0.12,80,0,26.5699999999998
6914,914,"UCB1","Ad_B","Mobile","Morning",0,0.08,80,0.04,26.6099999999998
6915,915,"UCB1","Ad_D","Mobile","Evening",0,0.1,80,0.02,26.6299999999998
6916,916,"UCB1","Ad_C","Mobile","Morning",0,0.12,80,0,26.6299999999998
6917,917,"UCB1","Ad_A","Desktop","Afternoon",0,0.05,80,0.07,26.6999999999998
6918,918,"UCB1","Ad_B","Mobile","Morning",0,0.08,80,0.04,26.7399999999998
6919,919,"UCB1","Ad_C","Mobile","Morning",0,0.12,80,0,26.7399999999998
6920,920,"UCB1","Ad_D","Desktop","Morning",0,0.1,80,0.02,26.7599999999998
6921,921,"UCB1","Ad_B","Desktop","Evening",0,0.08,80,0.04,26.7999999999998
6922,922,"UCB1","Ad_A","Tablet","Evening",0,0.05,80,0.07,26.8699999999998
6923,923,"UCB1","Ad_C","Desktop","Morning",0,0.12,80,0,26.8699999999998
6924,924,"UCB1","Ad_B","Desktop","Afternoon",0,0.08,80,0.04,26.9099999999998
6925,925,"UCB1","Ad_D","Mobile","Morning",0,0.1,80,0.02,26.9299999999998
6926,926,"UCB1","Ad_A","Tablet","Afternoon",0,0.05,80,0.07,26.9999999999998
6927,927,"UCB1","Ad_C","Tablet","Evening",0,0.12,80,0,26.9999999999998
6928,928,"UCB1","Ad_B","Tablet","Afternoon",0,0.08,80,0.04,27.0399999999998
6929,929,"UCB1","Ad_D","Tablet","Evening",0,0.1,80,0.02,27.0599999999998
6930,930,"UCB1","Ad_C","Desktop","Afternoon",0,0.12,80,0,27.0599999999998
6931,931,"UCB1","Ad_A","Mobile","Afternoon",0,0.05,80,0.07,27.1299999999998
6932,932,"UCB1","Ad_B","Tablet","Evening",0,0.08,80,0.04,27.1699999999998
6933,933,"UCB1","Ad_D","Tablet","Afternoon",1,0.1,81,0.02,27.1899999999998
6934,934,"UCB1","Ad_D","Desktop","Evening",1,0.1,82,0.02,27.2099999999998
6935,935,"UCB1","Ad_D","Mobile","Afternoon",0,0.1,82,0.02,27.2299999999998
6936,936,"UCB1","Ad_D","Tablet","Morning",0,0.1,82,0.02,27.2499999999998
6937,937,"UCB1","Ad_D","Mobile","Afternoon",1,0.1,83,0.02,27.2699999999998
6938,938,"UCB1","Ad_D","Mobile","Evening",0,0.1,83,0.02,27.2899999999998
6939,939,"UCB1","Ad_D","Mobile","Morning",0,0.1,83,0.02,27.3099999999998
6940,940,"UCB1","Ad_D","Tablet","Morning",0,0.1,83,0.02,27.3299999999998
6941,941,"UCB1","Ad_D","Tablet","Evening",0,0.1,83,0.02,27.3499999999998
6942,942,"UCB1","Ad_D","Tablet","Morning",0,0.1,83,0.02,27.3699999999998
6943,943,"UCB1","Ad_D","Tablet","Evening",0,0.1,83,0.02,27.3899999999998
6944,944,"UCB1","Ad_D","Mobile","Morning",0,0.1,83,0.02,27.4099999999998
6945,945,"UCB1","Ad_D","Mobile","Afternoon",0,0.1,83,0.02,27.4299999999998
6946,946,"UCB1","Ad_D","Desktop","Evening",0,0.1,83,0.02,27.4499999999998
6947,947,"UCB1","Ad_D","Tablet","Morning",0,0.1,83,0.02,27.4699999999998
6948,948,"UCB1","Ad_C","Desktop","Evening",0,0.12,83,0,27.4699999999998
6949,949,"UCB1","Ad_D","Desktop","Afternoon",0,0.1,83,0.02,27.4899999999998
6950,950,"UCB1","Ad_A","Tablet","Evening",0,0.05,83,0.07,27.5599999999998
6951,951,"UCB1","Ad_B","Mobile","Evening",0,0.08,83,0.04,27.5999999999998
6952,952,"UCB1","Ad_C","Tablet","Evening",0,0.12,83,0,27.5999999999998
6953,953,"UCB1","Ad_D","Desktop","Afternoon",1,0.1,84,0.02,27.6199999999998
6954,954,"UCB1","Ad_D","Desktop","Afternoon",0,0.1,84,0.02,27.6399999999998
6955,955,"UCB1","Ad_D","Tablet","Afternoon",0,0.1,84,0.02,27.6599999999998
6956,956,"UCB1","Ad_D","Desktop","Morning",0,0.1,84,0.02,27.6799999999998
6957,957,"UCB1","Ad_D","Tablet","Morning",0,0.1,84,0.02,27.6999999999998
6958,958,"UCB1","Ad_D","Mobile","Morning",0,0.1,84,0.02,27.7199999999998
6959,959,"UCB1","Ad_A","Tablet","Evening",0,0.05,84,0.07,27.7899999999998
6960,960,"UCB1","Ad_B","Tablet","Morning",0,0.08,84,0.04,27.8299999999998
6961,961,"UCB1","Ad_C","Mobile","Morning",0,0.12,84,0,27.8299999999998
6962,962,"UCB1","Ad_D","Desktop","Morning",0,0.1,84,0.02,27.8499999999998
6963,963,"UCB1","Ad_A","Desktop","Evening",0,0.05,84,0.07,27.9199999999998
6964,964,"UCB1","Ad_B","Desktop","Morning",0,0.08,84,0.04,27.9599999999998
6965,965,"UCB1","Ad_C","Desktop","Afternoon",0,0.12,84,0,27.9599999999998
6966,966,"UCB1","Ad_D","Tablet","Afternoon",0,0.1,84,0.02,27.9799999999998
6967,967,"UCB1","Ad_C","Desktop","Evening",1,0.12,85,0,27.9799999999998
6968,968,"UCB1","Ad_C","Tablet","Evening",0,0.12,85,0,27.9799999999998
6969,969,"UCB1","Ad_C","Desktop","Morning",0,0.12,85,0,27.9799999999998
6970,970,"UCB1","Ad_C","Tablet","Evening",0,0.12,85,0,27.9799999999998
6971,971,"UCB1","Ad_C","Desktop","Morning",0,0.12,85,0,27.9799999999998
6972,972,"UCB1","Ad_B","Desktop","Morning",0,0.08,85,0.04,28.0199999999998
6973,973,"UCB1","Ad_A","Tablet","Evening",0,0.05,85,0.07,28.0899999999998
6974,974,"UCB1","Ad_C","Desktop","Afternoon",0,0.12,85,0,28.0899999999998
6975,975,"UCB1","Ad_D","Mobile","Morning",0,0.1,85,0.02,28.1099999999998
6976,976,"UCB1","Ad_B","Desktop","Evening",0,0.08,85,0.04,28.1499999999998
6977,977,"UCB1","Ad_C","Mobile","Evening",0,0.12,85,0,28.1499999999998
6978,978,"UCB1","Ad_A","Mobile","Morning",0,0.05,85,0.07,28.2199999999998
6979,979,"UCB1","Ad_D","Desktop","Morning",0,0.1,85,0.02,28.2399999999998
6980,980,"UCB1","Ad_C","Desktop","Morning",0,0.12,85,0,28.2399999999998
6981,981,"UCB1","Ad_B","Desktop","Evening",0,0.08,85,0.04,28.2799999999998
6982,982,"UCB1","Ad_A","Desktop","Morning",0,0.05,85,0.07,28.3499999999998
6983,983,"UCB1","Ad_D","Tablet","Afternoon",0,0.1,85,0.02,28.3699999999998
6984,984,"UCB1","Ad_C","Tablet","Evening",0,0.12,85,0,28.3699999999998
6985,985,"UCB1","Ad_B","Desktop","Afternoon",0,0.08,85,0.04,28.4099999999998
6986,986,"UCB1","Ad_A","Tablet","Afternoon",0,0.05,85,0.07,28.4799999999998
6987,987,"UCB1","Ad_C","Tablet","Evening",0,0.12,85,0,28.4799999999998
6988,988,"UCB1","Ad_D","Desktop","Morning",0,0.1,85,0.02,28.4999999999998
6989,989,"UCB1","Ad_B","Desktop","Afternoon",0,0.08,85,0.04,28.5399999999998
6990,990,"UCB1","Ad_C","Mobile","Morning",0,0.12,85,0,28.5399999999998
6991,991,"UCB1","Ad_D","Desktop","Morning",0,0.1,85,0.02,28.5599999999998
6992,992,"UCB1","Ad_A","Tablet","Morning",1,0.05,86,0.07,28.6299999999998
6993,993,"UCB1","Ad_A","Desktop","Evening",0,0.05,86,0.07,28.6999999999998
6994,994,"UCB1","Ad_A","Tablet","Afternoon",1,0.05,87,0.07,28.7699999999998
6995,995,"UCB1","Ad_A","Tablet","Morning",0,0.05,87,0.07,28.8399999999998
6996,996,"UCB1","Ad_A","Mobile","Morning",0,0.05,87,0.07,28.9099999999998
6997,997,"UCB1","Ad_A","Desktop","Evening",0,0.05,87,0.07,28.9799999999998
6998,998,"UCB1","Ad_A","Desktop","Evening",0,0.05,87,0.07,29.0499999999998
6999,999,"UCB1","Ad_A","Desktop","Afternoon",0,0.05,87,0.07,29.1199999999998
7000,1000,"UCB1","Ad_A","Desktop","Afternoon",0,0.05,87,0.07,29.1899999999998
7001,1001,"UCB1","Ad_A","Tablet","Evening",0,0.05,87,0.07,29.2599999999998
7002,1002,"UCB1","Ad_A","Mobile","Afternoon",0,0.05,87,0.07,29.3299999999998
7003,1003,"UCB1","Ad_B","Desktop","Morning",0,0.08,87,0.04,29.3699999999998
7004,1004,"UCB1","Ad_A","Desktop","Afternoon",1,0.05,88,0.07,29.4399999999998
7005,1005,"UCB1","Ad_A","Tablet","Evening",0,0.05,88,0.07,29.5099999999998
7006,1006,"UCB1","Ad_A","Desktop","Afternoon",0,0.05,88,0.07,29.5799999999998
7007,1007,"UCB1","Ad_A","Tablet","Morning",0,0.05,88,0.07,29.6499999999998
7008,1008,"UCB1","Ad_A","Tablet","Afternoon",0,0.05,88,0.07,29.7199999999998
7009,1009,"UCB1","Ad_A","Tablet","Afternoon",1,0.05,89,0.07,29.7899999999998
7010,1010,"UCB1","Ad_A","Tablet","Morning",0,0.05,89,0.07,29.8599999999998
7011,1011,"UCB1","Ad_A","Mobile","Afternoon",1,0.05,90,0.07,29.9299999999998
7012,1012,"UCB1","Ad_A","Tablet","Morning",0,0.05,90,0.07,29.9999999999998
7013,1013,"UCB1","Ad_A","Tablet","Evening",0,0.05,90,0.07,30.0699999999998
7014,1014,"UCB1","Ad_A","Mobile","Evening",0,0.05,90,0.07,30.1399999999998
7015,1015,"UCB1","Ad_A","Desktop","Afternoon",0,0.05,90,0.07,30.2099999999998
7016,1016,"UCB1","Ad_A","Desktop","Morning",0,0.05,90,0.07,30.2799999999998
7017,1017,"UCB1","Ad_A","Mobile","Afternoon",0,0.05,90,0.07,30.3499999999998
7018,1018,"UCB1","Ad_A","Mobile","Afternoon",0,0.05,90,0.07,30.4199999999998
7019,1019,"UCB1","Ad_A","Desktop","Evening",0,0.05,90,0.07,30.4899999999998
7020,1020,"UCB1","Ad_C","Tablet","Morning",1,0.12,91,0,30.4899999999998
7021,1021,"UCB1","Ad_C","Mobile","Morning",0,0.12,91,0,30.4899999999998
7022,1022,"UCB1","Ad_C","Tablet","Morning",0,0.12,91,0,30.4899999999998
7023,1023,"UCB1","Ad_C","Mobile","Evening",0,0.12,91,0,30.4899999999998
7024,1024,"UCB1","Ad_C","Mobile","Morning",0,0.12,91,0,30.4899999999998
7025,1025,"UCB1","Ad_D","Desktop","Morning",0,0.1,91,0.02,30.5099999999998
7026,1026,"UCB1","Ad_C","Tablet","Afternoon",0,0.12,91,0,30.5099999999998
7027,1027,"UCB1","Ad_A","Desktop","Afternoon",0,0.05,91,0.07,30.5799999999998
7028,1028,"UCB1","Ad_B","Mobile","Morning",0,0.08,91,0.04,30.6199999999998
7029,1029,"UCB1","Ad_C","Desktop","Afternoon",1,0.12,92,0,30.6199999999998
7030,1030,"UCB1","Ad_C","Tablet","Evening",0,0.12,92,0,30.6199999999998
7031,1031,"UCB1","Ad_C","Tablet","Evening",1,0.12,93,0,30.6199999999998
7032,1032,"UCB1","Ad_C","Tablet","Morning",0,0.12,93,0,30.6199999999998
7033,1033,"UCB1","Ad_C","Mobile","Afternoon",0,0.12,93,0,30.6199999999998
7034,1034,"UCB1","Ad_C","Desktop","Morning",0,0.12,93,0,30.6199999999998
7035,1035,"UCB1","Ad_C","Mobile","Morning",0,0.12,93,0,30.6199999999998
7036,1036,"UCB1","Ad_C","Mobile","Afternoon",0,0.12,93,0,30.6199999999998
7037,1037,"UCB1","Ad_C","Desktop","Evening",0,0.12,93,0,30.6199999999998
7038,1038,"UCB1","Ad_C","Desktop","Evening",0,0.12,93,0,30.6199999999998
7039,1039,"UCB1","Ad_D","Mobile","Evening",0,0.1,93,0.02,30.6399999999998
7040,1040,"UCB1","Ad_B","Tablet","Afternoon",0,0.08,93,0.04,30.6799999999998
7041,1041,"UCB1","Ad_A","Tablet","Morning",0,0.05,93,0.07,30.7499999999998
7042,1042,"UCB1","Ad_C","Mobile","Afternoon",0,0.12,93,0,30.7499999999998
7043,1043,"UCB1","Ad_D","Tablet","Afternoon",0,0.1,93,0.02,30.7699999999998
7044,1044,"UCB1","Ad_B","Tablet","Afternoon",0,0.08,93,0.04,30.8099999999998
7045,1045,"UCB1","Ad_A","Tablet","Evening",0,0.05,93,0.07,30.8799999999998
7046,1046,"UCB1","Ad_C","Tablet","Afternoon",0,0.12,93,0,30.8799999999998
7047,1047,"UCB1","Ad_D","Desktop","Afternoon",0,0.1,93,0.02,30.8999999999998
7048,1048,"UCB1","Ad_B","Desktop","Afternoon",1,0.08,94,0.04,30.9399999999998
7049,1049,"UCB1","Ad_B","Mobile","Evening",0,0.08,94,0.04,30.9799999999998
7050,1050,"UCB1","Ad_B","Tablet","Morning",0,0.08,94,0.04,31.0199999999998
7051,1051,"UCB1","Ad_B","Desktop","Morning",0,0.08,94,0.04,31.0599999999998
7052,1052,"UCB1","Ad_B","Desktop","Evening",0,0.08,94,0.04,31.0999999999998
7053,1053,"UCB1","Ad_B","Mobile","Morning",0,0.08,94,0.04,31.1399999999998
7054,1054,"UCB1","Ad_C","Tablet","Evening",0,0.12,94,0,31.1399999999998
7055,1055,"UCB1","Ad_A","Tablet","Morning",0,0.05,94,0.07,31.2099999999998
7056,1056,"UCB1","Ad_C","Tablet","Evening",0,0.12,94,0,31.2099999999998
7057,1057,"UCB1","Ad_D","Mobile","Morning",0,0.1,94,0.02,31.2299999999998
7058,1058,"UCB1","Ad_B","Desktop","Evening",0,0.08,94,0.04,31.2699999999998
7059,1059,"UCB1","Ad_A","Tablet","Afternoon",1,0.05,95,0.07,31.3399999999998
7060,1060,"UCB1","Ad_A","Tablet","Morning",0,0.05,95,0.07,31.4099999999998
7061,1061,"UCB1","Ad_A","Mobile","Morning",0,0.05,95,0.07,31.4799999999998
7062,1062,"UCB1","Ad_A","Mobile","Morning",0,0.05,95,0.07,31.5499999999998
7063,1063,"UCB1","Ad_A","Tablet","Afternoon",0,0.05,95,0.07,31.6199999999998
7064,1064,"UCB1","Ad_A","Tablet","Afternoon",0,0.05,95,0.07,31.6899999999998
7065,1065,"UCB1","Ad_C","Mobile","Evening",0,0.12,95,0,31.6899999999998
7066,1066,"UCB1","Ad_D","Mobile","Afternoon",0,0.1,95,0.02,31.7099999999998
7067,1067,"UCB1","Ad_B","Tablet","Evening",0,0.08,95,0.04,31.7499999999998
7068,1068,"UCB1","Ad_A","Tablet","Afternoon",0,0.05,95,0.07,31.8199999999998
7069,1069,"UCB1","Ad_C","Mobile","Morning",0,0.12,95,0,31.8199999999998
7070,1070,"UCB1","Ad_B","Mobile","Morning",0,0.08,95,0.04,31.8599999999998
7071,1071,"UCB1","Ad_D","Mobile","Morning",0,0.1,95,0.02,31.8799999999998
7072,1072,"UCB1","Ad_A","Desktop","Morning",0,0.05,95,0.07,31.9499999999998
7073,1073,"UCB1","Ad_C","Desktop","Morning",0,0.12,95,0,31.9499999999998
7074,1074,"UCB1","Ad_B","Tablet","Morning",1,0.08,96,0.04,31.9899999999998
7075,1075,"UCB1","Ad_B","Mobile","Morning",0,0.08,96,0.04,32.0299999999998
7076,1076,"UCB1","Ad_B","Mobile","Evening",0,0.08,96,0.04,32.0699999999998
7077,1077,"UCB1","Ad_B","Tablet","Morning",0,0.08,96,0.04,32.1099999999998
7078,1078,"UCB1","Ad_B","Mobile","Evening",0,0.08,96,0.04,32.1499999999998
7079,1079,"UCB1","Ad_B","Desktop","Evening",0,0.08,96,0.04,32.1899999999998
7080,1080,"UCB1","Ad_D","Mobile","Morning",1,0.1,97,0.02,32.2099999999998
7081,1081,"UCB1","Ad_D","Mobile","Morning",0,0.1,97,0.02,32.2299999999998
7082,1082,"UCB1","Ad_D","Tablet","Evening",0,0.1,97,0.02,32.2499999999998
7083,1083,"UCB1","Ad_D","Desktop","Evening",0,0.1,97,0.02,32.2699999999998
7084,1084,"UCB1","Ad_D","Mobile","Afternoon",0,0.1,97,0.02,32.2899999999998
7085,1085,"UCB1","Ad_D","Tablet","Afternoon",0,0.1,97,0.02,32.3099999999998
7086,1086,"UCB1","Ad_A","Mobile","Afternoon",0,0.05,97,0.07,32.3799999999998
7087,1087,"UCB1","Ad_C","Tablet","Evening",0,0.12,97,0,32.3799999999998
7088,1088,"UCB1","Ad_B","Mobile","Afternoon",0,0.08,97,0.04,32.4199999999998
7089,1089,"UCB1","Ad_D","Tablet","Evening",0,0.1,97,0.02,32.4399999999998
7090,1090,"UCB1","Ad_C","Mobile","Morning",1,0.12,98,0,32.4399999999998
7091,1091,"UCB1","Ad_C","Tablet","Morning",0,0.12,98,0,32.4399999999998
7092,1092,"UCB1","Ad_C","Tablet","Morning",0,0.12,98,0,32.4399999999998
7093,1093,"UCB1","Ad_C","Mobile","Afternoon",0,0.12,98,0,32.4399999999998
7094,1094,"UCB1","Ad_C","Tablet","Afternoon",0,0.12,98,0,32.4399999999998
7095,1095,"UCB1","Ad_A","Tablet","Morning",0,0.05,98,0.07,32.5099999999998
7096,1096,"UCB1","Ad_C","Desktop","Afternoon",0,0.12,98,0,32.5099999999998
7097,1097,"UCB1","Ad_B","Mobile","Afternoon",0,0.08,98,0.04,32.5499999999998
7098,1098,"UCB1","Ad_D","Mobile","Afternoon",0,0.1,98,0.02,32.5699999999998
7099,1099,"UCB1","Ad_C","Mobile","Afternoon",0,0.12,98,0,32.5699999999998
7100,1100,"UCB1","Ad_A","Mobile","Morning",0,0.05,98,0.07,32.6399999999998
7101,1101,"UCB1","Ad_B","Mobile","Evening",0,0.08,98,0.04,32.6799999999998
7102,1102,"UCB1","Ad_D","Desktop","Morning",0,0.1,98,0.02,32.6999999999998
7103,1103,"UCB1","Ad_C","Tablet","Morning",0,0.12,98,0,32.6999999999998
7104,1104,"UCB1","Ad_A","Mobile","Evening",0,0.05,98,0.07,32.7699999999998
7105,1105,"UCB1","Ad_B","Mobile","Morning",0,0.08,98,0.04,32.8099999999998
7106,1106,"UCB1","Ad_C","Tablet","Afternoon",0,0.12,98,0,32.8099999999998
7107,1107,"UCB1","Ad_D","Tablet","Morning",1,0.1,99,0.02,32.8299999999998
7108,1108,"UCB1","Ad_D","Desktop","Morning",0,0.1,99,0.02,32.8499999999998
7109,1109,"UCB1","Ad_D","Mobile","Evening",0,0.1,99,0.02,32.8699999999998
7110,1110,"UCB1","Ad_D","Desktop","Morning",0,0.1,99,0.02,32.8899999999998
7111,1111,"UCB1","Ad_D","Desktop","Afternoon",0,0.1,99,0.02,32.9099999999998
7112,1112,"UCB1","Ad_D","Desktop","Evening",0,0.1,99,0.02,32.9299999999998
7113,1113,"UCB1","Ad_A","Tablet","Morning",0,0.05,99,0.07,32.9999999999998
7114,1114,"UCB1","Ad_C","Desktop","Afternoon",0,0.12,99,0,32.9999999999998
7115,1115,"UCB1","Ad_B","Mobile","Morning",0,0.08,99,0.04,33.0399999999998
7116,1116,"UCB1","Ad_D","Desktop","Evening",0,0.1,99,0.02,33.0599999999998
7117,1117,"UCB1","Ad_A","Desktop","Morning",1,0.05,100,0.07,33.1299999999998
7118,1118,"UCB1","Ad_A","Desktop","Afternoon",0,0.05,100,0.07,33.1999999999998
7119,1119,"UCB1","Ad_A","Mobile","Morning",0,0.05,100,0.07,33.2699999999998
7120,1120,"UCB1","Ad_A","Tablet","Morning",1,0.05,101,0.07,33.3399999999998
7121,1121,"UCB1","Ad_A","Desktop","Evening",0,0.05,101,0.07,33.4099999999998
7122,1122,"UCB1","Ad_A","Desktop","Morning",0,0.05,101,0.07,33.4799999999998
7123,1123,"UCB1","Ad_A","Desktop","Evening",0,0.05,101,0.07,33.5499999999998
7124,1124,"UCB1","Ad_A","Desktop","Morning",0,0.05,101,0.07,33.6199999999998
7125,1125,"UCB1","Ad_A","Tablet","Afternoon",0,0.05,101,0.07,33.6899999999998
7126,1126,"UCB1","Ad_A","Tablet","Morning",0,0.05,101,0.07,33.7599999999998
7127,1127,"UCB1","Ad_A","Mobile","Afternoon",0,0.05,101,0.07,33.8299999999998
7128,1128,"UCB1","Ad_C","Tablet","Evening",0,0.12,101,0,33.8299999999998
7129,1129,"UCB1","Ad_B","Mobile","Morning",1,0.08,102,0.04,33.8699999999998
7130,1130,"UCB1","Ad_B","Mobile","Evening",0,0.08,102,0.04,33.9099999999998
7131,1131,"UCB1","Ad_B","Mobile","Evening",0,0.08,102,0.04,33.9499999999998
7132,1132,"UCB1","Ad_B","Mobile","Morning",0,0.08,102,0.04,33.9899999999998
7133,1133,"UCB1","Ad_B","Tablet","Afternoon",1,0.08,103,0.04,34.0299999999998
7134,1134,"UCB1","Ad_B","Desktop","Evening",0,0.08,103,0.04,34.0699999999998
7135,1135,"UCB1","Ad_B","Desktop","Evening",0,0.08,103,0.04,34.1099999999998
7136,1136,"UCB1","Ad_B","Desktop","Morning",0,0.08,103,0.04,34.1499999999998
7137,1137,"UCB1","Ad_B","Mobile","Evening",0,0.08,103,0.04,34.1899999999998
7138,1138,"UCB1","Ad_B","Tablet","Morning",0,0.08,103,0.04,34.2299999999998
7139,1139,"UCB1","Ad_B","Desktop","Evening",0,0.08,103,0.04,34.2699999999998
7140,1140,"UCB1","Ad_D","Mobile","Morning",0,0.1,103,0.02,34.2899999999998
7141,1141,"UCB1","Ad_A","Mobile","Morning",0,0.05,103,0.07,34.3599999999998
7142,1142,"UCB1","Ad_C","Tablet","Afternoon",1,0.12,104,0,34.3599999999998
7143,1143,"UCB1","Ad_C","Desktop","Morning",1,0.12,105,0,34.3599999999998
7144,1144,"UCB1","Ad_C","Desktop","Afternoon",0,0.12,105,0,34.3599999999998
7145,1145,"UCB1","Ad_C","Mobile","Afternoon",0,0.12,105,0,34.3599999999998
7146,1146,"UCB1","Ad_C","Tablet","Evening",0,0.12,105,0,34.3599999999998
7147,1147,"UCB1","Ad_C","Tablet","Morning",0,0.12,105,0,34.3599999999998
7148,1148,"UCB1","Ad_C","Mobile","Afternoon",0,0.12,105,0,34.3599999999998
7149,1149,"UCB1","Ad_C","Tablet","Morning",0,0.12,105,0,34.3599999999998
7150,1150,"UCB1","Ad_C","Tablet","Afternoon",0,0.12,105,0,34.3599999999998
7151,1151,"UCB1","Ad_C","Desktop","Morning",0,0.12,105,0,34.3599999999998
7152,1152,"UCB1","Ad_B","Tablet","Morning",0,0.08,105,0.04,34.3999999999998
7153,1153,"UCB1","Ad_C","Tablet","Afternoon",0,0.12,105,0,34.3999999999998
7154,1154,"UCB1","Ad_D","Tablet","Morning",0,0.1,105,0.02,34.4199999999998
7155,1155,"UCB1","Ad_A","Tablet","Morning",0,0.05,105,0.07,34.4899999999998
7156,1156,"UCB1","Ad_B","Desktop","Afternoon",0,0.08,105,0.04,34.5299999999998
7157,1157,"UCB1","Ad_C","Mobile","Morning",0,0.12,105,0,34.5299999999998
7158,1158,"UCB1","Ad_D","Tablet","Afternoon",1,0.1,106,0.02,34.5499999999998
7159,1159,"UCB1","Ad_D","Mobile","Evening",0,0.1,106,0.02,34.5699999999998
7160,1160,"UCB1","Ad_D","Mobile","Evening",0,0.1,106,0.02,34.5899999999998
7161,1161,"UCB1","Ad_D","Tablet","Morning",0,0.1,106,0.02,34.6099999999998
7162,1162,"UCB1","Ad_D","Desktop","Evening",0,0.1,106,0.02,34.6299999999998
7163,1163,"UCB1","Ad_D","Desktop","Morning",0,0.1,106,0.02,34.6499999999998
7164,1164,"UCB1","Ad_A","Mobile","Afternoon",0,0.05,106,0.07,34.7199999999998
7165,1165,"UCB1","Ad_C","Desktop","Morning",0,0.12,106,0,34.7199999999998
7166,1166,"UCB1","Ad_B","Desktop","Evening",0,0.08,106,0.04,34.7599999999998
7167,1167,"UCB1","Ad_D","Tablet","Evening",0,0.1,106,0.02,34.7799999999999
7168,1168,"UCB1","Ad_A","Desktop","Morning",0,0.05,106,0.07,34.8499999999999
7169,1169,"UCB1","Ad_C","Mobile","Morning",1,0.12,107,0,34.8499999999999
7170,1170,"UCB1","Ad_C","Tablet","Evening",0,0.12,107,0,34.8499999999999
7171,1171,"UCB1","Ad_C","Mobile","Morning",0,0.12,107,0,34.8499999999999
7172,1172,"UCB1","Ad_C","Desktop","Morning",1,0.12,108,0,34.8499999999999
7173,1173,"UCB1","Ad_C","Tablet","Afternoon",1,0.12,109,0,34.8499999999999
7174,1174,"UCB1","Ad_C","Mobile","Morning",0,0.12,109,0,34.8499999999999
7175,1175,"UCB1","Ad_C","Mobile","Afternoon",0,0.12,109,0,34.8499999999999
7176,1176,"UCB1","Ad_C","Tablet","Afternoon",0,0.12,109,0,34.8499999999999
7177,1177,"UCB1","Ad_C","Mobile","Afternoon",0,0.12,109,0,34.8499999999999
7178,1178,"UCB1","Ad_C","Desktop","Evening",0,0.12,109,0,34.8499999999999
7179,1179,"UCB1","Ad_C","Desktop","Morning",0,0.12,109,0,34.8499999999999
7180,1180,"UCB1","Ad_C","Tablet","Evening",0,0.12,109,0,34.8499999999999
7181,1181,"UCB1","Ad_C","Desktop","Afternoon",0,0.12,109,0,34.8499999999999
7182,1182,"UCB1","Ad_C","Tablet","Morning",0,0.12,109,0,34.8499999999999
7183,1183,"UCB1","Ad_C","Desktop","Evening",0,0.12,109,0,34.8499999999999
7184,1184,"UCB1","Ad_B","Mobile","Morning",0,0.08,109,0.04,34.8899999999999
7185,1185,"UCB1","Ad_D","Tablet","Evening",0,0.1,109,0.02,34.9099999999999
7186,1186,"UCB1","Ad_C","Tablet","Morning",0,0.12,109,0,34.9099999999999
7187,1187,"UCB1","Ad_A","Tablet","Morning",0,0.05,109,0.07,34.9799999999999
7188,1188,"UCB1","Ad_B","Mobile","Evening",0,0.08,109,0.04,35.0199999999999
7189,1189,"UCB1","Ad_D","Desktop","Evening",1,0.1,110,0.02,35.0399999999999
7190,1190,"UCB1","Ad_D","Tablet","Afternoon",0,0.1,110,0.02,35.0599999999999
7191,1191,"UCB1","Ad_D","Mobile","Morning",0,0.1,110,0.02,35.0799999999999
7192,1192,"UCB1","Ad_D","Tablet","Afternoon",0,0.1,110,0.02,35.0999999999999
7193,1193,"UCB1","Ad_D","Desktop","Evening",0,0.1,110,0.02,35.1199999999999
7194,1194,"UCB1","Ad_D","Desktop","Morning",1,0.1,111,0.02,35.1399999999999
7195,1195,"UCB1","Ad_D","Tablet","Afternoon",0,0.1,111,0.02,35.1599999999999
7196,1196,"UCB1","Ad_D","Mobile","Afternoon",0,0.1,111,0.02,35.1799999999999
7197,1197,"UCB1","Ad_D","Mobile","Afternoon",1,0.1,112,0.02,35.1999999999999
7198,1198,"UCB1","Ad_D","Tablet","Morning",0,0.1,112,0.02,35.2199999999999
7199,1199,"UCB1","Ad_D","Desktop","Evening",0,0.1,112,0.02,35.2399999999999
7200,1200,"UCB1","Ad_D","Desktop","Evening",0,0.1,112,0.02,35.2599999999999
7201,1201,"UCB1","Ad_D","Desktop","Evening",0,0.1,112,0.02,35.2799999999999
7202,1202,"UCB1","Ad_D","Desktop","Evening",0,0.1,112,0.02,35.2999999999999
7203,1203,"UCB1","Ad_D","Mobile","Morning",1,0.1,113,0.02,35.3199999999999
7204,1204,"UCB1","Ad_D","Mobile","Evening",1,0.1,114,0.02,35.3399999999999
7205,1205,"UCB1","Ad_D","Tablet","Afternoon",0,0.1,114,0.02,35.3599999999999
7206,1206,"UCB1","Ad_D","Tablet","Morning",1,0.1,115,0.02,35.3799999999999
7207,1207,"UCB1","Ad_D","Mobile","Afternoon",0,0.1,115,0.02,35.3999999999999
7208,1208,"UCB1","Ad_D","Mobile","Afternoon",0,0.1,115,0.02,35.4199999999999
7209,1209,"UCB1","Ad_D","Tablet","Evening",0,0.1,115,0.02,35.4399999999999
7210,1210,"UCB1","Ad_D","Desktop","Evening",0,0.1,115,0.02,35.4599999999999
7211,1211,"UCB1","Ad_D","Tablet","Morning",0,0.1,115,0.02,35.4799999999999
7212,1212,"UCB1","Ad_D","Desktop","Afternoon",1,0.1,116,0.02,35.4999999999999
7213,1213,"UCB1","Ad_D","Desktop","Evening",0,0.1,116,0.02,35.5199999999999
7214,1214,"UCB1","Ad_D","Tablet","Afternoon",0,0.1,116,0.02,35.5399999999999
7215,1215,"UCB1","Ad_D","Desktop","Evening",0,0.1,116,0.02,35.5599999999999
7216,1216,"UCB1","Ad_D","Mobile","Afternoon",0,0.1,116,0.02,35.5799999999999
7217,1217,"UCB1","Ad_D","Mobile","Morning",0,0.1,116,0.02,35.5999999999999
7218,1218,"UCB1","Ad_D","Mobile","Morning",0,0.1,116,0.02,35.6199999999999
7219,1219,"UCB1","Ad_D","Mobile","Morning",1,0.1,117,0.02,35.64
7220,1220,"UCB1","Ad_D","Tablet","Morning",0,0.1,117,0.02,35.66
7221,1221,"UCB1","Ad_D","Mobile","Afternoon",0,0.1,117,0.02,35.68
7222,1222,"UCB1","Ad_D","Desktop","Morning",0,0.1,117,0.02,35.7
7223,1223,"UCB1","Ad_D","Tablet","Afternoon",0,0.1,117,0.02,35.72
7224,1224,"UCB1","Ad_D","Mobile","Evening",0,0.1,117,0.02,35.74
7225,1225,"UCB1","Ad_D","Tablet","Morning",0,0.1,117,0.02,35.76
7226,1226,"UCB1","Ad_D","Tablet","Morning",0,0.1,117,0.02,35.78
7227,1227,"UCB1","Ad_D","Desktop","Afternoon",0,0.1,117,0.02,35.8
7228,1228,"UCB1","Ad_D","Tablet","Morning",0,0.1,117,0.02,35.82
7229,1229,"UCB1","Ad_D","Mobile","Morning",0,0.1,117,0.02,35.84
7230,1230,"UCB1","Ad_C","Mobile","Evening",0,0.12,117,0,35.84
7231,1231,"UCB1","Ad_A","Mobile","Afternoon",0,0.05,117,0.07,35.91
7232,1232,"UCB1","Ad_B","Mobile","Evening",1,0.08,118,0.04,35.95
7233,1233,"UCB1","Ad_B","Tablet","Afternoon",0,0.08,118,0.04,35.99
7234,1234,"UCB1","Ad_B","Tablet","Morning",0,0.08,118,0.04,36.03
7235,1235,"UCB1","Ad_B","Tablet","Morning",0,0.08,118,0.04,36.07
7236,1236,"UCB1","Ad_B","Desktop","Evening",0,0.08,118,0.04,36.11
7237,1237,"UCB1","Ad_B","Mobile","Afternoon",0,0.08,118,0.04,36.15
7238,1238,"UCB1","Ad_D","Desktop","Evening",0,0.1,118,0.02,36.17
7239,1239,"UCB1","Ad_C","Mobile","Afternoon",1,0.12,119,0,36.17
7240,1240,"UCB1","Ad_C","Mobile","Afternoon",0,0.12,119,0,36.17
7241,1241,"UCB1","Ad_C","Desktop","Morning",0,0.12,119,0,36.17
7242,1242,"UCB1","Ad_C","Desktop","Afternoon",0,0.12,119,0,36.17
7243,1243,"UCB1","Ad_C","Desktop","Morning",0,0.12,119,0,36.17
7244,1244,"UCB1","Ad_C","Desktop","Morning",0,0.12,119,0,36.17
7245,1245,"UCB1","Ad_A","Desktop","Morning",0,0.05,119,0.07,36.24
7246,1246,"UCB1","Ad_B","Tablet","Evening",0,0.08,119,0.04,36.28
7247,1247,"UCB1","Ad_D","Mobile","Afternoon",0,0.1,119,0.02,36.3
7248,1248,"UCB1","Ad_C","Desktop","Evening",0,0.12,119,0,36.3
7249,1249,"UCB1","Ad_A","Desktop","Morning",0,0.05,119,0.07,36.37
7250,1250,"UCB1","Ad_B","Tablet","Evening",0,0.08,119,0.04,36.41
7251,1251,"UCB1","Ad_D","Desktop","Morning",0,0.1,119,0.02,36.43
7252,1252,"UCB1","Ad_C","Desktop","Evening",0,0.12,119,0,36.43
7253,1253,"UCB1","Ad_B","Mobile","Afternoon",0,0.08,119,0.04,36.47
7254,1254,"UCB1","Ad_A","Desktop","Morning",0,0.05,119,0.07,36.54
7255,1255,"UCB1","Ad_D","Tablet","Morning",0,0.1,119,0.02,36.56
7256,1256,"UCB1","Ad_C","Mobile","Morning",0,0.12,119,0,36.56
7257,1257,"UCB1","Ad_C","Mobile","Afternoon",0,0.12,119,0,36.56
7258,1258,"UCB1","Ad_D","Tablet","Evening",0,0.1,119,0.02,36.58
7259,1259,"UCB1","Ad_B","Tablet","Morning",0,0.08,119,0.04,36.62
7260,1260,"UCB1","Ad_A","Mobile","Afternoon",0,0.05,119,0.07,36.69
7261,1261,"UCB1","Ad_C","Desktop","Morning",0,0.12,119,0,36.69
7262,1262,"UCB1","Ad_D","Mobile","Afternoon",0,0.1,119,0.02,36.71
7263,1263,"UCB1","Ad_B","Tablet","Morning",0,0.08,119,0.04,36.75
7264,1264,"UCB1","Ad_A","Desktop","Afternoon",0,0.05,119,0.07,36.82
7265,1265,"UCB1","Ad_C","Mobile","Evening",0,0.12,119,0,36.82
7266,1266,"UCB1","Ad_D","Mobile","Afternoon",0,0.1,119,0.02,36.84
7267,1267,"UCB1","Ad_B","Mobile","Evening",0,0.08,119,0.04,36.88
7268,1268,"UCB1","Ad_A","Desktop","Evening",0,0.05,119,0.07,36.95
7269,1269,"UCB1","Ad_C","Mobile","Evening",1,0.12,120,0,36.95
7270,1270,"UCB1","Ad_C","Desktop","Morning",0,0.12,120,0,36.95
7271,1271,"UCB1","Ad_C","Mobile","Afternoon",0,0.12,120,0,36.95
7272,1272,"UCB1","Ad_C","Tablet","Afternoon",0,0.12,120,0,36.95
7273,1273,"UCB1","Ad_C","Tablet","Morning",0,0.12,120,0,36.95
7274,1274,"UCB1","Ad_C","Tablet","Evening",0,0.12,120,0,36.95
7275,1275,"UCB1","Ad_D","Tablet","Evening",0,0.1,120,0.02,36.97
7276,1276,"UCB1","Ad_B","Desktop","Morning",1,0.08,121,0.04,37.01
7277,1277,"UCB1","Ad_B","Desktop","Morning",0,0.08,121,0.04,37.05
7278,1278,"UCB1","Ad_B","Tablet","Morning",0,0.08,121,0.04,37.09
7279,1279,"UCB1","Ad_B","Desktop","Afternoon",0,0.08,121,0.04,37.13
7280,1280,"UCB1","Ad_B","Desktop","Evening",1,0.08,122,0.04,37.17
7281,1281,"UCB1","Ad_B","Tablet","Morning",0,0.08,122,0.04,37.21
7282,1282,"UCB1","Ad_B","Tablet","Afternoon",0,0.08,122,0.04,37.25
7283,1283,"UCB1","Ad_B","Desktop","Afternoon",0,0.08,122,0.04,37.29
7284,1284,"UCB1","Ad_B","Tablet","Evening",0,0.08,122,0.04,37.33
7285,1285,"UCB1","Ad_B","Tablet","Evening",0,0.08,122,0.04,37.37
7286,1286,"UCB1","Ad_B","Mobile","Afternoon",0,0.08,122,0.04,37.41
7287,1287,"UCB1","Ad_A","Tablet","Afternoon",0,0.05,122,0.07,37.48
7288,1288,"UCB1","Ad_C","Tablet","Evening",0,0.12,122,0,37.48
7289,1289,"UCB1","Ad_D","Tablet","Evening",0,0.1,122,0.02,37.5
7290,1290,"UCB1","Ad_B","Tablet","Evening",0,0.08,122,0.04,37.54
7291,1291,"UCB1","Ad_C","Mobile","Morning",0,0.12,122,0,37.54
7292,1292,"UCB1","Ad_A","Tablet","Morning",0,0.05,122,0.07,37.61
7293,1293,"UCB1","Ad_D","Mobile","Evening",0,0.1,122,0.02,37.63
7294,1294,"UCB1","Ad_B","Mobile","Afternoon",0,0.08,122,0.04,37.67
7295,1295,"UCB1","Ad_C","Desktop","Morning",0,0.12,122,0,37.67
7296,1296,"UCB1","Ad_A","Mobile","Morning",0,0.05,122,0.07,37.74
7297,1297,"UCB1","Ad_D","Desktop","Evening",0,0.1,122,0.02,37.76
7298,1298,"UCB1","Ad_B","Desktop","Morning",0,0.08,122,0.04,37.8
7299,1299,"UCB1","Ad_C","Mobile","Evening",0,0.12,122,0,37.8
7300,1300,"UCB1","Ad_A","Mobile","Morning",0,0.05,122,0.07,37.87
7301,1301,"UCB1","Ad_D","Mobile","Evening",0,0.1,122,0.02,37.89
7302,1302,"UCB1","Ad_B","Desktop","Afternoon",0,0.08,122,0.04,37.93
7303,1303,"UCB1","Ad_C","Mobile","Evening",0,0.12,122,0,37.93
7304,1304,"UCB1","Ad_C","Tablet","Morning",0,0.12,122,0,37.93
7305,1305,"UCB1","Ad_D","Desktop","Evening",0,0.1,122,0.02,37.95
7306,1306,"UCB1","Ad_B","Mobile","Evening",0,0.08,122,0.04,37.99
7307,1307,"UCB1","Ad_A","Tablet","Evening",0,0.05,122,0.07,38.06
7308,1308,"UCB1","Ad_C","Mobile","Afternoon",0,0.12,122,0,38.06
7309,1309,"UCB1","Ad_D","Mobile","Afternoon",1,0.1,123,0.02,38.08
7310,1310,"UCB1","Ad_D","Mobile","Evening",0,0.1,123,0.02,38.1
7311,1311,"UCB1","Ad_D","Mobile","Afternoon",0,0.1,123,0.02,38.12
7312,1312,"UCB1","Ad_D","Mobile","Evening",0,0.1,123,0.02,38.14
7313,1313,"UCB1","Ad_D","Mobile","Evening",0,0.1,123,0.02,38.16
7314,1314,"UCB1","Ad_D","Desktop","Afternoon",0,0.1,123,0.02,38.18
7315,1315,"UCB1","Ad_B","Tablet","Morning",0,0.08,123,0.04,38.22
7316,1316,"UCB1","Ad_A","Tablet","Evening",0,0.05,123,0.07,38.29
7317,1317,"UCB1","Ad_C","Mobile","Afternoon",0,0.12,123,0,38.29
7318,1318,"UCB1","Ad_D","Mobile","Morning",0,0.1,123,0.02,38.31
7319,1319,"UCB1","Ad_B","Desktop","Morning",0,0.08,123,0.04,38.35
7320,1320,"UCB1","Ad_A","Tablet","Evening",0,0.05,123,0.07,38.42
7321,1321,"UCB1","Ad_C","Tablet","Evening",0,0.12,123,0,38.42
7322,1322,"UCB1","Ad_D","Tablet","Evening",0,0.1,123,0.02,38.44
7323,1323,"UCB1","Ad_B","Mobile","Morning",0,0.08,123,0.04,38.48
7324,1324,"UCB1","Ad_C","Desktop","Afternoon",0,0.12,123,0,38.48
7325,1325,"UCB1","Ad_A","Desktop","Morning",0,0.05,123,0.07,38.55
7326,1326,"UCB1","Ad_D","Desktop","Morning",0,0.1,123,0.02,38.57
7327,1327,"UCB1","Ad_B","Mobile","Evening",0,0.08,123,0.04,38.61
7328,1328,"UCB1","Ad_C","Mobile","Evening",0,0.12,123,0,38.61
7329,1329,"UCB1","Ad_A","Tablet","Afternoon",0,0.05,123,0.07,38.68
7330,1330,"UCB1","Ad_D","Mobile","Morning",0,0.1,123,0.02,38.7
7331,1331,"UCB1","Ad_B","Tablet","Morning",0,0.08,123,0.04,38.74
7332,1332,"UCB1","Ad_C","Tablet","Afternoon",0,0.12,123,0,38.74
7333,1333,"UCB1","Ad_A","Desktop","Evening",0,0.05,123,0.07,38.81
7334,1334,"UCB1","Ad_D","Desktop","Evening",0,0.1,123,0.02,38.83
7335,1335,"UCB1","Ad_C","Desktop","Evening",0,0.12,123,0,38.83
7336,1336,"UCB1","Ad_B","Tablet","Afternoon",0,0.08,123,0.04,38.87
7337,1337,"UCB1","Ad_D","Tablet","Evening",1,0.1,124,0.02,38.89
7338,1338,"UCB1","Ad_D","Tablet","Evening",0,0.1,124,0.02,38.91
7339,1339,"UCB1","Ad_D","Desktop","Morning",0,0.1,124,0.02,38.93
7340,1340,"UCB1","Ad_D","Mobile","Morning",0,0.1,124,0.02,38.95
7341,1341,"UCB1","Ad_D","Mobile","Evening",0,0.1,124,0.02,38.97
7342,1342,"UCB1","Ad_D","Mobile","Evening",0,0.1,124,0.02,38.9900000000001
7343,1343,"UCB1","Ad_A","Desktop","Morning",0,0.05,124,0.07,39.0600000000001
7344,1344,"UCB1","Ad_C","Desktop","Evening",1,0.12,125,0,39.0600000000001
7345,1345,"UCB1","Ad_C","Mobile","Afternoon",1,0.12,126,0,39.0600000000001
7346,1346,"UCB1","Ad_C","Desktop","Afternoon",0,0.12,126,0,39.0600000000001
7347,1347,"UCB1","Ad_C","Tablet","Evening",0,0.12,126,0,39.0600000000001
7348,1348,"UCB1","Ad_C","Mobile","Morning",0,0.12,126,0,39.0600000000001
7349,1349,"UCB1","Ad_C","Tablet","Morning",0,0.12,126,0,39.0600000000001
7350,1350,"UCB1","Ad_C","Desktop","Morning",0,0.12,126,0,39.0600000000001
7351,1351,"UCB1","Ad_C","Mobile","Evening",1,0.12,127,0,39.0600000000001
7352,1352,"UCB1","Ad_C","Tablet","Evening",0,0.12,127,0,39.0600000000001
7353,1353,"UCB1","Ad_C","Desktop","Evening",0,0.12,127,0,39.0600000000001
7354,1354,"UCB1","Ad_C","Desktop","Morning",0,0.12,127,0,39.0600000000001
7355,1355,"UCB1","Ad_C","Desktop","Evening",1,0.12,128,0,39.0600000000001
7356,1356,"UCB1","Ad_C","Desktop","Afternoon",0,0.12,128,0,39.0600000000001
7357,1357,"UCB1","Ad_C","Tablet","Morning",0,0.12,128,0,39.0600000000001
7358,1358,"UCB1","Ad_C","Mobile","Afternoon",1,0.12,129,0,39.0600000000001
7359,1359,"UCB1","Ad_C","Mobile","Evening",0,0.12,129,0,39.0600000000001
7360,1360,"UCB1","Ad_C","Mobile","Afternoon",0,0.12,129,0,39.0600000000001
7361,1361,"UCB1","Ad_C","Mobile","Afternoon",0,0.12,129,0,39.0600000000001
7362,1362,"UCB1","Ad_C","Mobile","Morning",0,0.12,129,0,39.0600000000001
7363,1363,"UCB1","Ad_C","Desktop","Morning",0,0.12,129,0,39.0600000000001
7364,1364,"UCB1","Ad_C","Desktop","Afternoon",0,0.12,129,0,39.0600000000001
7365,1365,"UCB1","Ad_C","Desktop","Afternoon",1,0.12,130,0,39.0600000000001
7366,1366,"UCB1","Ad_C","Desktop","Morning",0,0.12,130,0,39.0600000000001
7367,1367,"UCB1","Ad_C","Tablet","Evening",0,0.12,130,0,39.0600000000001
7368,1368,"UCB1","Ad_C","Tablet","Afternoon",0,0.12,130,0,39.0600000000001
7369,1369,"UCB1","Ad_C","Desktop","Evening",0,0.12,130,0,39.0600000000001
7370,1370,"UCB1","Ad_C","Tablet","Morning",0,0.12,130,0,39.0600000000001
7371,1371,"UCB1","Ad_C","Tablet","Afternoon",0,0.12,130,0,39.0600000000001
7372,1372,"UCB1","Ad_C","Desktop","Morning",0,0.12,130,0,39.0600000000001
7373,1373,"UCB1","Ad_C","Mobile","Afternoon",0,0.12,130,0,39.0600000000001
7374,1374,"UCB1","Ad_B","Tablet","Morning",1,0.08,131,0.04,39.1000000000001
7375,1375,"UCB1","Ad_B","Mobile","Afternoon",0,0.08,131,0.04,39.1400000000001
7376,1376,"UCB1","Ad_B","Tablet","Evening",0,0.08,131,0.04,39.18
7377,1377,"UCB1","Ad_B","Tablet","Evening",0,0.08,131,0.04,39.22
7378,1378,"UCB1","Ad_B","Desktop","Afternoon",1,0.08,132,0.04,39.26
7379,1379,"UCB1","Ad_B","Mobile","Morning",0,0.08,132,0.04,39.3
7380,1380,"UCB1","Ad_B","Mobile","Morning",0,0.08,132,0.04,39.34
7381,1381,"UCB1","Ad_B","Desktop","Afternoon",0,0.08,132,0.04,39.38
7382,1382,"UCB1","Ad_B","Tablet","Evening",0,0.08,132,0.04,39.42
7383,1383,"UCB1","Ad_B","Tablet","Evening",0,0.08,132,0.04,39.46
7384,1384,"UCB1","Ad_B","Tablet","Afternoon",0,0.08,132,0.04,39.5
7385,1385,"UCB1","Ad_D","Tablet","Afternoon",0,0.1,132,0.02,39.52
7386,1386,"UCB1","Ad_C","Desktop","Afternoon",0,0.12,132,0,39.52
7387,1387,"UCB1","Ad_B","Desktop","Evening",0,0.08,132,0.04,39.56
7388,1388,"UCB1","Ad_A","Mobile","Morning",0,0.05,132,0.07,39.63
7389,1389,"UCB1","Ad_C","Tablet","Afternoon",0,0.12,132,0,39.63
7390,1390,"UCB1","Ad_D","Desktop","Evening",0,0.1,132,0.02,39.65
7391,1391,"UCB1","Ad_B","Tablet","Morning",0,0.08,132,0.04,39.69
7392,1392,"UCB1","Ad_A","Tablet","Evening",1,0.05,133,0.07,39.76
7393,1393,"UCB1","Ad_A","Desktop","Afternoon",0,0.05,133,0.07,39.83
7394,1394,"UCB1","Ad_A","Mobile","Morning",0,0.05,133,0.07,39.9
7395,1395,"UCB1","Ad_A","Desktop","Evening",0,0.05,133,0.07,39.97
7396,1396,"UCB1","Ad_A","Mobile","Evening",0,0.05,133,0.07,40.04
7397,1397,"UCB1","Ad_A","Desktop","Morning",1,0.05,134,0.07,40.11
7398,1398,"UCB1","Ad_A","Tablet","Evening",0,0.05,134,0.07,40.18
7399,1399,"UCB1","Ad_A","Desktop","Morning",0,0.05,134,0.07,40.25
7400,1400,"UCB1","Ad_A","Desktop","Evening",1,0.05,135,0.07,40.3200000000001
7401,1401,"UCB1","Ad_A","Desktop","Afternoon",0,0.05,135,0.07,40.3900000000001
7402,1402,"UCB1","Ad_A","Tablet","Evening",0,0.05,135,0.07,40.4600000000001
7403,1403,"UCB1","Ad_A","Desktop","Morning",0,0.05,135,0.07,40.5300000000001
7404,1404,"UCB1","Ad_A","Tablet","Afternoon",0,0.05,135,0.07,40.6000000000001
7405,1405,"UCB1","Ad_A","Desktop","Afternoon",0,0.05,135,0.07,40.6700000000001
7406,1406,"UCB1","Ad_A","Tablet","Afternoon",0,0.05,135,0.07,40.7400000000001
7407,1407,"UCB1","Ad_A","Mobile","Morning",0,0.05,135,0.07,40.8100000000001
7408,1408,"UCB1","Ad_A","Desktop","Morning",0,0.05,135,0.07,40.8800000000001
7409,1409,"UCB1","Ad_C","Desktop","Morning",0,0.12,135,0,40.8800000000001
7410,1410,"UCB1","Ad_D","Desktop","Evening",1,0.1,136,0.02,40.9000000000001
7411,1411,"UCB1","Ad_D","Desktop","Afternoon",0,0.1,136,0.02,40.9200000000001
7412,1412,"UCB1","Ad_D","Mobile","Afternoon",0,0.1,136,0.02,40.9400000000001
7413,1413,"UCB1","Ad_D","Tablet","Morning",0,0.1,136,0.02,40.9600000000001
7414,1414,"UCB1","Ad_D","Tablet","Morning",0,0.1,136,0.02,40.9800000000001
7415,1415,"UCB1","Ad_D","Desktop","Afternoon",0,0.1,136,0.02,41.0000000000001
7416,1416,"UCB1","Ad_B","Desktop","Evening",0,0.08,136,0.04,41.0400000000001
7417,1417,"UCB1","Ad_A","Mobile","Afternoon",0,0.05,136,0.07,41.1100000000001
7418,1418,"UCB1","Ad_C","Mobile","Morning",0,0.12,136,0,41.1100000000001
7419,1419,"UCB1","Ad_D","Desktop","Afternoon",0,0.1,136,0.02,41.1300000000001
7420,1420,"UCB1","Ad_B","Mobile","Morning",0,0.08,136,0.04,41.1700000000001
7421,1421,"UCB1","Ad_A","Tablet","Afternoon",0,0.05,136,0.07,41.2400000000001
7422,1422,"UCB1","Ad_C","Tablet","Afternoon",0,0.12,136,0,41.2400000000001
7423,1423,"UCB1","Ad_D","Desktop","Morning",0,0.1,136,0.02,41.2600000000001
7424,1424,"UCB1","Ad_B","Desktop","Morning",0,0.08,136,0.04,41.3000000000001
7425,1425,"UCB1","Ad_C","Tablet","Evening",0,0.12,136,0,41.3000000000001
7426,1426,"UCB1","Ad_A","Mobile","Afternoon",0,0.05,136,0.07,41.3700000000001
7427,1427,"UCB1","Ad_D","Tablet","Morning",0,0.1,136,0.02,41.3900000000001
7428,1428,"UCB1","Ad_B","Tablet","Morning",1,0.08,137,0.04,41.4300000000001
7429,1429,"UCB1","Ad_B","Desktop","Afternoon",0,0.08,137,0.04,41.4700000000001
7430,1430,"UCB1","Ad_B","Desktop","Evening",1,0.08,138,0.04,41.5100000000001
7431,1431,"UCB1","Ad_B","Tablet","Afternoon",0,0.08,138,0.04,41.5500000000001
7432,1432,"UCB1","Ad_B","Tablet","Afternoon",0,0.08,138,0.04,41.5900000000001
7433,1433,"UCB1","Ad_B","Tablet","Afternoon",1,0.08,139,0.04,41.6300000000001
7434,1434,"UCB1","Ad_B","Mobile","Morning",0,0.08,139,0.04,41.6700000000001
7435,1435,"UCB1","Ad_B","Tablet","Morning",0,0.08,139,0.04,41.7100000000001
7436,1436,"UCB1","Ad_B","Tablet","Evening",0,0.08,139,0.04,41.7500000000001
7437,1437,"UCB1","Ad_B","Desktop","Evening",0,0.08,139,0.04,41.7900000000001
7438,1438,"UCB1","Ad_B","Desktop","Evening",0,0.08,139,0.04,41.8300000000001
7439,1439,"UCB1","Ad_B","Desktop","Morning",0,0.08,139,0.04,41.8700000000001
7440,1440,"UCB1","Ad_B","Tablet","Morning",1,0.08,140,0.04,41.9100000000001
7441,1441,"UCB1","Ad_B","Desktop","Afternoon",0,0.08,140,0.04,41.9500000000001
7442,1442,"UCB1","Ad_B","Desktop","Afternoon",0,0.08,140,0.04,41.9900000000001
7443,1443,"UCB1","Ad_B","Desktop","Afternoon",0,0.08,140,0.04,42.0300000000001
7444,1444,"UCB1","Ad_B","Mobile","Morning",0,0.08,140,0.04,42.0700000000001
7445,1445,"UCB1","Ad_B","Mobile","Morning",0,0.08,140,0.04,42.1100000000001
7446,1446,"UCB1","Ad_B","Tablet","Afternoon",0,0.08,140,0.04,42.1500000000001
7447,1447,"UCB1","Ad_B","Mobile","Evening",0,0.08,140,0.04,42.1900000000001
7448,1448,"UCB1","Ad_B","Desktop","Morning",0,0.08,140,0.04,42.2300000000001
7449,1449,"UCB1","Ad_C","Desktop","Morning",1,0.12,141,0,42.2300000000001
7450,1450,"UCB1","Ad_C","Desktop","Morning",0,0.12,141,0,42.2300000000001
7451,1451,"UCB1","Ad_C","Mobile","Afternoon",0,0.12,141,0,42.2300000000001
7452,1452,"UCB1","Ad_C","Tablet","Afternoon",1,0.12,142,0,42.2300000000001
7453,1453,"UCB1","Ad_C","Mobile","Afternoon",0,0.12,142,0,42.2300000000001
7454,1454,"UCB1","Ad_C","Tablet","Morning",1,0.12,143,0,42.2300000000001
7455,1455,"UCB1","Ad_C","Desktop","Evening",0,0.12,143,0,42.2300000000001
7456,1456,"UCB1","Ad_C","Tablet","Afternoon",0,0.12,143,0,42.2300000000001
7457,1457,"UCB1","Ad_C","Desktop","Afternoon",0,0.12,143,0,42.2300000000001
7458,1458,"UCB1","Ad_C","Desktop","Afternoon",1,0.12,144,0,42.2300000000001
7459,1459,"UCB1","Ad_C","Mobile","Afternoon",0,0.12,144,0,42.2300000000001
7460,1460,"UCB1","Ad_C","Desktop","Afternoon",0,0.12,144,0,42.2300000000001
7461,1461,"UCB1","Ad_C","Desktop","Morning",0,0.12,144,0,42.2300000000001
7462,1462,"UCB1","Ad_C","Tablet","Afternoon",1,0.12,145,0,42.2300000000001
7463,1463,"UCB1","Ad_C","Mobile","Afternoon",0,0.12,145,0,42.2300000000001
7464,1464,"UCB1","Ad_C","Mobile","Morning",1,0.12,146,0,42.2300000000001
7465,1465,"UCB1","Ad_C","Desktop","Evening",0,0.12,146,0,42.2300000000001
7466,1466,"UCB1","Ad_C","Tablet","Evening",1,0.12,147,0,42.2300000000001
7467,1467,"UCB1","Ad_C","Desktop","Morning",0,0.12,147,0,42.2300000000001
7468,1468,"UCB1","Ad_C","Desktop","Evening",0,0.12,147,0,42.2300000000001
7469,1469,"UCB1","Ad_C","Desktop","Morning",0,0.12,147,0,42.2300000000001
7470,1470,"UCB1","Ad_C","Mobile","Evening",0,0.12,147,0,42.2300000000001
7471,1471,"UCB1","Ad_C","Mobile","Evening",0,0.12,147,0,42.2300000000001
7472,1472,"UCB1","Ad_C","Desktop","Morning",0,0.12,147,0,42.2300000000001
7473,1473,"UCB1","Ad_C","Tablet","Evening",0,0.12,147,0,42.2300000000001
7474,1474,"UCB1","Ad_C","Mobile","Evening",0,0.12,147,0,42.2300000000001
7475,1475,"UCB1","Ad_C","Mobile","Evening",0,0.12,147,0,42.2300000000001
7476,1476,"UCB1","Ad_C","Tablet","Evening",1,0.12,148,0,42.2300000000001
7477,1477,"UCB1","Ad_C","Tablet","Morning",0,0.12,148,0,42.2300000000001
7478,1478,"UCB1","Ad_C","Desktop","Evening",0,0.12,148,0,42.2300000000001
7479,1479,"UCB1","Ad_C","Desktop","Afternoon",0,0.12,148,0,42.2300000000001
7480,1480,"UCB1","Ad_C","Desktop","Afternoon",0,0.12,148,0,42.2300000000001
7481,1481,"UCB1","Ad_C","Tablet","Afternoon",0,0.12,148,0,42.2300000000001
7482,1482,"UCB1","Ad_C","Tablet","Afternoon",0,0.12,148,0,42.2300000000001
7483,1483,"UCB1","Ad_C","Mobile","Afternoon",0,0.12,148,0,42.2300000000001
7484,1484,"UCB1","Ad_C","Tablet","Evening",0,0.12,148,0,42.2300000000001
7485,1485,"UCB1","Ad_C","Desktop","Morning",0,0.12,148,0,42.2300000000001
7486,1486,"UCB1","Ad_C","Tablet","Morning",0,0.12,148,0,42.2300000000001
7487,1487,"UCB1","Ad_C","Mobile","Afternoon",0,0.12,148,0,42.2300000000001
7488,1488,"UCB1","Ad_A","Desktop","Afternoon",0,0.05,148,0.07,42.3000000000001
7489,1489,"UCB1","Ad_C","Tablet","Afternoon",0,0.12,148,0,42.3000000000001
7490,1490,"UCB1","Ad_B","Desktop","Evening",0,0.08,148,0.04,42.3400000000001
7491,1491,"UCB1","Ad_D","Desktop","Evening",0,0.1,148,0.02,42.3600000000001
7492,1492,"UCB1","Ad_C","Mobile","Evening",0,0.12,148,0,42.3600000000001
7493,1493,"UCB1","Ad_B","Tablet","Morning",0,0.08,148,0.04,42.4000000000001
7494,1494,"UCB1","Ad_A","Desktop","Afternoon",0,0.05,148,0.07,42.4700000000001
7495,1495,"UCB1","Ad_D","Desktop","Afternoon",0,0.1,148,0.02,42.4900000000001
7496,1496,"UCB1","Ad_C","Desktop","Morning",0,0.12,148,0,42.4900000000001
7497,1497,"UCB1","Ad_B","Desktop","Evening",0,0.08,148,0.04,42.5300000000001
7498,1498,"UCB1","Ad_A","Tablet","Morning",0,0.05,148,0.07,42.6000000000001
7499,1499,"UCB1","Ad_D","Tablet","Evening",0,0.1,148,0.02,42.6200000000001
7500,1500,"UCB1","Ad_C","Tablet","Evening",0,0.12,148,0,42.6200000000001
7501,1501,"UCB1","Ad_B","Mobile","Afternoon",0,0.08,148,0.04,42.6600000000001
7502,1502,"UCB1","Ad_C","Tablet","Afternoon",0,0.12,148,0,42.6600000000001
7503,1503,"UCB1","Ad_D","Tablet","Afternoon",0,0.1,148,0.02,42.6800000000001
7504,1504,"UCB1","Ad_A","Tablet","Evening",0,0.05,148,0.07,42.7500000000001
7505,1505,"UCB1","Ad_B","Desktop","Evening",0,0.08,148,0.04,42.7900000000001
7506,1506,"UCB1","Ad_C","Tablet","Evening",0,0.12,148,0,42.7900000000001
7507,1507,"UCB1","Ad_D","Mobile","Morning",0,0.1,148,0.02,42.8100000000001
7508,1508,"UCB1","Ad_A","Desktop","Evening",0,0.05,148,0.07,42.8800000000001
7509,1509,"UCB1","Ad_C","Mobile","Morning",1,0.12,149,0,42.8800000000001
7510,1510,"UCB1","Ad_C","Desktop","Evening",0,0.12,149,0,42.8800000000001
7511,1511,"UCB1","Ad_C","Tablet","Morning",0,0.12,149,0,42.8800000000001
7512,1512,"UCB1","Ad_C","Tablet","Afternoon",0,0.12,149,0,42.8800000000001
7513,1513,"UCB1","Ad_C","Desktop","Evening",0,0.12,149,0,42.8800000000001
7514,1514,"UCB1","Ad_B","Mobile","Evening",0,0.08,149,0.04,42.9200000000001
7515,1515,"UCB1","Ad_C","Mobile","Morning",0,0.12,149,0,42.9200000000001
7516,1516,"UCB1","Ad_D","Mobile","Morning",0,0.1,149,0.02,42.9400000000001
7517,1517,"UCB1","Ad_A","Desktop","Morning",1,0.05,150,0.07,43.0100000000001
7518,1518,"UCB1","Ad_A","Tablet","Evening",0,0.05,150,0.07,43.0800000000001
7519,1519,"UCB1","Ad_A","Desktop","Morning",0,0.05,150,0.07,43.1500000000001
7520,1520,"UCB1","Ad_A","Mobile","Evening",0,0.05,150,0.07,43.2200000000001
7521,1521,"UCB1","Ad_A","Desktop","Morning",0,0.05,150,0.07,43.2900000000001
7522,1522,"UCB1","Ad_A","Mobile","Evening",0,0.05,150,0.07,43.3600000000001
7523,1523,"UCB1","Ad_C","Desktop","Morning",0,0.12,150,0,43.3600000000001
7524,1524,"UCB1","Ad_B","Tablet","Afternoon",1,0.08,151,0.04,43.4000000000001
7525,1525,"UCB1","Ad_B","Mobile","Morning",0,0.08,151,0.04,43.4400000000001
7526,1526,"UCB1","Ad_B","Mobile","Morning",0,0.08,151,0.04,43.4800000000001
7527,1527,"UCB1","Ad_B","Desktop","Afternoon",0,0.08,151,0.04,43.5200000000001
7528,1528,"UCB1","Ad_B","Mobile","Morning",0,0.08,151,0.04,43.5600000000001
7529,1529,"UCB1","Ad_B","Tablet","Evening",0,0.08,151,0.04,43.6000000000001
7530,1530,"UCB1","Ad_A","Mobile","Morning",0,0.05,151,0.07,43.6700000000001
7531,1531,"UCB1","Ad_D","Mobile","Morning",0,0.1,151,0.02,43.6900000000001
7532,1532,"UCB1","Ad_C","Mobile","Afternoon",0,0.12,151,0,43.6900000000001
7533,1533,"UCB1","Ad_B","Tablet","Morning",0,0.08,151,0.04,43.7300000000001
7534,1534,"UCB1","Ad_D","Desktop","Morning",0,0.1,151,0.02,43.7500000000001
7535,1535,"UCB1","Ad_A","Tablet","Morning",0,0.05,151,0.07,43.8200000000001
7536,1536,"UCB1","Ad_C","Desktop","Morning",0,0.12,151,0,43.8200000000001
7537,1537,"UCB1","Ad_B","Mobile","Afternoon",0,0.08,151,0.04,43.8600000000001
7538,1538,"UCB1","Ad_C","Desktop","Evening",0,0.12,151,0,43.8600000000001
7539,1539,"UCB1","Ad_D","Mobile","Evening",0,0.1,151,0.02,43.8800000000001
7540,1540,"UCB1","Ad_A","Tablet","Evening",0,0.05,151,0.07,43.9500000000001
7541,1541,"UCB1","Ad_B","Mobile","Morning",0,0.08,151,0.04,43.9900000000001
7542,1542,"UCB1","Ad_C","Tablet","Evening",1,0.12,152,0,43.9900000000001
7543,1543,"UCB1","Ad_C","Tablet","Evening",0,0.12,152,0,43.9900000000001
7544,1544,"UCB1","Ad_C","Tablet","Morning",0,0.12,152,0,43.9900000000001
7545,1545,"UCB1","Ad_C","Tablet","Afternoon",0,0.12,152,0,43.9900000000001
7546,1546,"UCB1","Ad_C","Mobile","Morning",0,0.12,152,0,43.9900000000001
7547,1547,"UCB1","Ad_C","Desktop","Morning",0,0.12,152,0,43.9900000000001
7548,1548,"UCB1","Ad_D","Tablet","Afternoon",1,0.1,153,0.02,44.0100000000001
7549,1549,"UCB1","Ad_D","Mobile","Evening",0,0.1,153,0.02,44.0300000000001
7550,1550,"UCB1","Ad_D","Tablet","Morning",0,0.1,153,0.02,44.0500000000001
7551,1551,"UCB1","Ad_D","Desktop","Evening",0,0.1,153,0.02,44.0700000000001
7552,1552,"UCB1","Ad_D","Desktop","Afternoon",0,0.1,153,0.02,44.0900000000001
7553,1553,"UCB1","Ad_D","Tablet","Morning",0,0.1,153,0.02,44.1100000000001
7554,1554,"UCB1","Ad_A","Desktop","Morning",0,0.05,153,0.07,44.1800000000001
7555,1555,"UCB1","Ad_B","Tablet","Morning",0,0.08,153,0.04,44.2200000000001
7556,1556,"UCB1","Ad_C","Mobile","Morning",0,0.12,153,0,44.2200000000001
7557,1557,"UCB1","Ad_D","Mobile","Morning",0,0.1,153,0.02,44.2400000000001
7558,1558,"UCB1","Ad_A","Tablet","Evening",0,0.05,153,0.07,44.3100000000001
7559,1559,"UCB1","Ad_B","Desktop","Evening",0,0.08,153,0.04,44.3500000000001
7560,1560,"UCB1","Ad_C","Mobile","Afternoon",0,0.12,153,0,44.3500000000001
7561,1561,"UCB1","Ad_D","Desktop","Afternoon",0,0.1,153,0.02,44.3700000000001
7562,1562,"UCB1","Ad_C","Mobile","Afternoon",0,0.12,153,0,44.3700000000001
7563,1563,"UCB1","Ad_B","Mobile","Morning",0,0.08,153,0.04,44.4100000000001
7564,1564,"UCB1","Ad_A","Mobile","Afternoon",0,0.05,153,0.07,44.4800000000001
7565,1565,"UCB1","Ad_D","Mobile","Evening",0,0.1,153,0.02,44.5000000000001
7566,1566,"UCB1","Ad_C","Desktop","Afternoon",0,0.12,153,0,44.5000000000001
7567,1567,"UCB1","Ad_B","Mobile","Evening",0,0.08,153,0.04,44.5400000000001
7568,1568,"UCB1","Ad_A","Desktop","Evening",0,0.05,153,0.07,44.6100000000001
7569,1569,"UCB1","Ad_D","Tablet","Evening",0,0.1,153,0.02,44.6300000000001
7570,1570,"UCB1","Ad_C","Tablet","Evening",0,0.12,153,0,44.6300000000001
7571,1571,"UCB1","Ad_B","Mobile","Evening",0,0.08,153,0.04,44.6700000000001
7572,1572,"UCB1","Ad_C","Tablet","Morning",0,0.12,153,0,44.6700000000001
7573,1573,"UCB1","Ad_A","Desktop","Morning",0,0.05,153,0.07,44.7400000000001
7574,1574,"UCB1","Ad_D","Tablet","Afternoon",0,0.1,153,0.02,44.7600000000001
7575,1575,"UCB1","Ad_B","Mobile","Morning",0,0.08,153,0.04,44.8000000000001
7576,1576,"UCB1","Ad_C","Mobile","Afternoon",0,0.12,153,0,44.8000000000001
7577,1577,"UCB1","Ad_D","Tablet","Afternoon",1,0.1,154,0.02,44.8200000000001
7578,1578,"UCB1","Ad_D","Desktop","Morning",0,0.1,154,0.02,44.8400000000001
7579,1579,"UCB1","Ad_D","Mobile","Morning",0,0.1,154,0.02,44.8600000000001
7580,1580,"UCB1","Ad_D","Mobile","Evening",0,0.1,154,0.02,44.8800000000001
7581,1581,"UCB1","Ad_D","Mobile","Evening",0,0.1,154,0.02,44.9000000000001
7582,1582,"UCB1","Ad_D","Desktop","Afternoon",1,0.1,155,0.02,44.9200000000001
7583,1583,"UCB1","Ad_D","Mobile","Afternoon",0,0.1,155,0.02,44.9400000000001
7584,1584,"UCB1","Ad_D","Mobile","Evening",0,0.1,155,0.02,44.9600000000001
7585,1585,"UCB1","Ad_D","Tablet","Afternoon",1,0.1,156,0.02,44.9800000000001
7586,1586,"UCB1","Ad_D","Tablet","Morning",0,0.1,156,0.02,45.0000000000001
7587,1587,"UCB1","Ad_D","Tablet","Evening",0,0.1,156,0.02,45.0200000000001
7588,1588,"UCB1","Ad_D","Desktop","Morning",0,0.1,156,0.02,45.0400000000001
7589,1589,"UCB1","Ad_D","Mobile","Afternoon",0,0.1,156,0.02,45.0600000000002
7590,1590,"UCB1","Ad_D","Tablet","Evening",1,0.1,157,0.02,45.0800000000002
7591,1591,"UCB1","Ad_D","Mobile","Afternoon",0,0.1,157,0.02,45.1000000000002
7592,1592,"UCB1","Ad_D","Desktop","Morning",0,0.1,157,0.02,45.1200000000002
7593,1593,"UCB1","Ad_D","Tablet","Morning",0,0.1,157,0.02,45.1400000000002
7594,1594,"UCB1","Ad_D","Desktop","Afternoon",0,0.1,157,0.02,45.1600000000002
7595,1595,"UCB1","Ad_D","Tablet","Evening",0,0.1,157,0.02,45.1800000000002
7596,1596,"UCB1","Ad_D","Tablet","Morning",0,0.1,157,0.02,45.2000000000002
7597,1597,"UCB1","Ad_D","Tablet","Morning",0,0.1,157,0.02,45.2200000000002
7598,1598,"UCB1","Ad_A","Desktop","Afternoon",0,0.05,157,0.07,45.2900000000002
7599,1599,"UCB1","Ad_D","Tablet","Evening",0,0.1,157,0.02,45.3100000000002
7600,1600,"UCB1","Ad_B","Tablet","Morning",0,0.08,157,0.04,45.3500000000002
7601,1601,"UCB1","Ad_C","Mobile","Afternoon",0,0.12,157,0,45.3500000000002
7602,1602,"UCB1","Ad_D","Mobile","Afternoon",1,0.1,158,0.02,45.3700000000002
7603,1603,"UCB1","Ad_D","Desktop","Morning",0,0.1,158,0.02,45.3900000000002
7604,1604,"UCB1","Ad_D","Mobile","Afternoon",0,0.1,158,0.02,45.4100000000002
7605,1605,"UCB1","Ad_D","Mobile","Evening",0,0.1,158,0.02,45.4300000000002
7606,1606,"UCB1","Ad_D","Tablet","Morning",0,0.1,158,0.02,45.4500000000002
7607,1607,"UCB1","Ad_D","Tablet","Afternoon",0,0.1,158,0.02,45.4700000000002
7608,1608,"UCB1","Ad_A","Tablet","Evening",0,0.05,158,0.07,45.5400000000002
7609,1609,"UCB1","Ad_C","Mobile","Afternoon",0,0.12,158,0,45.5400000000002
7610,1610,"UCB1","Ad_B","Tablet","Evening",0,0.08,158,0.04,45.5800000000002
7611,1611,"UCB1","Ad_D","Tablet","Evening",0,0.1,158,0.02,45.6000000000002
7612,1612,"UCB1","Ad_C","Mobile","Morning",0,0.12,158,0,45.6000000000002
7613,1613,"UCB1","Ad_A","Desktop","Afternoon",0,0.05,158,0.07,45.6700000000002
7614,1614,"UCB1","Ad_B","Mobile","Afternoon",0,0.08,158,0.04,45.7100000000002
7615,1615,"UCB1","Ad_D","Tablet","Afternoon",0,0.1,158,0.02,45.7300000000002
7616,1616,"UCB1","Ad_C","Mobile","Evening",0,0.12,158,0,45.7300000000002
7617,1617,"UCB1","Ad_A","Mobile","Afternoon",0,0.05,158,0.07,45.8000000000002
7618,1618,"UCB1","Ad_B","Mobile","Afternoon",0,0.08,158,0.04,45.8400000000002
7619,1619,"UCB1","Ad_C","Mobile","Afternoon",0,0.12,158,0,45.8400000000002
7620,1620,"UCB1","Ad_D","Mobile","Evening",0,0.1,158,0.02,45.8600000000002
7621,1621,"UCB1","Ad_B","Mobile","Morning",0,0.08,158,0.04,45.9000000000002
7622,1622,"UCB1","Ad_A","Desktop","Evening",0,0.05,158,0.07,45.9700000000002
7623,1623,"UCB1","Ad_C","Tablet","Afternoon",1,0.12,159,0,45.9700000000002
7624,1624,"UCB1","Ad_C","Tablet","Evening",0,0.12,159,0,45.9700000000002
7625,1625,"UCB1","Ad_C","Mobile","Evening",0,0.12,159,0,45.9700000000002
7626,1626,"UCB1","Ad_C","Tablet","Afternoon",0,0.12,159,0,45.9700000000002
7627,1627,"UCB1","Ad_C","Desktop","Evening",0,0.12,159,0,45.9700000000002
7628,1628,"UCB1","Ad_C","Desktop","Morning",0,0.12,159,0,45.9700000000002
7629,1629,"UCB1","Ad_D","Mobile","Evening",0,0.1,159,0.02,45.9900000000002
7630,1630,"UCB1","Ad_B","Desktop","Afternoon",0,0.08,159,0.04,46.0300000000002
7631,1631,"UCB1","Ad_C","Mobile","Afternoon",0,0.12,159,0,46.0300000000002
7632,1632,"UCB1","Ad_A","Tablet","Morning",0,0.05,159,0.07,46.1000000000002
7633,1633,"UCB1","Ad_D","Desktop","Morning",0,0.1,159,0.02,46.1200000000002
7634,1634,"UCB1","Ad_C","Mobile","Evening",0,0.12,159,0,46.1200000000002
7635,1635,"UCB1","Ad_B","Mobile","Morning",0,0.08,159,0.04,46.1600000000002
7636,1636,"UCB1","Ad_D","Mobile","Morning",0,0.1,159,0.02,46.1800000000002
7637,1637,"UCB1","Ad_A","Desktop","Afternoon",0,0.05,159,0.07,46.2500000000002
7638,1638,"UCB1","Ad_C","Mobile","Evening",0,0.12,159,0,46.2500000000002
7639,1639,"UCB1","Ad_B","Mobile","Evening",0,0.08,159,0.04,46.2900000000002
7640,1640,"UCB1","Ad_D","Desktop","Evening",0,0.1,159,0.02,46.3100000000002
7641,1641,"UCB1","Ad_C","Tablet","Afternoon",0,0.12,159,0,46.3100000000002
7642,1642,"UCB1","Ad_A","Mobile","Afternoon",0,0.05,159,0.07,46.3800000000002
7643,1643,"UCB1","Ad_B","Mobile","Evening",0,0.08,159,0.04,46.4200000000002
7644,1644,"UCB1","Ad_D","Desktop","Evening",0,0.1,159,0.02,46.4400000000002
7645,1645,"UCB1","Ad_C","Mobile","Morning",1,0.12,160,0,46.4400000000002
7646,1646,"UCB1","Ad_C","Tablet","Morning",0,0.12,160,0,46.4400000000002
7647,1647,"UCB1","Ad_C","Desktop","Afternoon",0,0.12,160,0,46.4400000000002
7648,1648,"UCB1","Ad_C","Desktop","Afternoon",1,0.12,161,0,46.4400000000002
7649,1649,"UCB1","Ad_C","Desktop","Morning",0,0.12,161,0,46.4400000000002
7650,1650,"UCB1","Ad_C","Tablet","Morning",0,0.12,161,0,46.4400000000002
7651,1651,"UCB1","Ad_C","Mobile","Evening",0,0.12,161,0,46.4400000000002
7652,1652,"UCB1","Ad_C","Desktop","Afternoon",0,0.12,161,0,46.4400000000002
7653,1653,"UCB1","Ad_C","Tablet","Evening",0,0.12,161,0,46.4400000000002
7654,1654,"UCB1","Ad_C","Desktop","Morning",0,0.12,161,0,46.4400000000002
7655,1655,"UCB1","Ad_C","Tablet","Evening",0,0.12,161,0,46.4400000000002
7656,1656,"UCB1","Ad_A","Desktop","Evening",0,0.05,161,0.07,46.5100000000002
7657,1657,"UCB1","Ad_B","Tablet","Evening",0,0.08,161,0.04,46.5500000000002
7658,1658,"UCB1","Ad_D","Tablet","Afternoon",1,0.1,162,0.02,46.5700000000002
7659,1659,"UCB1","Ad_D","Mobile","Morning",0,0.1,162,0.02,46.5900000000002
7660,1660,"UCB1","Ad_D","Desktop","Evening",0,0.1,162,0.02,46.6100000000002
7661,1661,"UCB1","Ad_D","Tablet","Afternoon",1,0.1,163,0.02,46.6300000000002
7662,1662,"UCB1","Ad_D","Tablet","Morning",0,0.1,163,0.02,46.6500000000002
7663,1663,"UCB1","Ad_D","Tablet","Morning",0,0.1,163,0.02,46.6700000000002
7664,1664,"UCB1","Ad_D","Tablet","Evening",0,0.1,163,0.02,46.6900000000002
7665,1665,"UCB1","Ad_D","Desktop","Morning",0,0.1,163,0.02,46.7100000000002
7666,1666,"UCB1","Ad_D","Mobile","Morning",0,0.1,163,0.02,46.7300000000002
7667,1667,"UCB1","Ad_D","Tablet","Evening",0,0.1,163,0.02,46.7500000000002
7668,1668,"UCB1","Ad_D","Tablet","Afternoon",0,0.1,163,0.02,46.7700000000003
7669,1669,"UCB1","Ad_C","Tablet","Morning",0,0.12,163,0,46.7700000000003
7670,1670,"UCB1","Ad_D","Desktop","Morning",0,0.1,163,0.02,46.7900000000003
7671,1671,"UCB1","Ad_A","Mobile","Evening",0,0.05,163,0.07,46.8600000000003
7672,1672,"UCB1","Ad_B","Desktop","Evening",0,0.08,163,0.04,46.9000000000003
7673,1673,"UCB1","Ad_C","Tablet","Morning",0,0.12,163,0,46.9000000000003
7674,1674,"UCB1","Ad_D","Tablet","Evening",0,0.1,163,0.02,46.9200000000003
7675,1675,"UCB1","Ad_C","Desktop","Morning",0,0.12,163,0,46.9200000000003
7676,1676,"UCB1","Ad_A","Tablet","Evening",0,0.05,163,0.07,46.9900000000003
7677,1677,"UCB1","Ad_B","Desktop","Morning",0,0.08,163,0.04,47.0300000000003
7678,1678,"UCB1","Ad_D","Mobile","Afternoon",0,0.1,163,0.02,47.0500000000003
7679,1679,"UCB1","Ad_C","Tablet","Afternoon",0,0.12,163,0,47.0500000000003
7680,1680,"UCB1","Ad_B","Tablet","Morning",0,0.08,163,0.04,47.0900000000003
7681,1681,"UCB1","Ad_A","Mobile","Morning",0,0.05,163,0.07,47.1600000000003
7682,1682,"UCB1","Ad_C","Tablet","Morning",0,0.12,163,0,47.1600000000003
7683,1683,"UCB1","Ad_D","Tablet","Evening",0,0.1,163,0.02,47.1800000000003
7684,1684,"UCB1","Ad_B","Mobile","Morning",0,0.08,163,0.04,47.2200000000003
7685,1685,"UCB1","Ad_A","Desktop","Morning",0,0.05,163,0.07,47.2900000000003
7686,1686,"UCB1","Ad_C","Desktop","Evening",0,0.12,163,0,47.2900000000003
7687,1687,"UCB1","Ad_D","Desktop","Evening",0,0.1,163,0.02,47.3100000000003
7688,1688,"UCB1","Ad_B","Mobile","Afternoon",0,0.08,163,0.04,47.3500000000003
7689,1689,"UCB1","Ad_C","Desktop","Morning",0,0.12,163,0,47.3500000000003
7690,1690,"UCB1","Ad_A","Tablet","Evening",0,0.05,163,0.07,47.4200000000003
7691,1691,"UCB1","Ad_D","Desktop","Evening",0,0.1,163,0.02,47.4400000000003
7692,1692,"UCB1","Ad_C","Desktop","Evening",0,0.12,163,0,47.4400000000003
7693,1693,"UCB1","Ad_B","Desktop","Afternoon",0,0.08,163,0.04,47.4800000000003
7694,1694,"UCB1","Ad_D","Desktop","Evening",1,0.1,164,0.02,47.5000000000003
7695,1695,"UCB1","Ad_D","Mobile","Morning",0,0.1,164,0.02,47.5200000000003
7696,1696,"UCB1","Ad_D","Mobile","Evening",0,0.1,164,0.02,47.5400000000003
7697,1697,"UCB1","Ad_D","Desktop","Evening",0,0.1,164,0.02,47.5600000000003
7698,1698,"UCB1","Ad_D","Mobile","Evening",0,0.1,164,0.02,47.5800000000003
7699,1699,"UCB1","Ad_D","Desktop","Morning",0,0.1,164,0.02,47.6000000000003
7700,1700,"UCB1","Ad_A","Tablet","Afternoon",0,0.05,164,0.07,47.6700000000003
7701,1701,"UCB1","Ad_C","Desktop","Morning",0,0.12,164,0,47.6700000000003
7702,1702,"UCB1","Ad_B","Desktop","Morning",0,0.08,164,0.04,47.7100000000003
7703,1703,"UCB1","Ad_D","Mobile","Afternoon",0,0.1,164,0.02,47.7300000000003
7704,1704,"UCB1","Ad_C","Mobile","Evening",0,0.12,164,0,47.7300000000003
7705,1705,"UCB1","Ad_A","Mobile","Evening",0,0.05,164,0.07,47.8000000000003
7706,1706,"UCB1","Ad_B","Mobile","Evening",0,0.08,164,0.04,47.8400000000003
7707,1707,"UCB1","Ad_D","Mobile","Evening",0,0.1,164,0.02,47.8600000000003
7708,1708,"UCB1","Ad_C","Mobile","Afternoon",0,0.12,164,0,47.8600000000003
7709,1709,"UCB1","Ad_A","Mobile","Afternoon",0,0.05,164,0.07,47.9300000000003
7710,1710,"UCB1","Ad_B","Desktop","Afternoon",0,0.08,164,0.04,47.9700000000003
7711,1711,"UCB1","Ad_D","Desktop","Morning",0,0.1,164,0.02,47.9900000000003
7712,1712,"UCB1","Ad_C","Mobile","Evening",0,0.12,164,0,47.9900000000003
7713,1713,"UCB1","Ad_C","Desktop","Afternoon",0,0.12,164,0,47.9900000000003
7714,1714,"UCB1","Ad_A","Desktop","Morning",0,0.05,164,0.07,48.0600000000003
7715,1715,"UCB1","Ad_D","Mobile","Afternoon",0,0.1,164,0.02,48.0800000000003
7716,1716,"UCB1","Ad_B","Desktop","Afternoon",0,0.08,164,0.04,48.1200000000003
7717,1717,"UCB1","Ad_C","Desktop","Evening",0,0.12,164,0,48.1200000000003
7718,1718,"UCB1","Ad_D","Tablet","Morning",0,0.1,164,0.02,48.1400000000003
7719,1719,"UCB1","Ad_B","Tablet","Evening",0,0.08,164,0.04,48.1800000000003
7720,1720,"UCB1","Ad_A","Tablet","Morning",0,0.05,164,0.07,48.2500000000003
7721,1721,"UCB1","Ad_C","Desktop","Morning",0,0.12,164,0,48.2500000000003
7722,1722,"UCB1","Ad_D","Mobile","Afternoon",0,0.1,164,0.02,48.2700000000003
7723,1723,"UCB1","Ad_B","Mobile","Morning",0,0.08,164,0.04,48.3100000000003
7724,1724,"UCB1","Ad_A","Mobile","Morning",0,0.05,164,0.07,48.3800000000003
7725,1725,"UCB1","Ad_C","Mobile","Afternoon",0,0.12,164,0,48.3800000000003
7726,1726,"UCB1","Ad_D","Tablet","Evening",1,0.1,165,0.02,48.4000000000003
7727,1727,"UCB1","Ad_D","Tablet","Evening",0,0.1,165,0.02,48.4200000000003
7728,1728,"UCB1","Ad_D","Desktop","Afternoon",0,0.1,165,0.02,48.4400000000003
7729,1729,"UCB1","Ad_D","Tablet","Evening",0,0.1,165,0.02,48.4600000000003
7730,1730,"UCB1","Ad_D","Desktop","Evening",0,0.1,165,0.02,48.4800000000003
7731,1731,"UCB1","Ad_D","Tablet","Morning",0,0.1,165,0.02,48.5000000000003
7732,1732,"UCB1","Ad_B","Tablet","Morning",0,0.08,165,0.04,48.5400000000003
7733,1733,"UCB1","Ad_C","Desktop","Evening",0,0.12,165,0,48.5400000000003
7734,1734,"UCB1","Ad_A","Mobile","Evening",0,0.05,165,0.07,48.6100000000003
7735,1735,"UCB1","Ad_D","Desktop","Afternoon",0,0.1,165,0.02,48.6300000000003
7736,1736,"UCB1","Ad_C","Desktop","Evening",1,0.12,166,0,48.6300000000003
7737,1737,"UCB1","Ad_C","Mobile","Evening",1,0.12,167,0,48.6300000000003
7738,1738,"UCB1","Ad_C","Mobile","Evening",0,0.12,167,0,48.6300000000003
7739,1739,"UCB1","Ad_C","Desktop","Evening",0,0.12,167,0,48.6300000000003
7740,1740,"UCB1","Ad_C","Tablet","Afternoon",0,0.12,167,0,48.6300000000003
7741,1741,"UCB1","Ad_C","Mobile","Morning",0,0.12,167,0,48.6300000000003
7742,1742,"UCB1","Ad_C","Desktop","Evening",0,0.12,167,0,48.6300000000003
7743,1743,"UCB1","Ad_C","Desktop","Morning",0,0.12,167,0,48.6300000000003
7744,1744,"UCB1","Ad_C","Tablet","Evening",0,0.12,167,0,48.6300000000003
7745,1745,"UCB1","Ad_C","Mobile","Evening",0,0.12,167,0,48.6300000000003
7746,1746,"UCB1","Ad_C","Tablet","Morning",0,0.12,167,0,48.6300000000003
7747,1747,"UCB1","Ad_B","Desktop","Morning",1,0.08,168,0.04,48.6700000000003
7748,1748,"UCB1","Ad_B","Tablet","Morning",0,0.08,168,0.04,48.7100000000003
7749,1749,"UCB1","Ad_B","Mobile","Morning",0,0.08,168,0.04,48.7500000000003
7750,1750,"UCB1","Ad_B","Desktop","Afternoon",0,0.08,168,0.04,48.7900000000003
7751,1751,"UCB1","Ad_B","Desktop","Evening",0,0.08,168,0.04,48.8300000000003
7752,1752,"UCB1","Ad_B","Tablet","Morning",0,0.08,168,0.04,48.8700000000003
7753,1753,"UCB1","Ad_D","Mobile","Evening",0,0.1,168,0.02,48.8900000000003
7754,1754,"UCB1","Ad_A","Mobile","Afternoon",0,0.05,168,0.07,48.9600000000003
7755,1755,"UCB1","Ad_B","Desktop","Afternoon",0,0.08,168,0.04,49.0000000000003
7756,1756,"UCB1","Ad_C","Tablet","Afternoon",1,0.12,169,0,49.0000000000003
7757,1757,"UCB1","Ad_C","Mobile","Afternoon",0,0.12,169,0,49.0000000000003
7758,1758,"UCB1","Ad_C","Desktop","Evening",0,0.12,169,0,49.0000000000003
7759,1759,"UCB1","Ad_C","Tablet","Afternoon",0,0.12,169,0,49.0000000000003
7760,1760,"UCB1","Ad_C","Desktop","Evening",0,0.12,169,0,49.0000000000003
7761,1761,"UCB1","Ad_C","Tablet","Evening",0,0.12,169,0,49.0000000000003
7762,1762,"UCB1","Ad_D","Desktop","Afternoon",0,0.1,169,0.02,49.0200000000003
7763,1763,"UCB1","Ad_C","Desktop","Afternoon",0,0.12,169,0,49.0200000000003
7764,1764,"UCB1","Ad_B","Desktop","Morning",0,0.08,169,0.04,49.0600000000003
7765,1765,"UCB1","Ad_A","Desktop","Morning",0,0.05,169,0.07,49.1300000000003
7766,1766,"UCB1","Ad_C","Desktop","Afternoon",0,0.12,169,0,49.1300000000003
7767,1767,"UCB1","Ad_D","Desktop","Evening",0,0.1,169,0.02,49.1500000000003
7768,1768,"UCB1","Ad_B","Desktop","Morning",0,0.08,169,0.04,49.1900000000003
7769,1769,"UCB1","Ad_A","Desktop","Afternoon",0,0.05,169,0.07,49.2600000000003
7770,1770,"UCB1","Ad_C","Desktop","Afternoon",0,0.12,169,0,49.2600000000003
7771,1771,"UCB1","Ad_D","Mobile","Afternoon",0,0.1,169,0.02,49.2800000000003
7772,1772,"UCB1","Ad_B","Desktop","Morning",0,0.08,169,0.04,49.3200000000003
7773,1773,"UCB1","Ad_C","Mobile","Evening",0,0.12,169,0,49.3200000000003
7774,1774,"UCB1","Ad_A","Mobile","Morning",0,0.05,169,0.07,49.3900000000003
7775,1775,"UCB1","Ad_D","Tablet","Evening",0,0.1,169,0.02,49.4100000000003
7776,1776,"UCB1","Ad_B","Tablet","Evening",0,0.08,169,0.04,49.4500000000003
7777,1777,"UCB1","Ad_C","Desktop","Evening",0,0.12,169,0,49.4500000000003
7778,1778,"UCB1","Ad_A","Tablet","Evening",0,0.05,169,0.07,49.5200000000003
7779,1779,"UCB1","Ad_D","Mobile","Evening",0,0.1,169,0.02,49.5400000000003
7780,1780,"UCB1","Ad_C","Desktop","Morning",0,0.12,169,0,49.5400000000003
7781,1781,"UCB1","Ad_B","Tablet","Afternoon",0,0.08,169,0.04,49.5800000000003
7782,1782,"UCB1","Ad_D","Desktop","Morning",0,0.1,169,0.02,49.6000000000003
7783,1783,"UCB1","Ad_C","Desktop","Morning",0,0.12,169,0,49.6000000000003
7784,1784,"UCB1","Ad_A","Mobile","Morning",0,0.05,169,0.07,49.6700000000003
7785,1785,"UCB1","Ad_B","Desktop","Evening",0,0.08,169,0.04,49.7100000000003
7786,1786,"UCB1","Ad_C","Desktop","Morning",0,0.12,169,0,49.7100000000003
7787,1787,"UCB1","Ad_D","Desktop","Evening",0,0.1,169,0.02,49.7300000000003
7788,1788,"UCB1","Ad_A","Mobile","Morning",0,0.05,169,0.07,49.8000000000003
7789,1789,"UCB1","Ad_B","Desktop","Morning",0,0.08,169,0.04,49.8400000000003
7790,1790,"UCB1","Ad_C","Mobile","Afternoon",0,0.12,169,0,49.8400000000003
7791,1791,"UCB1","Ad_D","Desktop","Morning",0,0.1,169,0.02,49.8600000000003
7792,1792,"UCB1","Ad_A","Desktop","Evening",0,0.05,169,0.07,49.9300000000003
7793,1793,"UCB1","Ad_C","Desktop","Morning",0,0.12,169,0,49.9300000000003
7794,1794,"UCB1","Ad_B","Desktop","Evening",0,0.08,169,0.04,49.9700000000003
7795,1795,"UCB1","Ad_D","Desktop","Morning",0,0.1,169,0.02,49.9900000000003
7796,1796,"UCB1","Ad_C","Mobile","Evening",0,0.12,169,0,49.9900000000003
7797,1797,"UCB1","Ad_B","Desktop","Evening",0,0.08,169,0.04,50.0300000000003
7798,1798,"UCB1","Ad_A","Mobile","Evening",0,0.05,169,0.07,50.1000000000003
7799,1799,"UCB1","Ad_D","Mobile","Morning",0,0.1,169,0.02,50.1200000000003
7800,1800,"UCB1","Ad_C","Desktop","Evening",0,0.12,169,0,50.1200000000003
7801,1801,"UCB1","Ad_B","Mobile","Morning",0,0.08,169,0.04,50.1600000000003
7802,1802,"UCB1","Ad_A","Tablet","Morning",0,0.05,169,0.07,50.2300000000003
7803,1803,"UCB1","Ad_D","Desktop","Evening",0,0.1,169,0.02,50.2500000000003
7804,1804,"UCB1","Ad_C","Mobile","Afternoon",0,0.12,169,0,50.2500000000003
7805,1805,"UCB1","Ad_B","Desktop","Evening",0,0.08,169,0.04,50.2900000000003
7806,1806,"UCB1","Ad_C","Mobile","Afternoon",0,0.12,169,0,50.2900000000003
7807,1807,"UCB1","Ad_D","Tablet","Morning",0,0.1,169,0.02,50.3100000000004
7808,1808,"UCB1","Ad_A","Mobile","Afternoon",0,0.05,169,0.07,50.3800000000004
7809,1809,"UCB1","Ad_C","Desktop","Morning",0,0.12,169,0,50.3800000000004
7810,1810,"UCB1","Ad_B","Tablet","Afternoon",0,0.08,169,0.04,50.4200000000003
7811,1811,"UCB1","Ad_D","Desktop","Evening",0,0.1,169,0.02,50.4400000000004
7812,1812,"UCB1","Ad_A","Mobile","Afternoon",0,0.05,169,0.07,50.5100000000004
7813,1813,"UCB1","Ad_C","Tablet","Evening",0,0.12,169,0,50.5100000000004
7814,1814,"UCB1","Ad_B","Desktop","Afternoon",0,0.08,169,0.04,50.5500000000004
7815,1815,"UCB1","Ad_D","Desktop","Evening",0,0.1,169,0.02,50.5700000000004
7816,1816,"UCB1","Ad_C","Tablet","Evening",0,0.12,169,0,50.5700000000004
7817,1817,"UCB1","Ad_A","Desktop","Morning",0,0.05,169,0.07,50.6400000000004
7818,1818,"UCB1","Ad_B","Desktop","Evening",1,0.08,170,0.04,50.6800000000004
7819,1819,"UCB1","Ad_B","Mobile","Evening",0,0.08,170,0.04,50.7200000000004
7820,1820,"UCB1","Ad_B","Desktop","Afternoon",0,0.08,170,0.04,50.7600000000004
7821,1821,"UCB1","Ad_B","Tablet","Morning",0,0.08,170,0.04,50.8000000000004
7822,1822,"UCB1","Ad_B","Tablet","Afternoon",0,0.08,170,0.04,50.8400000000004
7823,1823,"UCB1","Ad_B","Mobile","Afternoon",0,0.08,170,0.04,50.8800000000004
7824,1824,"UCB1","Ad_D","Desktop","Afternoon",0,0.1,170,0.02,50.9000000000004
7825,1825,"UCB1","Ad_C","Desktop","Afternoon",0,0.12,170,0,50.9000000000004
7826,1826,"UCB1","Ad_B","Tablet","Morning",0,0.08,170,0.04,50.9400000000004
7827,1827,"UCB1","Ad_A","Desktop","Evening",0,0.05,170,0.07,51.0100000000004
7828,1828,"UCB1","Ad_D","Tablet","Afternoon",0,0.1,170,0.02,51.0300000000004
7829,1829,"UCB1","Ad_C","Mobile","Evening",0,0.12,170,0,51.0300000000004
7830,1830,"UCB1","Ad_B","Mobile","Afternoon",0,0.08,170,0.04,51.0700000000004
7831,1831,"UCB1","Ad_C","Desktop","Afternoon",1,0.12,171,0,51.0700000000004
7832,1832,"UCB1","Ad_C","Tablet","Evening",0,0.12,171,0,51.0700000000004
7833,1833,"UCB1","Ad_C","Desktop","Afternoon",0,0.12,171,0,51.0700000000004
7834,1834,"UCB1","Ad_C","Mobile","Morning",0,0.12,171,0,51.0700000000004
7835,1835,"UCB1","Ad_C","Mobile","Afternoon",0,0.12,171,0,51.0700000000004
7836,1836,"UCB1","Ad_C","Desktop","Afternoon",0,0.12,171,0,51.0700000000004
7837,1837,"UCB1","Ad_D","Tablet","Evening",0,0.1,171,0.02,51.0900000000004
7838,1838,"UCB1","Ad_A","Mobile","Evening",0,0.05,171,0.07,51.1600000000004
7839,1839,"UCB1","Ad_B","Desktop","Morning",0,0.08,171,0.04,51.2000000000004
7840,1840,"UCB1","Ad_C","Desktop","Evening",0,0.12,171,0,51.2000000000004
7841,1841,"UCB1","Ad_D","Tablet","Morning",1,0.1,172,0.02,51.2200000000004
7842,1842,"UCB1","Ad_D","Desktop","Morning",1,0.1,173,0.02,51.2400000000004
7843,1843,"UCB1","Ad_D","Desktop","Morning",0,0.1,173,0.02,51.2600000000004
7844,1844,"UCB1","Ad_D","Tablet","Afternoon",0,0.1,173,0.02,51.2800000000004
7845,1845,"UCB1","Ad_D","Tablet","Evening",0,0.1,173,0.02,51.3000000000004
7846,1846,"UCB1","Ad_D","Desktop","Evening",0,0.1,173,0.02,51.3200000000004
7847,1847,"UCB1","Ad_D","Mobile","Morning",0,0.1,173,0.02,51.3400000000004
7848,1848,"UCB1","Ad_D","Mobile","Morning",0,0.1,173,0.02,51.3600000000004
7849,1849,"UCB1","Ad_D","Desktop","Morning",0,0.1,173,0.02,51.3800000000004
7850,1850,"UCB1","Ad_D","Mobile","Morning",0,0.1,173,0.02,51.4000000000004
7851,1851,"UCB1","Ad_D","Desktop","Afternoon",1,0.1,174,0.02,51.4200000000004
7852,1852,"UCB1","Ad_D","Mobile","Morning",0,0.1,174,0.02,51.4400000000004
7853,1853,"UCB1","Ad_D","Tablet","Morning",0,0.1,174,0.02,51.4600000000004
7854,1854,"UCB1","Ad_D","Mobile","Afternoon",1,0.1,175,0.02,51.4800000000004
7855,1855,"UCB1","Ad_D","Desktop","Evening",1,0.1,176,0.02,51.5000000000004
7856,1856,"UCB1","Ad_D","Tablet","Afternoon",0,0.1,176,0.02,51.5200000000004
7857,1857,"UCB1","Ad_D","Tablet","Morning",0,0.1,176,0.02,51.5400000000004
7858,1858,"UCB1","Ad_D","Desktop","Evening",0,0.1,176,0.02,51.5600000000004
7859,1859,"UCB1","Ad_D","Tablet","Afternoon",0,0.1,176,0.02,51.5800000000004
7860,1860,"UCB1","Ad_D","Mobile","Afternoon",0,0.1,176,0.02,51.6000000000004
7861,1861,"UCB1","Ad_D","Tablet","Morning",0,0.1,176,0.02,51.6200000000004
7862,1862,"UCB1","Ad_D","Tablet","Morning",0,0.1,176,0.02,51.6400000000004
7863,1863,"UCB1","Ad_D","Desktop","Afternoon",0,0.1,176,0.02,51.6600000000004
7864,1864,"UCB1","Ad_D","Tablet","Morning",0,0.1,176,0.02,51.6800000000004
7865,1865,"UCB1","Ad_D","Mobile","Evening",0,0.1,176,0.02,51.7000000000004
7866,1866,"UCB1","Ad_D","Desktop","Afternoon",0,0.1,176,0.02,51.7200000000004
7867,1867,"UCB1","Ad_D","Tablet","Evening",0,0.1,176,0.02,51.7400000000004
7868,1868,"UCB1","Ad_D","Mobile","Evening",0,0.1,176,0.02,51.7600000000004
7869,1869,"UCB1","Ad_A","Desktop","Morning",0,0.05,176,0.07,51.8300000000004
7870,1870,"UCB1","Ad_B","Mobile","Afternoon",0,0.08,176,0.04,51.8700000000004
7871,1871,"UCB1","Ad_C","Desktop","Afternoon",1,0.12,177,0,51.8700000000004
7872,1872,"UCB1","Ad_C","Desktop","Evening",0,0.12,177,0,51.8700000000004
7873,1873,"UCB1","Ad_C","Desktop","Afternoon",0,0.12,177,0,51.8700000000004
7874,1874,"UCB1","Ad_C","Tablet","Evening",0,0.12,177,0,51.8700000000004
7875,1875,"UCB1","Ad_C","Tablet","Afternoon",0,0.12,177,0,51.8700000000004
7876,1876,"UCB1","Ad_C","Tablet","Afternoon",0,0.12,177,0,51.8700000000004
7877,1877,"UCB1","Ad_D","Mobile","Evening",0,0.1,177,0.02,51.8900000000004
7878,1878,"UCB1","Ad_C","Desktop","Afternoon",0,0.12,177,0,51.8900000000004
7879,1879,"UCB1","Ad_A","Mobile","Evening",0,0.05,177,0.07,51.9600000000004
7880,1880,"UCB1","Ad_B","Tablet","Afternoon",0,0.08,177,0.04,52.0000000000004
7881,1881,"UCB1","Ad_D","Desktop","Afternoon",0,0.1,177,0.02,52.0200000000005
7882,1882,"UCB1","Ad_C","Desktop","Afternoon",0,0.12,177,0,52.0200000000005
7883,1883,"UCB1","Ad_A","Tablet","Morning",0,0.05,177,0.07,52.0900000000005
7884,1884,"UCB1","Ad_B","Tablet","Morning",0,0.08,177,0.04,52.1300000000005
7885,1885,"UCB1","Ad_D","Desktop","Afternoon",0,0.1,177,0.02,52.1500000000005
7886,1886,"UCB1","Ad_C","Mobile","Evening",0,0.12,177,0,52.1500000000005
7887,1887,"UCB1","Ad_B","Tablet","Morning",0,0.08,177,0.04,52.1900000000005
7888,1888,"UCB1","Ad_D","Tablet","Afternoon",0,0.1,177,0.02,52.2100000000005
7889,1889,"UCB1","Ad_C","Tablet","Afternoon",0,0.12,177,0,52.2100000000005
7890,1890,"UCB1","Ad_A","Tablet","Afternoon",0,0.05,177,0.07,52.2800000000005
7891,1891,"UCB1","Ad_C","Mobile","Evening",0,0.12,177,0,52.2800000000005
7892,1892,"UCB1","Ad_D","Tablet","Morning",0,0.1,177,0.02,52.3000000000005
7893,1893,"UCB1","Ad_B","Desktop","Evening",0,0.08,177,0.04,52.3400000000005
7894,1894,"UCB1","Ad_A","Tablet","Morning",0,0.05,177,0.07,52.4100000000005
7895,1895,"UCB1","Ad_C","Desktop","Afternoon",0,0.12,177,0,52.4100000000005
7896,1896,"UCB1","Ad_D","Mobile","Evening",1,0.1,178,0.02,52.4300000000005
7897,1897,"UCB1","Ad_D","Desktop","Morning",0,0.1,178,0.02,52.4500000000005
7898,1898,"UCB1","Ad_D","Mobile","Afternoon",0,0.1,178,0.02,52.4700000000005
7899,1899,"UCB1","Ad_D","Tablet","Afternoon",0,0.1,178,0.02,52.4900000000005
7900,1900,"UCB1","Ad_D","Mobile","Evening",0,0.1,178,0.02,52.5100000000005
7901,1901,"UCB1","Ad_D","Desktop","Evening",0,0.1,178,0.02,52.5300000000005
7902,1902,"UCB1","Ad_B","Mobile","Afternoon",1,0.08,179,0.04,52.5700000000005
7903,1903,"UCB1","Ad_B","Tablet","Morning",0,0.08,179,0.04,52.6100000000005
7904,1904,"UCB1","Ad_B","Tablet","Morning",0,0.08,179,0.04,52.6500000000005
7905,1905,"UCB1","Ad_B","Mobile","Afternoon",0,0.08,179,0.04,52.6900000000005
7906,1906,"UCB1","Ad_B","Mobile","Evening",0,0.08,179,0.04,52.7300000000005
7907,1907,"UCB1","Ad_B","Tablet","Morning",0,0.08,179,0.04,52.7700000000005
7908,1908,"UCB1","Ad_B","Desktop","Morning",0,0.08,179,0.04,52.8100000000005
7909,1909,"UCB1","Ad_D","Tablet","Morning",0,0.1,179,0.02,52.8300000000005
7910,1910,"UCB1","Ad_A","Mobile","Evening",0,0.05,179,0.07,52.9000000000005
7911,1911,"UCB1","Ad_C","Mobile","Morning",0,0.12,179,0,52.9000000000005
7912,1912,"UCB1","Ad_C","Mobile","Morning",0,0.12,179,0,52.9000000000005
7913,1913,"UCB1","Ad_D","Mobile","Afternoon",0,0.1,179,0.02,52.9200000000005
7914,1914,"UCB1","Ad_B","Mobile","Evening",0,0.08,179,0.04,52.9600000000005
7915,1915,"UCB1","Ad_A","Tablet","Morning",0,0.05,179,0.07,53.0300000000005
7916,1916,"UCB1","Ad_C","Desktop","Evening",1,0.12,180,0,53.0300000000005
7917,1917,"UCB1","Ad_C","Desktop","Morning",1,0.12,181,0,53.0300000000005
7918,1918,"UCB1","Ad_C","Tablet","Afternoon",0,0.12,181,0,53.0300000000005
7919,1919,"UCB1","Ad_C","Tablet","Morning",1,0.12,182,0,53.0300000000005
7920,1920,"UCB1","Ad_C","Mobile","Morning",0,0.12,182,0,53.0300000000005
7921,1921,"UCB1","Ad_C","Tablet","Morning",0,0.12,182,0,53.0300000000005
7922,1922,"UCB1","Ad_C","Tablet","Afternoon",0,0.12,182,0,53.0300000000005
7923,1923,"UCB1","Ad_C","Mobile","Afternoon",1,0.12,183,0,53.0300000000005
7924,1924,"UCB1","Ad_C","Mobile","Afternoon",1,0.12,184,0,53.0300000000005
7925,1925,"UCB1","Ad_C","Desktop","Morning",0,0.12,184,0,53.0300000000005
7926,1926,"UCB1","Ad_C","Tablet","Evening",0,0.12,184,0,53.0300000000005
7927,1927,"UCB1","Ad_C","Tablet","Evening",0,0.12,184,0,53.0300000000005
7928,1928,"UCB1","Ad_C","Tablet","Morning",0,0.12,184,0,53.0300000000005
7929,1929,"UCB1","Ad_C","Mobile","Afternoon",0,0.12,184,0,53.0300000000005
7930,1930,"UCB1","Ad_C","Tablet","Morning",0,0.12,184,0,53.0300000000005
7931,1931,"UCB1","Ad_C","Mobile","Evening",0,0.12,184,0,53.0300000000005
7932,1932,"UCB1","Ad_C","Desktop","Morning",0,0.12,184,0,53.0300000000005
7933,1933,"UCB1","Ad_C","Mobile","Evening",0,0.12,184,0,53.0300000000005
7934,1934,"UCB1","Ad_C","Tablet","Evening",0,0.12,184,0,53.0300000000005
7935,1935,"UCB1","Ad_C","Mobile","Evening",0,0.12,184,0,53.0300000000005
7936,1936,"UCB1","Ad_C","Mobile","Evening",0,0.12,184,0,53.0300000000005
7937,1937,"UCB1","Ad_C","Desktop","Evening",0,0.12,184,0,53.0300000000005
7938,1938,"UCB1","Ad_C","Desktop","Morning",0,0.12,184,0,53.0300000000005
7939,1939,"UCB1","Ad_C","Desktop","Morning",0,0.12,184,0,53.0300000000005
7940,1940,"UCB1","Ad_C","Tablet","Evening",0,0.12,184,0,53.0300000000005
7941,1941,"UCB1","Ad_C","Tablet","Morning",0,0.12,184,0,53.0300000000005
7942,1942,"UCB1","Ad_C","Mobile","Evening",0,0.12,184,0,53.0300000000005
7943,1943,"UCB1","Ad_D","Desktop","Morning",1,0.1,185,0.02,53.0500000000005
7944,1944,"UCB1","Ad_D","Mobile","Morning",0,0.1,185,0.02,53.0700000000005
7945,1945,"UCB1","Ad_D","Desktop","Afternoon",0,0.1,185,0.02,53.0900000000005
7946,1946,"UCB1","Ad_D","Mobile","Evening",0,0.1,185,0.02,53.1100000000005
7947,1947,"UCB1","Ad_D","Desktop","Afternoon",0,0.1,185,0.02,53.1300000000005
7948,1948,"UCB1","Ad_D","Mobile","Morning",1,0.1,186,0.02,53.1500000000005
7949,1949,"UCB1","Ad_D","Tablet","Morning",0,0.1,186,0.02,53.1700000000005
7950,1950,"UCB1","Ad_D","Tablet","Afternoon",0,0.1,186,0.02,53.1900000000005
7951,1951,"UCB1","Ad_D","Mobile","Afternoon",1,0.1,187,0.02,53.2100000000005
7952,1952,"UCB1","Ad_D","Tablet","Evening",0,0.1,187,0.02,53.2300000000005
7953,1953,"UCB1","Ad_D","Mobile","Afternoon",0,0.1,187,0.02,53.2500000000005
7954,1954,"UCB1","Ad_D","Mobile","Afternoon",0,0.1,187,0.02,53.2700000000005
7955,1955,"UCB1","Ad_D","Mobile","Afternoon",0,0.1,187,0.02,53.2900000000005
7956,1956,"UCB1","Ad_D","Desktop","Morning",0,0.1,187,0.02,53.3100000000005
7957,1957,"UCB1","Ad_D","Mobile","Evening",0,0.1,187,0.02,53.3300000000005
7958,1958,"UCB1","Ad_D","Tablet","Evening",0,0.1,187,0.02,53.3500000000005
7959,1959,"UCB1","Ad_D","Mobile","Afternoon",0,0.1,187,0.02,53.3700000000005
7960,1960,"UCB1","Ad_B","Tablet","Afternoon",0,0.08,187,0.04,53.4100000000005
7961,1961,"UCB1","Ad_A","Mobile","Morning",0,0.05,187,0.07,53.4800000000005
7962,1962,"UCB1","Ad_D","Mobile","Morning",0,0.1,187,0.02,53.5000000000005
7963,1963,"UCB1","Ad_C","Desktop","Evening",1,0.12,188,0,53.5000000000005
7964,1964,"UCB1","Ad_C","Desktop","Evening",0,0.12,188,0,53.5000000000005
7965,1965,"UCB1","Ad_C","Tablet","Morning",0,0.12,188,0,53.5000000000005
7966,1966,"UCB1","Ad_C","Mobile","Morning",0,0.12,188,0,53.5000000000005
7967,1967,"UCB1","Ad_C","Mobile","Morning",1,0.12,189,0,53.5000000000005
7968,1968,"UCB1","Ad_C","Desktop","Morning",0,0.12,189,0,53.5000000000005
7969,1969,"UCB1","Ad_C","Tablet","Evening",0,0.12,189,0,53.5000000000005
7970,1970,"UCB1","Ad_C","Tablet","Afternoon",0,0.12,189,0,53.5000000000005
7971,1971,"UCB1","Ad_C","Desktop","Evening",0,0.12,189,0,53.5000000000005
7972,1972,"UCB1","Ad_C","Mobile","Morning",0,0.12,189,0,53.5000000000005
7973,1973,"UCB1","Ad_C","Mobile","Evening",0,0.12,189,0,53.5000000000005
7974,1974,"UCB1","Ad_B","Tablet","Afternoon",0,0.08,189,0.04,53.5400000000005
7975,1975,"UCB1","Ad_C","Mobile","Morning",0,0.12,189,0,53.5400000000005
7976,1976,"UCB1","Ad_A","Mobile","Afternoon",0,0.05,189,0.07,53.6100000000005
7977,1977,"UCB1","Ad_D","Mobile","Afternoon",0,0.1,189,0.02,53.6300000000005
7978,1978,"UCB1","Ad_C","Mobile","Evening",1,0.12,190,0,53.6300000000005
7979,1979,"UCB1","Ad_C","Tablet","Morning",0,0.12,190,0,53.6300000000005
7980,1980,"UCB1","Ad_C","Desktop","Afternoon",0,0.12,190,0,53.6300000000005
7981,1981,"UCB1","Ad_C","Desktop","Evening",0,0.12,190,0,53.6300000000005
7982,1982,"UCB1","Ad_C","Desktop","Evening",0,0.12,190,0,53.6300000000005
7983,1983,"UCB1","Ad_C","Mobile","Morning",0,0.12,190,0,53.6300000000005
7984,1984,"UCB1","Ad_B","Mobile","Evening",0,0.08,190,0.04,53.6700000000005
7985,1985,"UCB1","Ad_D","Mobile","Morning",0,0.1,190,0.02,53.6900000000005
7986,1986,"UCB1","Ad_C","Mobile","Evening",0,0.12,190,0,53.6900000000005
7987,1987,"UCB1","Ad_A","Tablet","Evening",0,0.05,190,0.07,53.7600000000005
7988,1988,"UCB1","Ad_B","Desktop","Afternoon",0,0.08,190,0.04,53.8000000000005
7989,1989,"UCB1","Ad_D","Mobile","Morning",0,0.1,190,0.02,53.8200000000005
7990,1990,"UCB1","Ad_C","Desktop","Afternoon",0,0.12,190,0,53.8200000000005
7991,1991,"UCB1","Ad_A","Mobile","Afternoon",1,0.05,191,0.07,53.8900000000005
7992,1992,"UCB1","Ad_A","Mobile","Afternoon",0,0.05,191,0.07,53.9600000000005
7993,1993,"UCB1","Ad_A","Desktop","Afternoon",0,0.05,191,0.07,54.0300000000005
7994,1994,"UCB1","Ad_A","Desktop","Morning",0,0.05,191,0.07,54.1000000000005
7995,1995,"UCB1","Ad_A","Mobile","Afternoon",0,0.05,191,0.07,54.1700000000005
7996,1996,"UCB1","Ad_A","Mobile","Morning",0,0.05,191,0.07,54.2400000000005
7997,1997,"UCB1","Ad_A","Mobile","Morning",0,0.05,191,0.07,54.3100000000005
7998,1998,"UCB1","Ad_B","Desktop","Afternoon",1,0.08,192,0.04,54.3500000000005
7999,1999,"UCB1","Ad_B","Mobile","Evening",0,0.08,192,0.04,54.3900000000005
8000,2000,"UCB1","Ad_B","Tablet","Afternoon",0,0.08,192,0.04,54.4300000000005
8001,1,"Thompson Sampling","Ad_D","Desktop","Afternoon",0,0.1,0,0.02,0.02
8002,2,"Thompson Sampling","Ad_A","Mobile","Afternoon",0,0.05,0,0.07,0.09
8003,3,"Thompson Sampling","Ad_C","Desktop","Afternoon",0,0.12,0,0,0.09
8004,4,"Thompson Sampling","Ad_B","Mobile","Evening",0,0.08,0,0.04,0.13
8005,5,"Thompson Sampling","Ad_C","Desktop","Morning",0,0.12,0,0,0.13
8006,6,"Thompson Sampling","Ad_D","Desktop","Afternoon",0,0.1,0,0.02,0.15
8007,7,"Thompson Sampling","Ad_C","Mobile","Afternoon",0,0.12,0,0,0.15
8008,8,"Thompson Sampling","Ad_A","Mobile","Evening",0,0.05,0,0.07,0.22
8009,9,"Thompson Sampling","Ad_B","Tablet","Evening",0,0.08,0,0.04,0.26
8010,10,"Thompson Sampling","Ad_C","Tablet","Morning",0,0.12,0,0,0.26
8011,11,"Thompson Sampling","Ad_A","Tablet","Morning",0,0.05,0,0.07,0.33
8012,12,"Thompson Sampling","Ad_B","Tablet","Morning",0,0.08,0,0.04,0.37
8013,13,"Thompson Sampling","Ad_B","Mobile","Afternoon",0,0.08,0,0.04,0.41
8014,14,"Thompson Sampling","Ad_B","Tablet","Afternoon",0,0.08,0,0.04,0.45
8015,15,"Thompson Sampling","Ad_C","Desktop","Evening",0,0.12,0,0,0.45
8016,16,"Thompson Sampling","Ad_D","Desktop","Morning",0,0.1,0,0.02,0.47
8017,17,"Thompson Sampling","Ad_B","Mobile","Morning",0,0.08,0,0.04,0.51
8018,18,"Thompson Sampling","Ad_B","Desktop","Afternoon",0,0.08,0,0.04,0.55
8019,19,"Thompson Sampling","Ad_D","Tablet","Afternoon",0,0.1,0,0.02,0.57
8020,20,"Thompson Sampling","Ad_A","Tablet","Morning",0,0.05,0,0.07,0.64
8021,21,"Thompson Sampling","Ad_A","Mobile","Evening",0,0.05,0,0.07,0.71
8022,22,"Thompson Sampling","Ad_D","Desktop","Evening",0,0.1,0,0.02,0.73
8023,23,"Thompson Sampling","Ad_C","Tablet","Evening",1,0.12,1,0,0.73
8024,24,"Thompson Sampling","Ad_A","Desktop","Morning",0,0.05,1,0.07,0.8
8025,25,"Thompson Sampling","Ad_A","Desktop","Morning",0,0.05,1,0.07,0.87
8026,26,"Thompson Sampling","Ad_B","Mobile","Evening",0,0.08,1,0.04,0.91
8027,27,"Thompson Sampling","Ad_A","Desktop","Morning",1,0.05,2,0.07,0.98
8028,28,"Thompson Sampling","Ad_B","Tablet","Afternoon",0,0.08,2,0.04,1.02
8029,29,"Thompson Sampling","Ad_C","Tablet","Afternoon",0,0.12,2,0,1.02
8030,30,"Thompson Sampling","Ad_C","Mobile","Afternoon",0,0.12,2,0,1.02
8031,31,"Thompson Sampling","Ad_A","Tablet","Afternoon",0,0.05,2,0.07,1.09
8032,32,"Thompson Sampling","Ad_A","Mobile","Afternoon",0,0.05,2,0.07,1.16
8033,33,"Thompson Sampling","Ad_C","Desktop","Evening",0,0.12,2,0,1.16
8034,34,"Thompson Sampling","Ad_A","Tablet","Evening",0,0.05,2,0.07,1.23
8035,35,"Thompson Sampling","Ad_A","Mobile","Afternoon",0,0.05,2,0.07,1.3
8036,36,"Thompson Sampling","Ad_B","Mobile","Morning",1,0.08,3,0.04,1.34
8037,37,"Thompson Sampling","Ad_C","Desktop","Evening",0,0.12,3,0,1.34
8038,38,"Thompson Sampling","Ad_D","Desktop","Evening",0,0.1,3,0.02,1.36
8039,39,"Thompson Sampling","Ad_D","Tablet","Evening",1,0.1,4,0.02,1.38
8040,40,"Thompson Sampling","Ad_B","Mobile","Evening",0,0.08,4,0.04,1.42
8041,41,"Thompson Sampling","Ad_D","Desktop","Morning",0,0.1,4,0.02,1.44
8042,42,"Thompson Sampling","Ad_C","Desktop","Afternoon",0,0.12,4,0,1.44
8043,43,"Thompson Sampling","Ad_A","Desktop","Morning",0,0.05,4,0.07,1.51
8044,44,"Thompson Sampling","Ad_B","Mobile","Evening",1,0.08,5,0.04,1.55
8045,45,"Thompson Sampling","Ad_C","Tablet","Morning",0,0.12,5,0,1.55
8046,46,"Thompson Sampling","Ad_D","Mobile","Evening",1,0.1,6,0.02,1.57
8047,47,"Thompson Sampling","Ad_D","Desktop","Evening",0,0.1,6,0.02,1.59
8048,48,"Thompson Sampling","Ad_D","Tablet","Afternoon",1,0.1,7,0.02,1.61
8049,49,"Thompson Sampling","Ad_C","Mobile","Morning",1,0.12,8,0,1.61
8050,50,"Thompson Sampling","Ad_D","Tablet","Evening",0,0.1,8,0.02,1.63
8051,51,"Thompson Sampling","Ad_D","Mobile","Afternoon",0,0.1,8,0.02,1.65
8052,52,"Thompson Sampling","Ad_D","Desktop","Afternoon",0,0.1,8,0.02,1.67
8053,53,"Thompson Sampling","Ad_D","Desktop","Afternoon",0,0.1,8,0.02,1.69
8054,54,"Thompson Sampling","Ad_D","Desktop","Morning",0,0.1,8,0.02,1.71
8055,55,"Thompson Sampling","Ad_C","Desktop","Evening",1,0.12,9,0,1.71
8056,56,"Thompson Sampling","Ad_B","Tablet","Afternoon",0,0.08,9,0.04,1.75
8057,57,"Thompson Sampling","Ad_D","Desktop","Evening",0,0.1,9,0.02,1.77
8058,58,"Thompson Sampling","Ad_B","Tablet","Morning",0,0.08,9,0.04,1.81
8059,59,"Thompson Sampling","Ad_C","Tablet","Morning",0,0.12,9,0,1.81
8060,60,"Thompson Sampling","Ad_C","Desktop","Afternoon",0,0.12,9,0,1.81
8061,61,"Thompson Sampling","Ad_C","Desktop","Morning",0,0.12,9,0,1.81
8062,62,"Thompson Sampling","Ad_D","Desktop","Afternoon",0,0.1,9,0.02,1.83
8063,63,"Thompson Sampling","Ad_D","Desktop","Morning",0,0.1,9,0.02,1.85
8064,64,"Thompson Sampling","Ad_D","Desktop","Evening",0,0.1,9,0.02,1.87
8065,65,"Thompson Sampling","Ad_B","Desktop","Morning",0,0.08,9,0.04,1.91
8066,66,"Thompson Sampling","Ad_A","Mobile","Afternoon",0,0.05,9,0.07,1.98
8067,67,"Thompson Sampling","Ad_B","Mobile","Afternoon",0,0.08,9,0.04,2.02
8068,68,"Thompson Sampling","Ad_D","Mobile","Evening",0,0.1,9,0.02,2.04
8069,69,"Thompson Sampling","Ad_C","Desktop","Morning",0,0.12,9,0,2.04
8070,70,"Thompson Sampling","Ad_B","Desktop","Afternoon",0,0.08,9,0.04,2.08
8071,71,"Thompson Sampling","Ad_C","Desktop","Evening",0,0.12,9,0,2.08
8072,72,"Thompson Sampling","Ad_C","Desktop","Morning",1,0.12,10,0,2.08
8073,73,"Thompson Sampling","Ad_D","Tablet","Afternoon",0,0.1,10,0.02,2.1
8074,74,"Thompson Sampling","Ad_D","Mobile","Afternoon",0,0.1,10,0.02,2.12
8075,75,"Thompson Sampling","Ad_D","Mobile","Afternoon",0,0.1,10,0.02,2.14
8076,76,"Thompson Sampling","Ad_C","Tablet","Evening",0,0.12,10,0,2.14
8077,77,"Thompson Sampling","Ad_C","Mobile","Afternoon",0,0.12,10,0,2.14
8078,78,"Thompson Sampling","Ad_C","Mobile","Morning",1,0.12,11,0,2.14
8079,79,"Thompson Sampling","Ad_D","Desktop","Afternoon",0,0.1,11,0.02,2.16
8080,80,"Thompson Sampling","Ad_C","Desktop","Morning",0,0.12,11,0,2.16
8081,81,"Thompson Sampling","Ad_D","Mobile","Evening",0,0.1,11,0.02,2.18
8082,82,"Thompson Sampling","Ad_A","Tablet","Morning",0,0.05,11,0.07,2.25
8083,83,"Thompson Sampling","Ad_D","Tablet","Morning",0,0.1,11,0.02,2.27
8084,84,"Thompson Sampling","Ad_C","Mobile","Morning",0,0.12,11,0,2.27
8085,85,"Thompson Sampling","Ad_C","Desktop","Afternoon",0,0.12,11,0,2.27
8086,86,"Thompson Sampling","Ad_C","Desktop","Morning",0,0.12,11,0,2.27
8087,87,"Thompson Sampling","Ad_C","Mobile","Evening",0,0.12,11,0,2.27
8088,88,"Thompson Sampling","Ad_B","Mobile","Morning",0,0.08,11,0.04,2.31
8089,89,"Thompson Sampling","Ad_D","Desktop","Morning",0,0.1,11,0.02,2.33
8090,90,"Thompson Sampling","Ad_A","Tablet","Morning",0,0.05,11,0.07,2.4
8091,91,"Thompson Sampling","Ad_C","Tablet","Afternoon",0,0.12,11,0,2.4
8092,92,"Thompson Sampling","Ad_C","Mobile","Morning",0,0.12,11,0,2.4
8093,93,"Thompson Sampling","Ad_B","Mobile","Morning",0,0.08,11,0.04,2.44
8094,94,"Thompson Sampling","Ad_C","Desktop","Evening",0,0.12,11,0,2.44
8095,95,"Thompson Sampling","Ad_C","Mobile","Afternoon",0,0.12,11,0,2.44
8096,96,"Thompson Sampling","Ad_C","Tablet","Evening",0,0.12,11,0,2.44
8097,97,"Thompson Sampling","Ad_B","Desktop","Afternoon",0,0.08,11,0.04,2.48
8098,98,"Thompson Sampling","Ad_B","Tablet","Evening",0,0.08,11,0.04,2.52
8099,99,"Thompson Sampling","Ad_C","Desktop","Evening",0,0.12,11,0,2.52
8100,100,"Thompson Sampling","Ad_C","Tablet","Afternoon",0,0.12,11,0,2.52
8101,101,"Thompson Sampling","Ad_C","Tablet","Morning",0,0.12,11,0,2.52
8102,102,"Thompson Sampling","Ad_C","Mobile","Afternoon",0,0.12,11,0,2.52
8103,103,"Thompson Sampling","Ad_C","Tablet","Evening",0,0.12,11,0,2.52
8104,104,"Thompson Sampling","Ad_C","Desktop","Morning",0,0.12,11,0,2.52
8105,105,"Thompson Sampling","Ad_A","Desktop","Afternoon",0,0.05,11,0.07,2.59
8106,106,"Thompson Sampling","Ad_D","Mobile","Evening",0,0.1,11,0.02,2.61
8107,107,"Thompson Sampling","Ad_A","Desktop","Evening",0,0.05,11,0.07,2.68
8108,108,"Thompson Sampling","Ad_B","Tablet","Morning",0,0.08,11,0.04,2.72
8109,109,"Thompson Sampling","Ad_C","Mobile","Afternoon",1,0.12,12,0,2.72
8110,110,"Thompson Sampling","Ad_C","Desktop","Evening",0,0.12,12,0,2.72
8111,111,"Thompson Sampling","Ad_B","Desktop","Morning",0,0.08,12,0.04,2.76
8112,112,"Thompson Sampling","Ad_C","Desktop","Evening",0,0.12,12,0,2.76
8113,113,"Thompson Sampling","Ad_B","Tablet","Morning",0,0.08,12,0.04,2.8
8114,114,"Thompson Sampling","Ad_C","Tablet","Afternoon",0,0.12,12,0,2.8
8115,115,"Thompson Sampling","Ad_A","Desktop","Evening",0,0.05,12,0.07,2.87
8116,116,"Thompson Sampling","Ad_D","Desktop","Evening",0,0.1,12,0.02,2.89
8117,117,"Thompson Sampling","Ad_D","Mobile","Morning",0,0.1,12,0.02,2.91
8118,118,"Thompson Sampling","Ad_D","Desktop","Evening",0,0.1,12,0.02,2.93
8119,119,"Thompson Sampling","Ad_A","Tablet","Morning",0,0.05,12,0.07,3
8120,120,"Thompson Sampling","Ad_D","Mobile","Evening",0,0.1,12,0.02,3.02
8121,121,"Thompson Sampling","Ad_C","Desktop","Evening",0,0.12,12,0,3.02
8122,122,"Thompson Sampling","Ad_C","Tablet","Afternoon",0,0.12,12,0,3.02
8123,123,"Thompson Sampling","Ad_C","Tablet","Evening",0,0.12,12,0,3.02
8124,124,"Thompson Sampling","Ad_B","Tablet","Afternoon",0,0.08,12,0.04,3.06
8125,125,"Thompson Sampling","Ad_C","Mobile","Afternoon",0,0.12,12,0,3.06
8126,126,"Thompson Sampling","Ad_A","Tablet","Morning",0,0.05,12,0.07,3.13
8127,127,"Thompson Sampling","Ad_B","Mobile","Evening",0,0.08,12,0.04,3.17
8128,128,"Thompson Sampling","Ad_D","Mobile","Afternoon",0,0.1,12,0.02,3.19
8129,129,"Thompson Sampling","Ad_C","Desktop","Morning",0,0.12,12,0,3.19
8130,130,"Thompson Sampling","Ad_B","Tablet","Evening",0,0.08,12,0.04,3.23
8131,131,"Thompson Sampling","Ad_B","Desktop","Evening",0,0.08,12,0.04,3.27
8132,132,"Thompson Sampling","Ad_C","Mobile","Afternoon",0,0.12,12,0,3.27
8133,133,"Thompson Sampling","Ad_A","Mobile","Evening",0,0.05,12,0.07,3.34
8134,134,"Thompson Sampling","Ad_B","Tablet","Afternoon",1,0.08,13,0.04,3.38
8135,135,"Thompson Sampling","Ad_D","Desktop","Afternoon",0,0.1,13,0.02,3.4
8136,136,"Thompson Sampling","Ad_C","Mobile","Evening",0,0.12,13,0,3.4
8137,137,"Thompson Sampling","Ad_D","Desktop","Afternoon",0,0.1,13,0.02,3.42
8138,138,"Thompson Sampling","Ad_D","Mobile","Afternoon",0,0.1,13,0.02,3.44
8139,139,"Thompson Sampling","Ad_B","Tablet","Afternoon",0,0.08,13,0.04,3.48
8140,140,"Thompson Sampling","Ad_B","Tablet","Afternoon",0,0.08,13,0.04,3.52
8141,141,"Thompson Sampling","Ad_B","Mobile","Morning",0,0.08,13,0.04,3.56
8142,142,"Thompson Sampling","Ad_B","Desktop","Evening",0,0.08,13,0.04,3.6
8143,143,"Thompson Sampling","Ad_C","Desktop","Evening",0,0.12,13,0,3.6
8144,144,"Thompson Sampling","Ad_D","Tablet","Afternoon",1,0.1,14,0.02,3.62
8145,145,"Thompson Sampling","Ad_D","Mobile","Evening",0,0.1,14,0.02,3.64
8146,146,"Thompson Sampling","Ad_B","Desktop","Morning",0,0.08,14,0.04,3.68
8147,147,"Thompson Sampling","Ad_C","Desktop","Evening",0,0.12,14,0,3.68
8148,148,"Thompson Sampling","Ad_D","Mobile","Morning",0,0.1,14,0.02,3.7
8149,149,"Thompson Sampling","Ad_D","Desktop","Morning",0,0.1,14,0.02,3.72
8150,150,"Thompson Sampling","Ad_C","Desktop","Afternoon",0,0.12,14,0,3.72
8151,151,"Thompson Sampling","Ad_D","Tablet","Morning",0,0.1,14,0.02,3.74
8152,152,"Thompson Sampling","Ad_B","Tablet","Evening",0,0.08,14,0.04,3.78
8153,153,"Thompson Sampling","Ad_C","Tablet","Afternoon",1,0.12,15,0,3.78
8154,154,"Thompson Sampling","Ad_B","Tablet","Evening",0,0.08,15,0.04,3.82
8155,155,"Thompson Sampling","Ad_C","Desktop","Morning",0,0.12,15,0,3.82
8156,156,"Thompson Sampling","Ad_B","Tablet","Morning",0,0.08,15,0.04,3.86
8157,157,"Thompson Sampling","Ad_C","Mobile","Morning",0,0.12,15,0,3.86
8158,158,"Thompson Sampling","Ad_D","Desktop","Morning",0,0.1,15,0.02,3.88
8159,159,"Thompson Sampling","Ad_C","Tablet","Afternoon",0,0.12,15,0,3.88
8160,160,"Thompson Sampling","Ad_B","Desktop","Evening",0,0.08,15,0.04,3.92
8161,161,"Thompson Sampling","Ad_C","Desktop","Evening",0,0.12,15,0,3.92
8162,162,"Thompson Sampling","Ad_C","Mobile","Evening",0,0.12,15,0,3.92
8163,163,"Thompson Sampling","Ad_A","Desktop","Evening",0,0.05,15,0.07,3.99
8164,164,"Thompson Sampling","Ad_A","Tablet","Evening",0,0.05,15,0.07,4.06
8165,165,"Thompson Sampling","Ad_B","Tablet","Evening",1,0.08,16,0.04,4.1
8166,166,"Thompson Sampling","Ad_C","Mobile","Evening",0,0.12,16,0,4.1
8167,167,"Thompson Sampling","Ad_C","Desktop","Afternoon",1,0.12,17,0,4.1
8168,168,"Thompson Sampling","Ad_C","Mobile","Morning",0,0.12,17,0,4.1
8169,169,"Thompson Sampling","Ad_D","Mobile","Evening",1,0.1,18,0.02,4.12
8170,170,"Thompson Sampling","Ad_D","Tablet","Morning",0,0.1,18,0.02,4.14
8171,171,"Thompson Sampling","Ad_C","Tablet","Evening",0,0.12,18,0,4.14
8172,172,"Thompson Sampling","Ad_D","Desktop","Afternoon",0,0.1,18,0.02,4.16
8173,173,"Thompson Sampling","Ad_C","Desktop","Morning",0,0.12,18,0,4.16
8174,174,"Thompson Sampling","Ad_D","Tablet","Morning",0,0.1,18,0.02,4.18
8175,175,"Thompson Sampling","Ad_D","Mobile","Afternoon",0,0.1,18,0.02,4.2
8176,176,"Thompson Sampling","Ad_C","Desktop","Evening",1,0.12,19,0,4.2
8177,177,"Thompson Sampling","Ad_C","Tablet","Afternoon",0,0.12,19,0,4.2
8178,178,"Thompson Sampling","Ad_C","Mobile","Afternoon",0,0.12,19,0,4.2
8179,179,"Thompson Sampling","Ad_C","Tablet","Evening",0,0.12,19,0,4.2
8180,180,"Thompson Sampling","Ad_C","Mobile","Afternoon",0,0.12,19,0,4.2
8181,181,"Thompson Sampling","Ad_C","Desktop","Afternoon",0,0.12,19,0,4.2
8182,182,"Thompson Sampling","Ad_B","Mobile","Afternoon",0,0.08,19,0.04,4.24
8183,183,"Thompson Sampling","Ad_C","Desktop","Morning",0,0.12,19,0,4.24
8184,184,"Thompson Sampling","Ad_C","Desktop","Afternoon",0,0.12,19,0,4.24
8185,185,"Thompson Sampling","Ad_A","Desktop","Evening",0,0.05,19,0.07,4.31
8186,186,"Thompson Sampling","Ad_C","Desktop","Evening",0,0.12,19,0,4.31
8187,187,"Thompson Sampling","Ad_C","Mobile","Evening",0,0.12,19,0,4.31
8188,188,"Thompson Sampling","Ad_A","Desktop","Morning",0,0.05,19,0.07,4.38
8189,189,"Thompson Sampling","Ad_B","Desktop","Evening",0,0.08,19,0.04,4.42
8190,190,"Thompson Sampling","Ad_C","Desktop","Evening",0,0.12,19,0,4.42
8191,191,"Thompson Sampling","Ad_D","Tablet","Afternoon",1,0.1,20,0.02,4.44
8192,192,"Thompson Sampling","Ad_C","Tablet","Afternoon",0,0.12,20,0,4.44
8193,193,"Thompson Sampling","Ad_C","Mobile","Evening",0,0.12,20,0,4.44
8194,194,"Thompson Sampling","Ad_C","Mobile","Morning",0,0.12,20,0,4.44
8195,195,"Thompson Sampling","Ad_B","Desktop","Afternoon",0,0.08,20,0.04,4.48
8196,196,"Thompson Sampling","Ad_D","Tablet","Evening",0,0.1,20,0.02,4.5
8197,197,"Thompson Sampling","Ad_D","Tablet","Morning",0,0.1,20,0.02,4.52
8198,198,"Thompson Sampling","Ad_B","Tablet","Evening",0,0.08,20,0.04,4.56
8199,199,"Thompson Sampling","Ad_D","Desktop","Afternoon",0,0.1,20,0.02,4.58
8200,200,"Thompson Sampling","Ad_C","Tablet","Afternoon",0,0.12,20,0,4.58
8201,201,"Thompson Sampling","Ad_B","Mobile","Evening",0,0.08,20,0.04,4.62
8202,202,"Thompson Sampling","Ad_D","Mobile","Evening",0,0.1,20,0.02,4.64
8203,203,"Thompson Sampling","Ad_D","Mobile","Evening",0,0.1,20,0.02,4.66
8204,204,"Thompson Sampling","Ad_D","Mobile","Afternoon",0,0.1,20,0.02,4.68
8205,205,"Thompson Sampling","Ad_B","Desktop","Afternoon",1,0.08,21,0.04,4.72
8206,206,"Thompson Sampling","Ad_C","Mobile","Evening",0,0.12,21,0,4.72
8207,207,"Thompson Sampling","Ad_D","Mobile","Morning",0,0.1,21,0.02,4.74
8208,208,"Thompson Sampling","Ad_B","Desktop","Evening",0,0.08,21,0.04,4.78
8209,209,"Thompson Sampling","Ad_B","Mobile","Afternoon",0,0.08,21,0.04,4.82
8210,210,"Thompson Sampling","Ad_C","Mobile","Evening",0,0.12,21,0,4.82
8211,211,"Thompson Sampling","Ad_C","Mobile","Morning",0,0.12,21,0,4.82
8212,212,"Thompson Sampling","Ad_B","Desktop","Evening",0,0.08,21,0.04,4.86
8213,213,"Thompson Sampling","Ad_C","Desktop","Morning",0,0.12,21,0,4.86
8214,214,"Thompson Sampling","Ad_C","Mobile","Morning",0,0.12,21,0,4.86
8215,215,"Thompson Sampling","Ad_C","Desktop","Morning",0,0.12,21,0,4.86
8216,216,"Thompson Sampling","Ad_B","Desktop","Evening",0,0.08,21,0.04,4.9
8217,217,"Thompson Sampling","Ad_B","Desktop","Evening",1,0.08,22,0.04,4.94
8218,218,"Thompson Sampling","Ad_C","Desktop","Evening",0,0.12,22,0,4.94
8219,219,"Thompson Sampling","Ad_B","Desktop","Afternoon",1,0.08,23,0.04,4.98
8220,220,"Thompson Sampling","Ad_D","Tablet","Afternoon",0,0.1,23,0.02,5
8221,221,"Thompson Sampling","Ad_B","Mobile","Morning",0,0.08,23,0.04,5.04
8222,222,"Thompson Sampling","Ad_B","Mobile","Morning",0,0.08,23,0.04,5.08
8223,223,"Thompson Sampling","Ad_B","Desktop","Evening",0,0.08,23,0.04,5.12
8224,224,"Thompson Sampling","Ad_B","Desktop","Evening",0,0.08,23,0.04,5.16
8225,225,"Thompson Sampling","Ad_D","Tablet","Afternoon",0,0.1,23,0.02,5.18
8226,226,"Thompson Sampling","Ad_B","Mobile","Evening",1,0.08,24,0.04,5.22
8227,227,"Thompson Sampling","Ad_B","Tablet","Evening",0,0.08,24,0.04,5.26
8228,228,"Thompson Sampling","Ad_B","Tablet","Evening",0,0.08,24,0.04,5.3
8229,229,"Thompson Sampling","Ad_B","Tablet","Evening",0,0.08,24,0.04,5.34
8230,230,"Thompson Sampling","Ad_C","Desktop","Afternoon",0,0.12,24,0,5.34
8231,231,"Thompson Sampling","Ad_B","Mobile","Afternoon",0,0.08,24,0.04,5.38
8232,232,"Thompson Sampling","Ad_B","Mobile","Morning",0,0.08,24,0.04,5.42
8233,233,"Thompson Sampling","Ad_B","Mobile","Morning",0,0.08,24,0.04,5.46
8234,234,"Thompson Sampling","Ad_B","Mobile","Morning",0,0.08,24,0.04,5.5
8235,235,"Thompson Sampling","Ad_D","Tablet","Evening",0,0.1,24,0.02,5.52
8236,236,"Thompson Sampling","Ad_C","Desktop","Evening",0,0.12,24,0,5.52
8237,237,"Thompson Sampling","Ad_A","Tablet","Morning",0,0.05,24,0.07,5.59
8238,238,"Thompson Sampling","Ad_B","Mobile","Afternoon",1,0.08,25,0.04,5.63
8239,239,"Thompson Sampling","Ad_D","Desktop","Morning",0,0.1,25,0.02,5.65
8240,240,"Thompson Sampling","Ad_B","Mobile","Evening",0,0.08,25,0.04,5.69
8241,241,"Thompson Sampling","Ad_B","Mobile","Afternoon",0,0.08,25,0.04,5.73
8242,242,"Thompson Sampling","Ad_B","Tablet","Afternoon",0,0.08,25,0.04,5.77
8243,243,"Thompson Sampling","Ad_B","Desktop","Evening",0,0.08,25,0.04,5.81
8244,244,"Thompson Sampling","Ad_D","Tablet","Evening",0,0.1,25,0.02,5.82999999999999
8245,245,"Thompson Sampling","Ad_B","Tablet","Afternoon",0,0.08,25,0.04,5.86999999999999
8246,246,"Thompson Sampling","Ad_B","Desktop","Afternoon",0,0.08,25,0.04,5.90999999999999
8247,247,"Thompson Sampling","Ad_B","Tablet","Afternoon",0,0.08,25,0.04,5.94999999999999
8248,248,"Thompson Sampling","Ad_D","Tablet","Evening",0,0.1,25,0.02,5.96999999999999
8249,249,"Thompson Sampling","Ad_C","Tablet","Afternoon",0,0.12,25,0,5.96999999999999
8250,250,"Thompson Sampling","Ad_D","Tablet","Evening",0,0.1,25,0.02,5.98999999999999
8251,251,"Thompson Sampling","Ad_A","Mobile","Morning",0,0.05,25,0.07,6.05999999999999
8252,252,"Thompson Sampling","Ad_B","Tablet","Afternoon",0,0.08,25,0.04,6.09999999999999
8253,253,"Thompson Sampling","Ad_D","Tablet","Afternoon",0,0.1,25,0.02,6.11999999999999
8254,254,"Thompson Sampling","Ad_B","Mobile","Evening",0,0.08,25,0.04,6.15999999999999
8255,255,"Thompson Sampling","Ad_B","Mobile","Morning",0,0.08,25,0.04,6.19999999999999
8256,256,"Thompson Sampling","Ad_C","Tablet","Morning",0,0.12,25,0,6.19999999999999
8257,257,"Thompson Sampling","Ad_D","Desktop","Morning",0,0.1,25,0.02,6.21999999999999
8258,258,"Thompson Sampling","Ad_D","Desktop","Morning",0,0.1,25,0.02,6.23999999999999
8259,259,"Thompson Sampling","Ad_B","Tablet","Afternoon",0,0.08,25,0.04,6.27999999999999
8260,260,"Thompson Sampling","Ad_B","Tablet","Morning",0,0.08,25,0.04,6.31999999999999
8261,261,"Thompson Sampling","Ad_C","Mobile","Morning",0,0.12,25,0,6.31999999999999
8262,262,"Thompson Sampling","Ad_C","Mobile","Morning",0,0.12,25,0,6.31999999999999
8263,263,"Thompson Sampling","Ad_B","Tablet","Morning",0,0.08,25,0.04,6.35999999999999
8264,264,"Thompson Sampling","Ad_B","Desktop","Evening",0,0.08,25,0.04,6.39999999999999
8265,265,"Thompson Sampling","Ad_D","Mobile","Afternoon",0,0.1,25,0.02,6.41999999999999
8266,266,"Thompson Sampling","Ad_B","Tablet","Morning",0,0.08,25,0.04,6.45999999999999
8267,267,"Thompson Sampling","Ad_D","Mobile","Afternoon",0,0.1,25,0.02,6.47999999999999
8268,268,"Thompson Sampling","Ad_A","Mobile","Afternoon",0,0.05,25,0.07,6.54999999999999
8269,269,"Thompson Sampling","Ad_C","Desktop","Morning",0,0.12,25,0,6.54999999999999
8270,270,"Thompson Sampling","Ad_B","Mobile","Morning",0,0.08,25,0.04,6.58999999999999
8271,271,"Thompson Sampling","Ad_C","Tablet","Afternoon",0,0.12,25,0,6.58999999999999
8272,272,"Thompson Sampling","Ad_C","Desktop","Afternoon",0,0.12,25,0,6.58999999999999
8273,273,"Thompson Sampling","Ad_B","Tablet","Afternoon",0,0.08,25,0.04,6.62999999999999
8274,274,"Thompson Sampling","Ad_C","Tablet","Evening",0,0.12,25,0,6.62999999999999
8275,275,"Thompson Sampling","Ad_B","Tablet","Morning",0,0.08,25,0.04,6.66999999999999
8276,276,"Thompson Sampling","Ad_C","Tablet","Afternoon",0,0.12,25,0,6.66999999999999
8277,277,"Thompson Sampling","Ad_B","Desktop","Evening",0,0.08,25,0.04,6.70999999999999
8278,278,"Thompson Sampling","Ad_B","Tablet","Evening",0,0.08,25,0.04,6.74999999999999
8279,279,"Thompson Sampling","Ad_B","Mobile","Afternoon",0,0.08,25,0.04,6.78999999999999
8280,280,"Thompson Sampling","Ad_C","Mobile","Evening",0,0.12,25,0,6.78999999999999
8281,281,"Thompson Sampling","Ad_C","Desktop","Evening",1,0.12,26,0,6.78999999999999
8282,282,"Thompson Sampling","Ad_B","Desktop","Afternoon",0,0.08,26,0.04,6.82999999999999
8283,283,"Thompson Sampling","Ad_A","Tablet","Morning",0,0.05,26,0.07,6.89999999999999
8284,284,"Thompson Sampling","Ad_D","Desktop","Evening",0,0.1,26,0.02,6.91999999999999
8285,285,"Thompson Sampling","Ad_C","Mobile","Evening",0,0.12,26,0,6.91999999999999
8286,286,"Thompson Sampling","Ad_B","Tablet","Evening",0,0.08,26,0.04,6.95999999999999
8287,287,"Thompson Sampling","Ad_D","Mobile","Evening",1,0.1,27,0.02,6.97999999999999
8288,288,"Thompson Sampling","Ad_B","Desktop","Morning",0,0.08,27,0.04,7.01999999999999
8289,289,"Thompson Sampling","Ad_B","Tablet","Evening",0,0.08,27,0.04,7.05999999999999
8290,290,"Thompson Sampling","Ad_B","Desktop","Evening",0,0.08,27,0.04,7.09999999999999
8291,291,"Thompson Sampling","Ad_B","Tablet","Evening",0,0.08,27,0.04,7.13999999999999
8292,292,"Thompson Sampling","Ad_D","Desktop","Morning",0,0.1,27,0.02,7.15999999999999
8293,293,"Thompson Sampling","Ad_D","Desktop","Afternoon",1,0.1,28,0.02,7.17999999999999
8294,294,"Thompson Sampling","Ad_A","Tablet","Morning",0,0.05,28,0.07,7.24999999999999
8295,295,"Thompson Sampling","Ad_D","Tablet","Afternoon",0,0.1,28,0.02,7.26999999999999
8296,296,"Thompson Sampling","Ad_C","Mobile","Morning",0,0.12,28,0,7.26999999999999
8297,297,"Thompson Sampling","Ad_D","Tablet","Morning",0,0.1,28,0.02,7.28999999999999
8298,298,"Thompson Sampling","Ad_B","Mobile","Morning",0,0.08,28,0.04,7.32999999999999
8299,299,"Thompson Sampling","Ad_C","Mobile","Afternoon",0,0.12,28,0,7.32999999999999
8300,300,"Thompson Sampling","Ad_B","Tablet","Morning",0,0.08,28,0.04,7.36999999999999
8301,301,"Thompson Sampling","Ad_D","Tablet","Afternoon",0,0.1,28,0.02,7.38999999999999
8302,302,"Thompson Sampling","Ad_D","Mobile","Morning",0,0.1,28,0.02,7.40999999999999
8303,303,"Thompson Sampling","Ad_D","Mobile","Afternoon",1,0.1,29,0.02,7.42999999999999
8304,304,"Thompson Sampling","Ad_C","Tablet","Morning",0,0.12,29,0,7.42999999999999
8305,305,"Thompson Sampling","Ad_D","Desktop","Morning",0,0.1,29,0.02,7.44999999999999
8306,306,"Thompson Sampling","Ad_D","Mobile","Morning",0,0.1,29,0.02,7.46999999999999
8307,307,"Thompson Sampling","Ad_D","Tablet","Afternoon",0,0.1,29,0.02,7.48999999999999
8308,308,"Thompson Sampling","Ad_B","Desktop","Afternoon",0,0.08,29,0.04,7.52999999999999
8309,309,"Thompson Sampling","Ad_B","Tablet","Afternoon",0,0.08,29,0.04,7.56999999999999
8310,310,"Thompson Sampling","Ad_D","Mobile","Evening",0,0.1,29,0.02,7.58999999999999
8311,311,"Thompson Sampling","Ad_D","Tablet","Evening",0,0.1,29,0.02,7.60999999999999
8312,312,"Thompson Sampling","Ad_D","Tablet","Afternoon",0,0.1,29,0.02,7.62999999999999
8313,313,"Thompson Sampling","Ad_C","Mobile","Afternoon",0,0.12,29,0,7.62999999999999
8314,314,"Thompson Sampling","Ad_D","Desktop","Morning",0,0.1,29,0.02,7.64999999999999
8315,315,"Thompson Sampling","Ad_B","Desktop","Evening",0,0.08,29,0.04,7.68999999999999
8316,316,"Thompson Sampling","Ad_D","Mobile","Afternoon",0,0.1,29,0.02,7.70999999999999
8317,317,"Thompson Sampling","Ad_D","Tablet","Morning",0,0.1,29,0.02,7.72999999999999
8318,318,"Thompson Sampling","Ad_C","Desktop","Afternoon",0,0.12,29,0,7.72999999999999
8319,319,"Thompson Sampling","Ad_B","Tablet","Afternoon",0,0.08,29,0.04,7.76999999999999
8320,320,"Thompson Sampling","Ad_D","Desktop","Afternoon",0,0.1,29,0.02,7.78999999999999
8321,321,"Thompson Sampling","Ad_B","Mobile","Evening",0,0.08,29,0.04,7.82999999999999
8322,322,"Thompson Sampling","Ad_A","Tablet","Morning",0,0.05,29,0.07,7.89999999999999
8323,323,"Thompson Sampling","Ad_D","Mobile","Morning",0,0.1,29,0.02,7.91999999999999
8324,324,"Thompson Sampling","Ad_D","Desktop","Evening",0,0.1,29,0.02,7.93999999999999
8325,325,"Thompson Sampling","Ad_D","Mobile","Afternoon",0,0.1,29,0.02,7.95999999999998
8326,326,"Thompson Sampling","Ad_B","Desktop","Evening",0,0.08,29,0.04,7.99999999999998
8327,327,"Thompson Sampling","Ad_D","Desktop","Afternoon",0,0.1,29,0.02,8.01999999999999
8328,328,"Thompson Sampling","Ad_B","Mobile","Morning",0,0.08,29,0.04,8.05999999999998
8329,329,"Thompson Sampling","Ad_D","Desktop","Evening",0,0.1,29,0.02,8.07999999999998
8330,330,"Thompson Sampling","Ad_C","Tablet","Evening",1,0.12,30,0,8.07999999999998
8331,331,"Thompson Sampling","Ad_D","Desktop","Afternoon",0,0.1,30,0.02,8.09999999999998
8332,332,"Thompson Sampling","Ad_A","Mobile","Afternoon",0,0.05,30,0.07,8.16999999999998
8333,333,"Thompson Sampling","Ad_C","Tablet","Morning",0,0.12,30,0,8.16999999999998
8334,334,"Thompson Sampling","Ad_C","Desktop","Afternoon",0,0.12,30,0,8.16999999999998
8335,335,"Thompson Sampling","Ad_D","Mobile","Morning",0,0.1,30,0.02,8.18999999999998
8336,336,"Thompson Sampling","Ad_D","Desktop","Evening",0,0.1,30,0.02,8.20999999999998
8337,337,"Thompson Sampling","Ad_C","Desktop","Evening",1,0.12,31,0,8.20999999999998
8338,338,"Thompson Sampling","Ad_C","Desktop","Morning",0,0.12,31,0,8.20999999999998
8339,339,"Thompson Sampling","Ad_C","Desktop","Afternoon",0,0.12,31,0,8.20999999999998
8340,340,"Thompson Sampling","Ad_C","Desktop","Morning",1,0.12,32,0,8.20999999999998
8341,341,"Thompson Sampling","Ad_B","Desktop","Evening",0,0.08,32,0.04,8.24999999999998
8342,342,"Thompson Sampling","Ad_B","Tablet","Afternoon",0,0.08,32,0.04,8.28999999999998
8343,343,"Thompson Sampling","Ad_C","Tablet","Evening",0,0.12,32,0,8.28999999999998
8344,344,"Thompson Sampling","Ad_C","Desktop","Afternoon",0,0.12,32,0,8.28999999999998
8345,345,"Thompson Sampling","Ad_D","Mobile","Afternoon",0,0.1,32,0.02,8.30999999999998
8346,346,"Thompson Sampling","Ad_D","Tablet","Morning",1,0.1,33,0.02,8.32999999999998
8347,347,"Thompson Sampling","Ad_A","Desktop","Afternoon",0,0.05,33,0.07,8.39999999999998
8348,348,"Thompson Sampling","Ad_A","Desktop","Morning",1,0.05,34,0.07,8.46999999999998
8349,349,"Thompson Sampling","Ad_A","Desktop","Evening",0,0.05,34,0.07,8.53999999999998
8350,350,"Thompson Sampling","Ad_A","Mobile","Evening",0,0.05,34,0.07,8.60999999999998
8351,351,"Thompson Sampling","Ad_B","Mobile","Afternoon",0,0.08,34,0.04,8.64999999999998
8352,352,"Thompson Sampling","Ad_D","Tablet","Afternoon",0,0.1,34,0.02,8.66999999999998
8353,353,"Thompson Sampling","Ad_C","Desktop","Afternoon",0,0.12,34,0,8.66999999999998
8354,354,"Thompson Sampling","Ad_C","Mobile","Afternoon",0,0.12,34,0,8.66999999999998
8355,355,"Thompson Sampling","Ad_C","Mobile","Morning",1,0.12,35,0,8.66999999999998
8356,356,"Thompson Sampling","Ad_C","Mobile","Morning",0,0.12,35,0,8.66999999999998
8357,357,"Thompson Sampling","Ad_C","Tablet","Morning",0,0.12,35,0,8.66999999999998
8358,358,"Thompson Sampling","Ad_C","Desktop","Afternoon",1,0.12,36,0,8.66999999999998
8359,359,"Thompson Sampling","Ad_B","Desktop","Evening",0,0.08,36,0.04,8.70999999999998
8360,360,"Thompson Sampling","Ad_B","Mobile","Evening",0,0.08,36,0.04,8.74999999999998
8361,361,"Thompson Sampling","Ad_D","Tablet","Evening",1,0.1,37,0.02,8.76999999999998
8362,362,"Thompson Sampling","Ad_C","Tablet","Evening",0,0.12,37,0,8.76999999999998
8363,363,"Thompson Sampling","Ad_D","Tablet","Afternoon",0,0.1,37,0.02,8.78999999999998
8364,364,"Thompson Sampling","Ad_C","Mobile","Afternoon",0,0.12,37,0,8.78999999999998
8365,365,"Thompson Sampling","Ad_D","Desktop","Evening",0,0.1,37,0.02,8.80999999999998
8366,366,"Thompson Sampling","Ad_D","Mobile","Afternoon",0,0.1,37,0.02,8.82999999999998
8367,367,"Thompson Sampling","Ad_C","Tablet","Evening",0,0.12,37,0,8.82999999999998
8368,368,"Thompson Sampling","Ad_D","Mobile","Morning",0,0.1,37,0.02,8.84999999999998
8369,369,"Thompson Sampling","Ad_D","Tablet","Afternoon",0,0.1,37,0.02,8.86999999999998
8370,370,"Thompson Sampling","Ad_D","Mobile","Afternoon",0,0.1,37,0.02,8.88999999999998
8371,371,"Thompson Sampling","Ad_C","Mobile","Morning",1,0.12,38,0,8.88999999999998
8372,372,"Thompson Sampling","Ad_C","Mobile","Evening",1,0.12,39,0,8.88999999999998
8373,373,"Thompson Sampling","Ad_B","Desktop","Afternoon",0,0.08,39,0.04,8.92999999999997
8374,374,"Thompson Sampling","Ad_B","Mobile","Afternoon",0,0.08,39,0.04,8.96999999999997
8375,375,"Thompson Sampling","Ad_C","Desktop","Afternoon",0,0.12,39,0,8.96999999999997
8376,376,"Thompson Sampling","Ad_C","Desktop","Evening",0,0.12,39,0,8.96999999999997
8377,377,"Thompson Sampling","Ad_C","Mobile","Morning",0,0.12,39,0,8.96999999999997
8378,378,"Thompson Sampling","Ad_A","Mobile","Evening",0,0.05,39,0.07,9.03999999999997
8379,379,"Thompson Sampling","Ad_C","Mobile","Afternoon",0,0.12,39,0,9.03999999999997
8380,380,"Thompson Sampling","Ad_B","Mobile","Afternoon",0,0.08,39,0.04,9.07999999999997
8381,381,"Thompson Sampling","Ad_C","Tablet","Afternoon",0,0.12,39,0,9.07999999999997
8382,382,"Thompson Sampling","Ad_A","Desktop","Morning",0,0.05,39,0.07,9.14999999999997
8383,383,"Thompson Sampling","Ad_D","Desktop","Morning",0,0.1,39,0.02,9.16999999999997
8384,384,"Thompson Sampling","Ad_C","Mobile","Evening",0,0.12,39,0,9.16999999999997
8385,385,"Thompson Sampling","Ad_D","Tablet","Morning",0,0.1,39,0.02,9.18999999999997
8386,386,"Thompson Sampling","Ad_C","Desktop","Morning",0,0.12,39,0,9.18999999999997
8387,387,"Thompson Sampling","Ad_C","Tablet","Morning",1,0.12,40,0,9.18999999999997
8388,388,"Thompson Sampling","Ad_D","Tablet","Afternoon",0,0.1,40,0.02,9.20999999999997
8389,389,"Thompson Sampling","Ad_C","Tablet","Evening",0,0.12,40,0,9.20999999999997
8390,390,"Thompson Sampling","Ad_C","Desktop","Evening",0,0.12,40,0,9.20999999999997
8391,391,"Thompson Sampling","Ad_A","Tablet","Afternoon",0,0.05,40,0.07,9.27999999999997
8392,392,"Thompson Sampling","Ad_C","Mobile","Evening",0,0.12,40,0,9.27999999999997
8393,393,"Thompson Sampling","Ad_C","Desktop","Afternoon",0,0.12,40,0,9.27999999999997
8394,394,"Thompson Sampling","Ad_C","Mobile","Afternoon",0,0.12,40,0,9.27999999999997
8395,395,"Thompson Sampling","Ad_C","Tablet","Evening",0,0.12,40,0,9.27999999999997
8396,396,"Thompson Sampling","Ad_A","Mobile","Afternoon",0,0.05,40,0.07,9.34999999999997
8397,397,"Thompson Sampling","Ad_D","Desktop","Morning",0,0.1,40,0.02,9.36999999999997
8398,398,"Thompson Sampling","Ad_C","Desktop","Afternoon",0,0.12,40,0,9.36999999999997
8399,399,"Thompson Sampling","Ad_C","Desktop","Morning",0,0.12,40,0,9.36999999999997
8400,400,"Thompson Sampling","Ad_C","Desktop","Morning",0,0.12,40,0,9.36999999999997
8401,401,"Thompson Sampling","Ad_D","Tablet","Afternoon",0,0.1,40,0.02,9.38999999999997
8402,402,"Thompson Sampling","Ad_C","Desktop","Afternoon",0,0.12,40,0,9.38999999999997
8403,403,"Thompson Sampling","Ad_B","Tablet","Afternoon",0,0.08,40,0.04,9.42999999999997
8404,404,"Thompson Sampling","Ad_C","Desktop","Morning",0,0.12,40,0,9.42999999999997
8405,405,"Thompson Sampling","Ad_D","Tablet","Morning",1,0.1,41,0.02,9.44999999999997
8406,406,"Thompson Sampling","Ad_C","Desktop","Afternoon",0,0.12,41,0,9.44999999999997
8407,407,"Thompson Sampling","Ad_B","Desktop","Evening",0,0.08,41,0.04,9.48999999999997
8408,408,"Thompson Sampling","Ad_D","Tablet","Morning",0,0.1,41,0.02,9.50999999999997
8409,409,"Thompson Sampling","Ad_C","Tablet","Evening",0,0.12,41,0,9.50999999999997
8410,410,"Thompson Sampling","Ad_A","Desktop","Evening",0,0.05,41,0.07,9.57999999999997
8411,411,"Thompson Sampling","Ad_C","Tablet","Evening",0,0.12,41,0,9.57999999999997
8412,412,"Thompson Sampling","Ad_C","Tablet","Evening",0,0.12,41,0,9.57999999999997
8413,413,"Thompson Sampling","Ad_D","Mobile","Afternoon",0,0.1,41,0.02,9.59999999999997
8414,414,"Thompson Sampling","Ad_C","Mobile","Afternoon",0,0.12,41,0,9.59999999999997
8415,415,"Thompson Sampling","Ad_B","Tablet","Evening",0,0.08,41,0.04,9.63999999999997
8416,416,"Thompson Sampling","Ad_C","Mobile","Morning",0,0.12,41,0,9.63999999999997
8417,417,"Thompson Sampling","Ad_D","Desktop","Morning",0,0.1,41,0.02,9.65999999999997
8418,418,"Thompson Sampling","Ad_D","Mobile","Evening",1,0.1,42,0.02,9.67999999999997
8419,419,"Thompson Sampling","Ad_A","Mobile","Morning",0,0.05,42,0.07,9.74999999999997
8420,420,"Thompson Sampling","Ad_D","Mobile","Afternoon",0,0.1,42,0.02,9.76999999999997
8421,421,"Thompson Sampling","Ad_C","Desktop","Morning",0,0.12,42,0,9.76999999999997
8422,422,"Thompson Sampling","Ad_C","Mobile","Evening",0,0.12,42,0,9.76999999999997
8423,423,"Thompson Sampling","Ad_C","Desktop","Evening",0,0.12,42,0,9.76999999999997
8424,424,"Thompson Sampling","Ad_D","Desktop","Afternoon",1,0.1,43,0.02,9.78999999999997
8425,425,"Thompson Sampling","Ad_C","Desktop","Morning",0,0.12,43,0,9.78999999999997
8426,426,"Thompson Sampling","Ad_D","Desktop","Evening",0,0.1,43,0.02,9.80999999999997
8427,427,"Thompson Sampling","Ad_C","Mobile","Evening",0,0.12,43,0,9.80999999999997
8428,428,"Thompson Sampling","Ad_C","Tablet","Evening",0,0.12,43,0,9.80999999999997
8429,429,"Thompson Sampling","Ad_B","Mobile","Morning",0,0.08,43,0.04,9.84999999999997
8430,430,"Thompson Sampling","Ad_D","Tablet","Morning",0,0.1,43,0.02,9.86999999999997
8431,431,"Thompson Sampling","Ad_C","Mobile","Evening",0,0.12,43,0,9.86999999999997
8432,432,"Thompson Sampling","Ad_C","Mobile","Evening",0,0.12,43,0,9.86999999999997
8433,433,"Thompson Sampling","Ad_D","Tablet","Morning",1,0.1,44,0.02,9.88999999999997
8434,434,"Thompson Sampling","Ad_C","Tablet","Afternoon",0,0.12,44,0,9.88999999999997
8435,435,"Thompson Sampling","Ad_D","Desktop","Morning",0,0.1,44,0.02,9.90999999999996
8436,436,"Thompson Sampling","Ad_C","Mobile","Afternoon",0,0.12,44,0,9.90999999999996
8437,437,"Thompson Sampling","Ad_C","Desktop","Evening",0,0.12,44,0,9.90999999999996
8438,438,"Thompson Sampling","Ad_D","Desktop","Evening",0,0.1,44,0.02,9.92999999999996
8439,439,"Thompson Sampling","Ad_D","Mobile","Morning",0,0.1,44,0.02,9.94999999999996
8440,440,"Thompson Sampling","Ad_D","Mobile","Morning",0,0.1,44,0.02,9.96999999999996
8441,441,"Thompson Sampling","Ad_C","Tablet","Afternoon",0,0.12,44,0,9.96999999999996
8442,442,"Thompson Sampling","Ad_D","Tablet","Afternoon",0,0.1,44,0.02,9.98999999999996
8443,443,"Thompson Sampling","Ad_C","Desktop","Afternoon",0,0.12,44,0,9.98999999999996
8444,444,"Thompson Sampling","Ad_D","Tablet","Morning",1,0.1,45,0.02,10.01
8445,445,"Thompson Sampling","Ad_D","Mobile","Morning",0,0.1,45,0.02,10.03
8446,446,"Thompson Sampling","Ad_C","Tablet","Afternoon",0,0.12,45,0,10.03
8447,447,"Thompson Sampling","Ad_D","Tablet","Morning",0,0.1,45,0.02,10.05
8448,448,"Thompson Sampling","Ad_C","Mobile","Afternoon",0,0.12,45,0,10.05
8449,449,"Thompson Sampling","Ad_D","Mobile","Morning",0,0.1,45,0.02,10.07
8450,450,"Thompson Sampling","Ad_D","Desktop","Evening",1,0.1,46,0.02,10.09
8451,451,"Thompson Sampling","Ad_B","Tablet","Evening",0,0.08,46,0.04,10.13
8452,452,"Thompson Sampling","Ad_A","Mobile","Evening",0,0.05,46,0.07,10.2
8453,453,"Thompson Sampling","Ad_D","Desktop","Afternoon",0,0.1,46,0.02,10.22
8454,454,"Thompson Sampling","Ad_A","Desktop","Afternoon",0,0.05,46,0.07,10.29
8455,455,"Thompson Sampling","Ad_C","Tablet","Afternoon",0,0.12,46,0,10.29
8456,456,"Thompson Sampling","Ad_D","Desktop","Afternoon",0,0.1,46,0.02,10.31
8457,457,"Thompson Sampling","Ad_D","Tablet","Afternoon",0,0.1,46,0.02,10.33
8458,458,"Thompson Sampling","Ad_C","Desktop","Evening",0,0.12,46,0,10.33
8459,459,"Thompson Sampling","Ad_C","Mobile","Afternoon",0,0.12,46,0,10.33
8460,460,"Thompson Sampling","Ad_D","Desktop","Morning",0,0.1,46,0.02,10.35
8461,461,"Thompson Sampling","Ad_A","Mobile","Afternoon",0,0.05,46,0.07,10.42
8462,462,"Thompson Sampling","Ad_D","Mobile","Afternoon",0,0.1,46,0.02,10.44
8463,463,"Thompson Sampling","Ad_C","Desktop","Morning",1,0.12,47,0,10.44
8464,464,"Thompson Sampling","Ad_D","Mobile","Afternoon",0,0.1,47,0.02,10.46
8465,465,"Thompson Sampling","Ad_D","Mobile","Evening",0,0.1,47,0.02,10.48
8466,466,"Thompson Sampling","Ad_D","Desktop","Morning",0,0.1,47,0.02,10.5
8467,467,"Thompson Sampling","Ad_D","Mobile","Afternoon",0,0.1,47,0.02,10.52
8468,468,"Thompson Sampling","Ad_D","Mobile","Morning",0,0.1,47,0.02,10.54
8469,469,"Thompson Sampling","Ad_A","Mobile","Morning",0,0.05,47,0.07,10.61
8470,470,"Thompson Sampling","Ad_D","Desktop","Afternoon",0,0.1,47,0.02,10.63
8471,471,"Thompson Sampling","Ad_C","Tablet","Evening",0,0.12,47,0,10.63
8472,472,"Thompson Sampling","Ad_D","Mobile","Evening",0,0.1,47,0.02,10.65
8473,473,"Thompson Sampling","Ad_D","Mobile","Afternoon",0,0.1,47,0.02,10.67
8474,474,"Thompson Sampling","Ad_B","Mobile","Afternoon",0,0.08,47,0.04,10.71
8475,475,"Thompson Sampling","Ad_D","Mobile","Afternoon",0,0.1,47,0.02,10.73
8476,476,"Thompson Sampling","Ad_C","Tablet","Morning",0,0.12,47,0,10.73
8477,477,"Thompson Sampling","Ad_D","Mobile","Morning",0,0.1,47,0.02,10.75
8478,478,"Thompson Sampling","Ad_D","Mobile","Evening",1,0.1,48,0.02,10.77
8479,479,"Thompson Sampling","Ad_C","Mobile","Evening",0,0.12,48,0,10.77
8480,480,"Thompson Sampling","Ad_D","Tablet","Afternoon",0,0.1,48,0.02,10.79
8481,481,"Thompson Sampling","Ad_C","Tablet","Evening",0,0.12,48,0,10.79
8482,482,"Thompson Sampling","Ad_C","Desktop","Evening",0,0.12,48,0,10.79
8483,483,"Thompson Sampling","Ad_C","Mobile","Afternoon",0,0.12,48,0,10.79
8484,484,"Thompson Sampling","Ad_D","Tablet","Morning",0,0.1,48,0.02,10.81
8485,485,"Thompson Sampling","Ad_B","Tablet","Evening",0,0.08,48,0.04,10.85
8486,486,"Thompson Sampling","Ad_D","Mobile","Afternoon",0,0.1,48,0.02,10.87
8487,487,"Thompson Sampling","Ad_D","Tablet","Evening",0,0.1,48,0.02,10.89
8488,488,"Thompson Sampling","Ad_D","Mobile","Afternoon",0,0.1,48,0.02,10.91
8489,489,"Thompson Sampling","Ad_D","Mobile","Morning",0,0.1,48,0.02,10.9299999999999
8490,490,"Thompson Sampling","Ad_D","Mobile","Afternoon",1,0.1,49,0.02,10.9499999999999
8491,491,"Thompson Sampling","Ad_D","Tablet","Morning",0,0.1,49,0.02,10.9699999999999
8492,492,"Thompson Sampling","Ad_D","Tablet","Evening",0,0.1,49,0.02,10.9899999999999
8493,493,"Thompson Sampling","Ad_C","Desktop","Afternoon",0,0.12,49,0,10.9899999999999
8494,494,"Thompson Sampling","Ad_D","Tablet","Morning",0,0.1,49,0.02,11.0099999999999
8495,495,"Thompson Sampling","Ad_C","Mobile","Morning",0,0.12,49,0,11.0099999999999
8496,496,"Thompson Sampling","Ad_C","Tablet","Evening",0,0.12,49,0,11.0099999999999
8497,497,"Thompson Sampling","Ad_D","Mobile","Evening",0,0.1,49,0.02,11.0299999999999
8498,498,"Thompson Sampling","Ad_C","Tablet","Evening",1,0.12,50,0,11.0299999999999
8499,499,"Thompson Sampling","Ad_D","Tablet","Afternoon",1,0.1,51,0.02,11.0499999999999
8500,500,"Thompson Sampling","Ad_C","Desktop","Afternoon",0,0.12,51,0,11.0499999999999
8501,501,"Thompson Sampling","Ad_D","Tablet","Morning",0,0.1,51,0.02,11.0699999999999
8502,502,"Thompson Sampling","Ad_C","Desktop","Morning",0,0.12,51,0,11.0699999999999
8503,503,"Thompson Sampling","Ad_C","Tablet","Evening",0,0.12,51,0,11.0699999999999
8504,504,"Thompson Sampling","Ad_D","Mobile","Afternoon",0,0.1,51,0.02,11.0899999999999
8505,505,"Thompson Sampling","Ad_D","Tablet","Evening",0,0.1,51,0.02,11.1099999999999
8506,506,"Thompson Sampling","Ad_D","Desktop","Morning",1,0.1,52,0.02,11.1299999999999
8507,507,"Thompson Sampling","Ad_D","Tablet","Evening",0,0.1,52,0.02,11.1499999999999
8508,508,"Thompson Sampling","Ad_C","Mobile","Afternoon",0,0.12,52,0,11.1499999999999
8509,509,"Thompson Sampling","Ad_C","Tablet","Evening",0,0.12,52,0,11.1499999999999
8510,510,"Thompson Sampling","Ad_D","Tablet","Afternoon",1,0.1,53,0.02,11.1699999999999
8511,511,"Thompson Sampling","Ad_C","Mobile","Morning",0,0.12,53,0,11.1699999999999
8512,512,"Thompson Sampling","Ad_D","Tablet","Afternoon",0,0.1,53,0.02,11.1899999999999
8513,513,"Thompson Sampling","Ad_D","Tablet","Morning",0,0.1,53,0.02,11.2099999999999
8514,514,"Thompson Sampling","Ad_D","Desktop","Evening",0,0.1,53,0.02,11.2299999999999
8515,515,"Thompson Sampling","Ad_D","Desktop","Morning",0,0.1,53,0.02,11.2499999999999
8516,516,"Thompson Sampling","Ad_D","Tablet","Morning",1,0.1,54,0.02,11.2699999999999
8517,517,"Thompson Sampling","Ad_D","Desktop","Afternoon",0,0.1,54,0.02,11.2899999999999
8518,518,"Thompson Sampling","Ad_D","Mobile","Afternoon",0,0.1,54,0.02,11.3099999999999
8519,519,"Thompson Sampling","Ad_C","Tablet","Afternoon",0,0.12,54,0,11.3099999999999
8520,520,"Thompson Sampling","Ad_D","Tablet","Evening",0,0.1,54,0.02,11.3299999999999
8521,521,"Thompson Sampling","Ad_D","Mobile","Evening",0,0.1,54,0.02,11.3499999999999
8522,522,"Thompson Sampling","Ad_D","Mobile","Morning",0,0.1,54,0.02,11.3699999999999
8523,523,"Thompson Sampling","Ad_C","Tablet","Evening",0,0.12,54,0,11.3699999999999
8524,524,"Thompson Sampling","Ad_D","Tablet","Afternoon",0,0.1,54,0.02,11.3899999999999
8525,525,"Thompson Sampling","Ad_D","Tablet","Evening",0,0.1,54,0.02,11.4099999999999
8526,526,"Thompson Sampling","Ad_D","Tablet","Afternoon",0,0.1,54,0.02,11.4299999999999
8527,527,"Thompson Sampling","Ad_A","Mobile","Afternoon",0,0.05,54,0.07,11.4999999999999
8528,528,"Thompson Sampling","Ad_D","Mobile","Morning",0,0.1,54,0.02,11.5199999999999
8529,529,"Thompson Sampling","Ad_D","Desktop","Afternoon",0,0.1,54,0.02,11.5399999999999
8530,530,"Thompson Sampling","Ad_D","Desktop","Evening",0,0.1,54,0.02,11.5599999999999
8531,531,"Thompson Sampling","Ad_D","Mobile","Morning",0,0.1,54,0.02,11.5799999999999
8532,532,"Thompson Sampling","Ad_D","Mobile","Morning",0,0.1,54,0.02,11.5999999999999
8533,533,"Thompson Sampling","Ad_D","Desktop","Evening",0,0.1,54,0.02,11.6199999999999
8534,534,"Thompson Sampling","Ad_D","Desktop","Evening",1,0.1,55,0.02,11.6399999999999
8535,535,"Thompson Sampling","Ad_D","Tablet","Evening",0,0.1,55,0.02,11.6599999999999
8536,536,"Thompson Sampling","Ad_D","Tablet","Afternoon",0,0.1,55,0.02,11.6799999999999
8537,537,"Thompson Sampling","Ad_C","Desktop","Morning",0,0.12,55,0,11.6799999999999
8538,538,"Thompson Sampling","Ad_B","Tablet","Evening",0,0.08,55,0.04,11.7199999999999
8539,539,"Thompson Sampling","Ad_D","Mobile","Afternoon",0,0.1,55,0.02,11.7399999999999
8540,540,"Thompson Sampling","Ad_C","Mobile","Evening",0,0.12,55,0,11.7399999999999
8541,541,"Thompson Sampling","Ad_D","Tablet","Morning",0,0.1,55,0.02,11.7599999999999
8542,542,"Thompson Sampling","Ad_C","Tablet","Afternoon",0,0.12,55,0,11.7599999999999
8543,543,"Thompson Sampling","Ad_D","Desktop","Afternoon",0,0.1,55,0.02,11.7799999999999
8544,544,"Thompson Sampling","Ad_C","Desktop","Evening",0,0.12,55,0,11.7799999999999
8545,545,"Thompson Sampling","Ad_D","Desktop","Evening",1,0.1,56,0.02,11.7999999999999
8546,546,"Thompson Sampling","Ad_D","Mobile","Evening",1,0.1,57,0.02,11.8199999999999
8547,547,"Thompson Sampling","Ad_D","Tablet","Afternoon",0,0.1,57,0.02,11.8399999999999
8548,548,"Thompson Sampling","Ad_D","Mobile","Evening",0,0.1,57,0.02,11.8599999999999
8549,549,"Thompson Sampling","Ad_D","Desktop","Evening",0,0.1,57,0.02,11.8799999999999
8550,550,"Thompson Sampling","Ad_D","Desktop","Afternoon",0,0.1,57,0.02,11.8999999999999
8551,551,"Thompson Sampling","Ad_D","Mobile","Morning",0,0.1,57,0.02,11.9199999999999
8552,552,"Thompson Sampling","Ad_D","Tablet","Morning",0,0.1,57,0.02,11.9399999999999
8553,553,"Thompson Sampling","Ad_D","Mobile","Afternoon",0,0.1,57,0.02,11.9599999999999
8554,554,"Thompson Sampling","Ad_D","Desktop","Morning",0,0.1,57,0.02,11.9799999999999
8555,555,"Thompson Sampling","Ad_C","Desktop","Afternoon",0,0.12,57,0,11.9799999999999
8556,556,"Thompson Sampling","Ad_D","Mobile","Evening",0,0.1,57,0.02,11.9999999999999
8557,557,"Thompson Sampling","Ad_D","Tablet","Evening",0,0.1,57,0.02,12.0199999999999
8558,558,"Thompson Sampling","Ad_D","Tablet","Afternoon",0,0.1,57,0.02,12.0399999999999
8559,559,"Thompson Sampling","Ad_C","Desktop","Evening",0,0.12,57,0,12.0399999999999
8560,560,"Thompson Sampling","Ad_A","Tablet","Morning",0,0.05,57,0.07,12.1099999999999
8561,561,"Thompson Sampling","Ad_A","Tablet","Afternoon",0,0.05,57,0.07,12.1799999999999
8562,562,"Thompson Sampling","Ad_B","Desktop","Morning",0,0.08,57,0.04,12.2199999999999
8563,563,"Thompson Sampling","Ad_D","Tablet","Evening",0,0.1,57,0.02,12.2399999999999
8564,564,"Thompson Sampling","Ad_D","Desktop","Evening",0,0.1,57,0.02,12.2599999999999
8565,565,"Thompson Sampling","Ad_D","Tablet","Afternoon",0,0.1,57,0.02,12.2799999999999
8566,566,"Thompson Sampling","Ad_D","Tablet","Morning",0,0.1,57,0.02,12.2999999999999
8567,567,"Thompson Sampling","Ad_C","Tablet","Evening",0,0.12,57,0,12.2999999999999
8568,568,"Thompson Sampling","Ad_C","Desktop","Evening",1,0.12,58,0,12.2999999999999
8569,569,"Thompson Sampling","Ad_D","Tablet","Morning",0,0.1,58,0.02,12.3199999999999
8570,570,"Thompson Sampling","Ad_D","Tablet","Afternoon",0,0.1,58,0.02,12.3399999999999
8571,571,"Thompson Sampling","Ad_D","Desktop","Morning",0,0.1,58,0.02,12.3599999999999
8572,572,"Thompson Sampling","Ad_C","Tablet","Evening",0,0.12,58,0,12.3599999999999
8573,573,"Thompson Sampling","Ad_A","Tablet","Evening",0,0.05,58,0.07,12.4299999999999
8574,574,"Thompson Sampling","Ad_D","Desktop","Morning",0,0.1,58,0.02,12.4499999999999
8575,575,"Thompson Sampling","Ad_C","Mobile","Afternoon",0,0.12,58,0,12.4499999999999
8576,576,"Thompson Sampling","Ad_D","Mobile","Morning",0,0.1,58,0.02,12.4699999999999
8577,577,"Thompson Sampling","Ad_D","Desktop","Afternoon",0,0.1,58,0.02,12.4899999999999
8578,578,"Thompson Sampling","Ad_C","Tablet","Evening",0,0.12,58,0,12.4899999999999
8579,579,"Thompson Sampling","Ad_D","Desktop","Evening",0,0.1,58,0.02,12.5099999999999
8580,580,"Thompson Sampling","Ad_D","Mobile","Afternoon",0,0.1,58,0.02,12.5299999999999
8581,581,"Thompson Sampling","Ad_D","Desktop","Afternoon",0,0.1,58,0.02,12.5499999999999
8582,582,"Thompson Sampling","Ad_C","Mobile","Afternoon",1,0.12,59,0,12.5499999999999
8583,583,"Thompson Sampling","Ad_C","Desktop","Evening",0,0.12,59,0,12.5499999999999
8584,584,"Thompson Sampling","Ad_C","Tablet","Evening",0,0.12,59,0,12.5499999999999
8585,585,"Thompson Sampling","Ad_C","Tablet","Evening",0,0.12,59,0,12.5499999999999
8586,586,"Thompson Sampling","Ad_D","Mobile","Afternoon",0,0.1,59,0.02,12.5699999999999
8587,587,"Thompson Sampling","Ad_A","Tablet","Afternoon",0,0.05,59,0.07,12.6399999999999
8588,588,"Thompson Sampling","Ad_C","Tablet","Morning",0,0.12,59,0,12.6399999999999
8589,589,"Thompson Sampling","Ad_C","Mobile","Morning",0,0.12,59,0,12.6399999999999
8590,590,"Thompson Sampling","Ad_D","Desktop","Morning",0,0.1,59,0.02,12.6599999999999
8591,591,"Thompson Sampling","Ad_D","Mobile","Evening",1,0.1,60,0.02,12.6799999999999
8592,592,"Thompson Sampling","Ad_D","Desktop","Evening",0,0.1,60,0.02,12.6999999999999
8593,593,"Thompson Sampling","Ad_D","Mobile","Morning",0,0.1,60,0.02,12.7199999999999
8594,594,"Thompson Sampling","Ad_D","Tablet","Evening",0,0.1,60,0.02,12.7399999999999
8595,595,"Thompson Sampling","Ad_C","Desktop","Morning",0,0.12,60,0,12.7399999999999
8596,596,"Thompson Sampling","Ad_D","Tablet","Evening",0,0.1,60,0.02,12.7599999999999
8597,597,"Thompson Sampling","Ad_D","Mobile","Afternoon",0,0.1,60,0.02,12.7799999999999
8598,598,"Thompson Sampling","Ad_D","Mobile","Morning",0,0.1,60,0.02,12.7999999999999
8599,599,"Thompson Sampling","Ad_D","Desktop","Afternoon",0,0.1,60,0.02,12.8199999999999
8600,600,"Thompson Sampling","Ad_D","Tablet","Afternoon",0,0.1,60,0.02,12.8399999999999
8601,601,"Thompson Sampling","Ad_C","Mobile","Evening",0,0.12,60,0,12.8399999999999
8602,602,"Thompson Sampling","Ad_D","Tablet","Evening",0,0.1,60,0.02,12.8599999999999
8603,603,"Thompson Sampling","Ad_D","Mobile","Afternoon",0,0.1,60,0.02,12.8799999999999
8604,604,"Thompson Sampling","Ad_C","Mobile","Afternoon",0,0.12,60,0,12.8799999999999
8605,605,"Thompson Sampling","Ad_D","Desktop","Afternoon",0,0.1,60,0.02,12.8999999999999
8606,606,"Thompson Sampling","Ad_D","Mobile","Evening",0,0.1,60,0.02,12.9199999999999
8607,607,"Thompson Sampling","Ad_C","Tablet","Evening",0,0.12,60,0,12.9199999999999
8608,608,"Thompson Sampling","Ad_C","Desktop","Morning",0,0.12,60,0,12.9199999999999
8609,609,"Thompson Sampling","Ad_A","Tablet","Afternoon",0,0.05,60,0.07,12.9899999999999
8610,610,"Thompson Sampling","Ad_B","Desktop","Morning",0,0.08,60,0.04,13.0299999999999
8611,611,"Thompson Sampling","Ad_D","Tablet","Afternoon",0,0.1,60,0.02,13.0499999999999
8612,612,"Thompson Sampling","Ad_D","Tablet","Evening",0,0.1,60,0.02,13.0699999999999
8613,613,"Thompson Sampling","Ad_D","Mobile","Morning",0,0.1,60,0.02,13.0899999999999
8614,614,"Thompson Sampling","Ad_D","Desktop","Afternoon",0,0.1,60,0.02,13.1099999999999
8615,615,"Thompson Sampling","Ad_C","Mobile","Afternoon",0,0.12,60,0,13.1099999999999
8616,616,"Thompson Sampling","Ad_C","Mobile","Evening",0,0.12,60,0,13.1099999999999
8617,617,"Thompson Sampling","Ad_D","Tablet","Morning",1,0.1,61,0.02,13.1299999999999
8618,618,"Thompson Sampling","Ad_D","Tablet","Morning",0,0.1,61,0.02,13.1499999999999
8619,619,"Thompson Sampling","Ad_A","Tablet","Evening",1,0.05,62,0.07,13.2199999999999
8620,620,"Thompson Sampling","Ad_B","Mobile","Evening",0,0.08,62,0.04,13.2599999999999
8621,621,"Thompson Sampling","Ad_D","Desktop","Afternoon",0,0.1,62,0.02,13.2799999999999
8622,622,"Thompson Sampling","Ad_D","Tablet","Evening",0,0.1,62,0.02,13.2999999999999
8623,623,"Thompson Sampling","Ad_D","Tablet","Morning",0,0.1,62,0.02,13.3199999999999
8624,624,"Thompson Sampling","Ad_D","Desktop","Afternoon",0,0.1,62,0.02,13.3399999999999
8625,625,"Thompson Sampling","Ad_D","Mobile","Evening",0,0.1,62,0.02,13.3599999999999
8626,626,"Thompson Sampling","Ad_B","Tablet","Afternoon",0,0.08,62,0.04,13.3999999999999
8627,627,"Thompson Sampling","Ad_B","Desktop","Morning",0,0.08,62,0.04,13.4399999999999
8628,628,"Thompson Sampling","Ad_D","Mobile","Afternoon",0,0.1,62,0.02,13.4599999999999
8629,629,"Thompson Sampling","Ad_D","Desktop","Afternoon",0,0.1,62,0.02,13.4799999999999
8630,630,"Thompson Sampling","Ad_D","Tablet","Afternoon",0,0.1,62,0.02,13.4999999999999
8631,631,"Thompson Sampling","Ad_D","Mobile","Evening",0,0.1,62,0.02,13.5199999999999
8632,632,"Thompson Sampling","Ad_D","Tablet","Morning",0,0.1,62,0.02,13.5399999999999
8633,633,"Thompson Sampling","Ad_C","Mobile","Evening",0,0.12,62,0,13.5399999999999
8634,634,"Thompson Sampling","Ad_D","Mobile","Morning",0,0.1,62,0.02,13.5599999999999
8635,635,"Thompson Sampling","Ad_C","Desktop","Morning",0,0.12,62,0,13.5599999999999
8636,636,"Thompson Sampling","Ad_C","Tablet","Morning",0,0.12,62,0,13.5599999999999
8637,637,"Thompson Sampling","Ad_C","Mobile","Afternoon",0,0.12,62,0,13.5599999999999
8638,638,"Thompson Sampling","Ad_D","Mobile","Evening",0,0.1,62,0.02,13.5799999999999
8639,639,"Thompson Sampling","Ad_D","Tablet","Evening",0,0.1,62,0.02,13.5999999999999
8640,640,"Thompson Sampling","Ad_C","Mobile","Morning",0,0.12,62,0,13.5999999999999
8641,641,"Thompson Sampling","Ad_C","Desktop","Afternoon",0,0.12,62,0,13.5999999999999
8642,642,"Thompson Sampling","Ad_C","Tablet","Morning",0,0.12,62,0,13.5999999999999
8643,643,"Thompson Sampling","Ad_D","Mobile","Morning",0,0.1,62,0.02,13.6199999999999
8644,644,"Thompson Sampling","Ad_C","Desktop","Morning",0,0.12,62,0,13.6199999999999
8645,645,"Thompson Sampling","Ad_D","Mobile","Evening",0,0.1,62,0.02,13.6399999999999
8646,646,"Thompson Sampling","Ad_D","Tablet","Morning",1,0.1,63,0.02,13.6599999999999
8647,647,"Thompson Sampling","Ad_D","Tablet","Afternoon",0,0.1,63,0.02,13.6799999999999
8648,648,"Thompson Sampling","Ad_D","Desktop","Afternoon",1,0.1,64,0.02,13.6999999999999
8649,649,"Thompson Sampling","Ad_D","Desktop","Afternoon",0,0.1,64,0.02,13.7199999999999
8650,650,"Thompson Sampling","Ad_C","Tablet","Morning",0,0.12,64,0,13.7199999999999
8651,651,"Thompson Sampling","Ad_D","Desktop","Evening",0,0.1,64,0.02,13.7399999999999
8652,652,"Thompson Sampling","Ad_B","Desktop","Evening",0,0.08,64,0.04,13.7799999999999
8653,653,"Thompson Sampling","Ad_C","Desktop","Morning",0,0.12,64,0,13.7799999999999
8654,654,"Thompson Sampling","Ad_C","Mobile","Morning",0,0.12,64,0,13.7799999999999
8655,655,"Thompson Sampling","Ad_C","Tablet","Evening",0,0.12,64,0,13.7799999999999
8656,656,"Thompson Sampling","Ad_D","Mobile","Evening",0,0.1,64,0.02,13.7999999999999
8657,657,"Thompson Sampling","Ad_C","Mobile","Afternoon",0,0.12,64,0,13.7999999999999
8658,658,"Thompson Sampling","Ad_D","Desktop","Morning",0,0.1,64,0.02,13.8199999999999
8659,659,"Thompson Sampling","Ad_A","Tablet","Afternoon",0,0.05,64,0.07,13.8899999999999
8660,660,"Thompson Sampling","Ad_C","Mobile","Morning",0,0.12,64,0,13.8899999999999
8661,661,"Thompson Sampling","Ad_D","Desktop","Evening",0,0.1,64,0.02,13.9099999999999
8662,662,"Thompson Sampling","Ad_D","Tablet","Evening",0,0.1,64,0.02,13.9299999999999
8663,663,"Thompson Sampling","Ad_D","Mobile","Evening",0,0.1,64,0.02,13.9499999999999
8664,664,"Thompson Sampling","Ad_D","Desktop","Afternoon",0,0.1,64,0.02,13.9699999999999
8665,665,"Thompson Sampling","Ad_D","Tablet","Evening",0,0.1,64,0.02,13.9899999999999
8666,666,"Thompson Sampling","Ad_D","Tablet","Afternoon",0,0.1,64,0.02,14.0099999999999
8667,667,"Thompson Sampling","Ad_D","Desktop","Afternoon",0,0.1,64,0.02,14.0299999999999
8668,668,"Thompson Sampling","Ad_D","Mobile","Morning",0,0.1,64,0.02,14.0499999999999
8669,669,"Thompson Sampling","Ad_D","Tablet","Evening",1,0.1,65,0.02,14.0699999999999
8670,670,"Thompson Sampling","Ad_C","Tablet","Afternoon",0,0.12,65,0,14.0699999999999
8671,671,"Thompson Sampling","Ad_C","Mobile","Morning",0,0.12,65,0,14.0699999999999
8672,672,"Thompson Sampling","Ad_C","Tablet","Evening",0,0.12,65,0,14.0699999999999
8673,673,"Thompson Sampling","Ad_D","Mobile","Afternoon",0,0.1,65,0.02,14.0899999999999
8674,674,"Thompson Sampling","Ad_D","Desktop","Morning",0,0.1,65,0.02,14.1099999999999
8675,675,"Thompson Sampling","Ad_A","Mobile","Evening",0,0.05,65,0.07,14.1799999999999
8676,676,"Thompson Sampling","Ad_A","Mobile","Morning",0,0.05,65,0.07,14.2499999999999
8677,677,"Thompson Sampling","Ad_D","Desktop","Morning",0,0.1,65,0.02,14.2699999999999
8678,678,"Thompson Sampling","Ad_D","Mobile","Morning",0,0.1,65,0.02,14.2899999999999
8679,679,"Thompson Sampling","Ad_D","Mobile","Afternoon",0,0.1,65,0.02,14.3099999999999
8680,680,"Thompson Sampling","Ad_D","Mobile","Morning",0,0.1,65,0.02,14.3299999999999
8681,681,"Thompson Sampling","Ad_D","Desktop","Evening",0,0.1,65,0.02,14.3499999999999
8682,682,"Thompson Sampling","Ad_C","Desktop","Morning",0,0.12,65,0,14.3499999999999
8683,683,"Thompson Sampling","Ad_B","Mobile","Afternoon",0,0.08,65,0.04,14.3899999999999
8684,684,"Thompson Sampling","Ad_D","Desktop","Evening",0,0.1,65,0.02,14.4099999999999
8685,685,"Thompson Sampling","Ad_D","Tablet","Evening",0,0.1,65,0.02,14.4299999999999
8686,686,"Thompson Sampling","Ad_D","Desktop","Afternoon",0,0.1,65,0.02,14.4499999999999
8687,687,"Thompson Sampling","Ad_B","Tablet","Morning",0,0.08,65,0.04,14.4899999999999
8688,688,"Thompson Sampling","Ad_C","Mobile","Morning",0,0.12,65,0,14.4899999999999
8689,689,"Thompson Sampling","Ad_D","Desktop","Evening",1,0.1,66,0.02,14.5099999999999
8690,690,"Thompson Sampling","Ad_D","Tablet","Morning",1,0.1,67,0.02,14.5299999999999
8691,691,"Thompson Sampling","Ad_D","Desktop","Morning",0,0.1,67,0.02,14.5499999999999
8692,692,"Thompson Sampling","Ad_D","Mobile","Evening",0,0.1,67,0.02,14.5699999999999
8693,693,"Thompson Sampling","Ad_A","Desktop","Afternoon",0,0.05,67,0.07,14.6399999999999
8694,694,"Thompson Sampling","Ad_B","Desktop","Evening",0,0.08,67,0.04,14.6799999999999
8695,695,"Thompson Sampling","Ad_C","Tablet","Afternoon",0,0.12,67,0,14.6799999999999
8696,696,"Thompson Sampling","Ad_D","Desktop","Morning",0,0.1,67,0.02,14.6999999999999
8697,697,"Thompson Sampling","Ad_B","Mobile","Afternoon",0,0.08,67,0.04,14.7399999999999
8698,698,"Thompson Sampling","Ad_D","Tablet","Morning",0,0.1,67,0.02,14.7599999999999
8699,699,"Thompson Sampling","Ad_D","Desktop","Afternoon",0,0.1,67,0.02,14.7799999999999
8700,700,"Thompson Sampling","Ad_D","Desktop","Morning",0,0.1,67,0.02,14.7999999999999
8701,701,"Thompson Sampling","Ad_D","Mobile","Afternoon",0,0.1,67,0.02,14.8199999999999
8702,702,"Thompson Sampling","Ad_C","Desktop","Evening",0,0.12,67,0,14.8199999999999
8703,703,"Thompson Sampling","Ad_D","Tablet","Morning",0,0.1,67,0.02,14.8399999999999
8704,704,"Thompson Sampling","Ad_D","Tablet","Morning",0,0.1,67,0.02,14.8599999999999
8705,705,"Thompson Sampling","Ad_C","Tablet","Afternoon",0,0.12,67,0,14.8599999999999
8706,706,"Thompson Sampling","Ad_D","Tablet","Afternoon",0,0.1,67,0.02,14.8799999999999
8707,707,"Thompson Sampling","Ad_C","Mobile","Evening",0,0.12,67,0,14.8799999999999
8708,708,"Thompson Sampling","Ad_C","Mobile","Morning",0,0.12,67,0,14.8799999999999
8709,709,"Thompson Sampling","Ad_D","Tablet","Afternoon",0,0.1,67,0.02,14.8999999999999
8710,710,"Thompson Sampling","Ad_D","Tablet","Evening",1,0.1,68,0.02,14.9199999999999
8711,711,"Thompson Sampling","Ad_D","Mobile","Morning",0,0.1,68,0.02,14.9399999999999
8712,712,"Thompson Sampling","Ad_D","Mobile","Afternoon",0,0.1,68,0.02,14.9599999999999
8713,713,"Thompson Sampling","Ad_D","Mobile","Afternoon",0,0.1,68,0.02,14.9799999999999
8714,714,"Thompson Sampling","Ad_D","Mobile","Afternoon",0,0.1,68,0.02,14.9999999999999
8715,715,"Thompson Sampling","Ad_D","Mobile","Morning",0,0.1,68,0.02,15.0199999999999
8716,716,"Thompson Sampling","Ad_D","Mobile","Evening",0,0.1,68,0.02,15.0399999999999
8717,717,"Thompson Sampling","Ad_D","Desktop","Afternoon",0,0.1,68,0.02,15.0599999999999
8718,718,"Thompson Sampling","Ad_D","Mobile","Morning",0,0.1,68,0.02,15.0799999999999
8719,719,"Thompson Sampling","Ad_C","Mobile","Morning",1,0.12,69,0,15.0799999999999
8720,720,"Thompson Sampling","Ad_D","Tablet","Afternoon",0,0.1,69,0.02,15.0999999999999
8721,721,"Thompson Sampling","Ad_D","Desktop","Afternoon",0,0.1,69,0.02,15.1199999999999
8722,722,"Thompson Sampling","Ad_D","Desktop","Evening",0,0.1,69,0.02,15.1399999999999
8723,723,"Thompson Sampling","Ad_C","Desktop","Evening",0,0.12,69,0,15.1399999999999
8724,724,"Thompson Sampling","Ad_D","Tablet","Afternoon",0,0.1,69,0.02,15.1599999999999
8725,725,"Thompson Sampling","Ad_D","Desktop","Evening",0,0.1,69,0.02,15.1799999999999
8726,726,"Thompson Sampling","Ad_D","Mobile","Afternoon",0,0.1,69,0.02,15.1999999999999
8727,727,"Thompson Sampling","Ad_D","Mobile","Evening",0,0.1,69,0.02,15.2199999999999
8728,728,"Thompson Sampling","Ad_D","Mobile","Afternoon",0,0.1,69,0.02,15.2399999999999
8729,729,"Thompson Sampling","Ad_D","Desktop","Evening",1,0.1,70,0.02,15.2599999999999
8730,730,"Thompson Sampling","Ad_D","Tablet","Evening",0,0.1,70,0.02,15.2799999999999
8731,731,"Thompson Sampling","Ad_D","Desktop","Evening",0,0.1,70,0.02,15.2999999999999
8732,732,"Thompson Sampling","Ad_C","Desktop","Afternoon",0,0.12,70,0,15.2999999999999
8733,733,"Thompson Sampling","Ad_D","Desktop","Evening",0,0.1,70,0.02,15.3199999999999
8734,734,"Thompson Sampling","Ad_C","Tablet","Evening",1,0.12,71,0,15.3199999999999
8735,735,"Thompson Sampling","Ad_D","Desktop","Morning",0,0.1,71,0.02,15.3399999999999
8736,736,"Thompson Sampling","Ad_D","Tablet","Evening",1,0.1,72,0.02,15.3599999999999
8737,737,"Thompson Sampling","Ad_D","Mobile","Morning",0,0.1,72,0.02,15.3799999999999
8738,738,"Thompson Sampling","Ad_D","Desktop","Afternoon",0,0.1,72,0.02,15.3999999999999
8739,739,"Thompson Sampling","Ad_D","Tablet","Afternoon",0,0.1,72,0.02,15.4199999999999
8740,740,"Thompson Sampling","Ad_A","Mobile","Morning",0,0.05,72,0.07,15.4899999999999
8741,741,"Thompson Sampling","Ad_C","Mobile","Morning",0,0.12,72,0,15.4899999999999
8742,742,"Thompson Sampling","Ad_C","Mobile","Morning",0,0.12,72,0,15.4899999999999
8743,743,"Thompson Sampling","Ad_C","Tablet","Evening",0,0.12,72,0,15.4899999999999
8744,744,"Thompson Sampling","Ad_D","Tablet","Evening",0,0.1,72,0.02,15.5099999999999
8745,745,"Thompson Sampling","Ad_C","Tablet","Morning",0,0.12,72,0,15.5099999999999
8746,746,"Thompson Sampling","Ad_D","Mobile","Evening",0,0.1,72,0.02,15.5299999999999
8747,747,"Thompson Sampling","Ad_D","Desktop","Evening",0,0.1,72,0.02,15.5499999999999
8748,748,"Thompson Sampling","Ad_D","Desktop","Morning",0,0.1,72,0.02,15.5699999999999
8749,749,"Thompson Sampling","Ad_C","Mobile","Afternoon",0,0.12,72,0,15.5699999999999
8750,750,"Thompson Sampling","Ad_D","Tablet","Evening",0,0.1,72,0.02,15.5899999999999
8751,751,"Thompson Sampling","Ad_D","Desktop","Afternoon",0,0.1,72,0.02,15.6099999999999
8752,752,"Thompson Sampling","Ad_C","Tablet","Evening",0,0.12,72,0,15.6099999999999
8753,753,"Thompson Sampling","Ad_D","Tablet","Morning",0,0.1,72,0.02,15.6299999999999
8754,754,"Thompson Sampling","Ad_D","Tablet","Morning",0,0.1,72,0.02,15.6499999999999
8755,755,"Thompson Sampling","Ad_D","Tablet","Evening",0,0.1,72,0.02,15.6699999999999
8756,756,"Thompson Sampling","Ad_C","Mobile","Morning",0,0.12,72,0,15.6699999999999
8757,757,"Thompson Sampling","Ad_D","Desktop","Morning",0,0.1,72,0.02,15.6899999999999
8758,758,"Thompson Sampling","Ad_D","Mobile","Morning",1,0.1,73,0.02,15.7099999999999
8759,759,"Thompson Sampling","Ad_C","Mobile","Afternoon",0,0.12,73,0,15.7099999999999
8760,760,"Thompson Sampling","Ad_A","Tablet","Morning",0,0.05,73,0.07,15.7799999999999
8761,761,"Thompson Sampling","Ad_D","Desktop","Afternoon",0,0.1,73,0.02,15.7999999999999
8762,762,"Thompson Sampling","Ad_D","Mobile","Afternoon",0,0.1,73,0.02,15.8199999999999
8763,763,"Thompson Sampling","Ad_B","Desktop","Afternoon",0,0.08,73,0.04,15.8599999999999
8764,764,"Thompson Sampling","Ad_C","Tablet","Evening",0,0.12,73,0,15.8599999999999
8765,765,"Thompson Sampling","Ad_D","Mobile","Evening",0,0.1,73,0.02,15.8799999999999
8766,766,"Thompson Sampling","Ad_C","Tablet","Afternoon",0,0.12,73,0,15.8799999999999
8767,767,"Thompson Sampling","Ad_D","Tablet","Morning",0,0.1,73,0.02,15.8999999999999
8768,768,"Thompson Sampling","Ad_C","Tablet","Morning",1,0.12,74,0,15.8999999999999
8769,769,"Thompson Sampling","Ad_C","Desktop","Morning",1,0.12,75,0,15.8999999999999
8770,770,"Thompson Sampling","Ad_C","Desktop","Evening",0,0.12,75,0,15.8999999999999
8771,771,"Thompson Sampling","Ad_D","Mobile","Evening",0,0.1,75,0.02,15.9199999999999
8772,772,"Thompson Sampling","Ad_D","Desktop","Evening",0,0.1,75,0.02,15.9399999999999
8773,773,"Thompson Sampling","Ad_C","Tablet","Evening",0,0.12,75,0,15.9399999999999
8774,774,"Thompson Sampling","Ad_D","Tablet","Evening",1,0.1,76,0.02,15.9599999999999
8775,775,"Thompson Sampling","Ad_D","Desktop","Afternoon",0,0.1,76,0.02,15.9799999999999
8776,776,"Thompson Sampling","Ad_C","Desktop","Evening",1,0.12,77,0,15.9799999999999
8777,777,"Thompson Sampling","Ad_C","Mobile","Afternoon",0,0.12,77,0,15.9799999999999
8778,778,"Thompson Sampling","Ad_D","Desktop","Morning",0,0.1,77,0.02,15.9999999999999
8779,779,"Thompson Sampling","Ad_C","Desktop","Afternoon",0,0.12,77,0,15.9999999999999
8780,780,"Thompson Sampling","Ad_C","Tablet","Evening",0,0.12,77,0,15.9999999999999
8781,781,"Thompson Sampling","Ad_A","Mobile","Afternoon",0,0.05,77,0.07,16.0699999999999
8782,782,"Thompson Sampling","Ad_B","Desktop","Afternoon",0,0.08,77,0.04,16.1099999999999
8783,783,"Thompson Sampling","Ad_A","Desktop","Evening",0,0.05,77,0.07,16.1799999999999
8784,784,"Thompson Sampling","Ad_C","Tablet","Evening",0,0.12,77,0,16.1799999999999
8785,785,"Thompson Sampling","Ad_D","Desktop","Morning",0,0.1,77,0.02,16.1999999999999
8786,786,"Thompson Sampling","Ad_C","Mobile","Morning",0,0.12,77,0,16.1999999999999
8787,787,"Thompson Sampling","Ad_C","Mobile","Afternoon",0,0.12,77,0,16.1999999999999
8788,788,"Thompson Sampling","Ad_D","Tablet","Morning",0,0.1,77,0.02,16.2199999999999
8789,789,"Thompson Sampling","Ad_D","Desktop","Morning",0,0.1,77,0.02,16.2399999999999
8790,790,"Thompson Sampling","Ad_C","Desktop","Morning",0,0.12,77,0,16.2399999999999
8791,791,"Thompson Sampling","Ad_D","Desktop","Afternoon",0,0.1,77,0.02,16.2599999999999
8792,792,"Thompson Sampling","Ad_C","Tablet","Afternoon",0,0.12,77,0,16.2599999999999
8793,793,"Thompson Sampling","Ad_D","Tablet","Afternoon",0,0.1,77,0.02,16.2799999999999
8794,794,"Thompson Sampling","Ad_D","Mobile","Evening",0,0.1,77,0.02,16.2999999999999
8795,795,"Thompson Sampling","Ad_D","Desktop","Afternoon",0,0.1,77,0.02,16.3199999999999
8796,796,"Thompson Sampling","Ad_C","Tablet","Evening",1,0.12,78,0,16.3199999999999
8797,797,"Thompson Sampling","Ad_C","Desktop","Morning",0,0.12,78,0,16.3199999999999
8798,798,"Thompson Sampling","Ad_C","Tablet","Morning",0,0.12,78,0,16.3199999999999
8799,799,"Thompson Sampling","Ad_C","Tablet","Evening",0,0.12,78,0,16.3199999999999
8800,800,"Thompson Sampling","Ad_C","Tablet","Evening",0,0.12,78,0,16.3199999999999
8801,801,"Thompson Sampling","Ad_C","Mobile","Evening",0,0.12,78,0,16.3199999999999
8802,802,"Thompson Sampling","Ad_D","Desktop","Morning",1,0.1,79,0.02,16.3399999999999
8803,803,"Thompson Sampling","Ad_D","Tablet","Afternoon",1,0.1,80,0.02,16.3599999999999
8804,804,"Thompson Sampling","Ad_D","Tablet","Afternoon",0,0.1,80,0.02,16.3799999999999
8805,805,"Thompson Sampling","Ad_D","Desktop","Evening",1,0.1,81,0.02,16.3999999999999
8806,806,"Thompson Sampling","Ad_D","Mobile","Evening",0,0.1,81,0.02,16.4199999999999
8807,807,"Thompson Sampling","Ad_D","Desktop","Evening",0,0.1,81,0.02,16.4399999999999
8808,808,"Thompson Sampling","Ad_C","Mobile","Afternoon",0,0.12,81,0,16.4399999999999
8809,809,"Thompson Sampling","Ad_D","Desktop","Morning",0,0.1,81,0.02,16.4599999999999
8810,810,"Thompson Sampling","Ad_D","Tablet","Afternoon",0,0.1,81,0.02,16.4799999999999
8811,811,"Thompson Sampling","Ad_B","Mobile","Afternoon",0,0.08,81,0.04,16.5199999999999
8812,812,"Thompson Sampling","Ad_D","Mobile","Morning",0,0.1,81,0.02,16.5399999999999
8813,813,"Thompson Sampling","Ad_D","Tablet","Evening",0,0.1,81,0.02,16.5599999999999
8814,814,"Thompson Sampling","Ad_D","Tablet","Evening",0,0.1,81,0.02,16.5799999999999
8815,815,"Thompson Sampling","Ad_D","Tablet","Evening",1,0.1,82,0.02,16.5999999999999
8816,816,"Thompson Sampling","Ad_D","Desktop","Morning",0,0.1,82,0.02,16.6199999999999
8817,817,"Thompson Sampling","Ad_C","Mobile","Evening",0,0.12,82,0,16.6199999999999
8818,818,"Thompson Sampling","Ad_D","Desktop","Morning",0,0.1,82,0.02,16.6399999999999
8819,819,"Thompson Sampling","Ad_D","Mobile","Evening",0,0.1,82,0.02,16.6599999999999
8820,820,"Thompson Sampling","Ad_D","Tablet","Morning",0,0.1,82,0.02,16.6799999999999
8821,821,"Thompson Sampling","Ad_D","Tablet","Afternoon",0,0.1,82,0.02,16.6999999999999
8822,822,"Thompson Sampling","Ad_D","Desktop","Evening",1,0.1,83,0.02,16.7199999999999
8823,823,"Thompson Sampling","Ad_D","Mobile","Morning",0,0.1,83,0.02,16.7399999999999
8824,824,"Thompson Sampling","Ad_A","Mobile","Morning",0,0.05,83,0.07,16.8099999999999
8825,825,"Thompson Sampling","Ad_D","Desktop","Afternoon",0,0.1,83,0.02,16.8299999999999
8826,826,"Thompson Sampling","Ad_A","Mobile","Morning",0,0.05,83,0.07,16.8999999999999
8827,827,"Thompson Sampling","Ad_C","Desktop","Afternoon",0,0.12,83,0,16.8999999999999
8828,828,"Thompson Sampling","Ad_D","Desktop","Evening",0,0.1,83,0.02,16.9199999999999
8829,829,"Thompson Sampling","Ad_D","Tablet","Afternoon",0,0.1,83,0.02,16.9399999999999
8830,830,"Thompson Sampling","Ad_D","Desktop","Afternoon",0,0.1,83,0.02,16.9599999999999
8831,831,"Thompson Sampling","Ad_D","Mobile","Afternoon",0,0.1,83,0.02,16.9799999999999
8832,832,"Thompson Sampling","Ad_D","Tablet","Morning",0,0.1,83,0.02,16.9999999999999
8833,833,"Thompson Sampling","Ad_C","Tablet","Afternoon",0,0.12,83,0,16.9999999999999
8834,834,"Thompson Sampling","Ad_D","Tablet","Evening",0,0.1,83,0.02,17.0199999999999
8835,835,"Thompson Sampling","Ad_D","Tablet","Evening",0,0.1,83,0.02,17.0399999999998
8836,836,"Thompson Sampling","Ad_D","Desktop","Afternoon",0,0.1,83,0.02,17.0599999999998
8837,837,"Thompson Sampling","Ad_D","Tablet","Afternoon",1,0.1,84,0.02,17.0799999999998
8838,838,"Thompson Sampling","Ad_C","Mobile","Morning",0,0.12,84,0,17.0799999999998
8839,839,"Thompson Sampling","Ad_C","Mobile","Afternoon",0,0.12,84,0,17.0799999999998
8840,840,"Thompson Sampling","Ad_C","Desktop","Evening",0,0.12,84,0,17.0799999999998
8841,841,"Thompson Sampling","Ad_D","Mobile","Afternoon",0,0.1,84,0.02,17.0999999999998
8842,842,"Thompson Sampling","Ad_D","Desktop","Morning",0,0.1,84,0.02,17.1199999999998
8843,843,"Thompson Sampling","Ad_D","Desktop","Evening",0,0.1,84,0.02,17.1399999999998
8844,844,"Thompson Sampling","Ad_D","Desktop","Morning",0,0.1,84,0.02,17.1599999999998
8845,845,"Thompson Sampling","Ad_D","Tablet","Morning",0,0.1,84,0.02,17.1799999999998
8846,846,"Thompson Sampling","Ad_D","Mobile","Morning",0,0.1,84,0.02,17.1999999999998
8847,847,"Thompson Sampling","Ad_D","Desktop","Morning",0,0.1,84,0.02,17.2199999999998
8848,848,"Thompson Sampling","Ad_D","Mobile","Morning",0,0.1,84,0.02,17.2399999999998
8849,849,"Thompson Sampling","Ad_D","Mobile","Afternoon",0,0.1,84,0.02,17.2599999999998
8850,850,"Thompson Sampling","Ad_C","Desktop","Afternoon",1,0.12,85,0,17.2599999999998
8851,851,"Thompson Sampling","Ad_D","Desktop","Morning",0,0.1,85,0.02,17.2799999999998
8852,852,"Thompson Sampling","Ad_A","Tablet","Afternoon",0,0.05,85,0.07,17.3499999999998
8853,853,"Thompson Sampling","Ad_D","Tablet","Afternoon",0,0.1,85,0.02,17.3699999999998
8854,854,"Thompson Sampling","Ad_D","Tablet","Afternoon",0,0.1,85,0.02,17.3899999999998
8855,855,"Thompson Sampling","Ad_D","Tablet","Afternoon",0,0.1,85,0.02,17.4099999999998
8856,856,"Thompson Sampling","Ad_D","Desktop","Morning",1,0.1,86,0.02,17.4299999999998
8857,857,"Thompson Sampling","Ad_D","Mobile","Morning",0,0.1,86,0.02,17.4499999999998
8858,858,"Thompson Sampling","Ad_D","Mobile","Evening",0,0.1,86,0.02,17.4699999999998
8859,859,"Thompson Sampling","Ad_D","Desktop","Morning",0,0.1,86,0.02,17.4899999999998
8860,860,"Thompson Sampling","Ad_D","Mobile","Morning",1,0.1,87,0.02,17.5099999999998
8861,861,"Thompson Sampling","Ad_D","Mobile","Afternoon",0,0.1,87,0.02,17.5299999999998
8862,862,"Thompson Sampling","Ad_D","Desktop","Afternoon",0,0.1,87,0.02,17.5499999999998
8863,863,"Thompson Sampling","Ad_D","Tablet","Evening",0,0.1,87,0.02,17.5699999999998
8864,864,"Thompson Sampling","Ad_D","Mobile","Morning",0,0.1,87,0.02,17.5899999999998
8865,865,"Thompson Sampling","Ad_D","Mobile","Morning",0,0.1,87,0.02,17.6099999999998
8866,866,"Thompson Sampling","Ad_D","Desktop","Afternoon",0,0.1,87,0.02,17.6299999999998
8867,867,"Thompson Sampling","Ad_B","Tablet","Afternoon",0,0.08,87,0.04,17.6699999999998
8868,868,"Thompson Sampling","Ad_D","Tablet","Evening",0,0.1,87,0.02,17.6899999999998
8869,869,"Thompson Sampling","Ad_D","Desktop","Evening",0,0.1,87,0.02,17.7099999999998
8870,870,"Thompson Sampling","Ad_D","Desktop","Morning",0,0.1,87,0.02,17.7299999999998
8871,871,"Thompson Sampling","Ad_D","Tablet","Evening",0,0.1,87,0.02,17.7499999999998
8872,872,"Thompson Sampling","Ad_C","Desktop","Morning",0,0.12,87,0,17.7499999999998
8873,873,"Thompson Sampling","Ad_D","Mobile","Morning",0,0.1,87,0.02,17.7699999999998
8874,874,"Thompson Sampling","Ad_D","Mobile","Evening",0,0.1,87,0.02,17.7899999999998
8875,875,"Thompson Sampling","Ad_C","Mobile","Afternoon",0,0.12,87,0,17.7899999999998
8876,876,"Thompson Sampling","Ad_D","Mobile","Morning",0,0.1,87,0.02,17.8099999999998
8877,877,"Thompson Sampling","Ad_B","Tablet","Afternoon",0,0.08,87,0.04,17.8499999999998
8878,878,"Thompson Sampling","Ad_D","Desktop","Morning",0,0.1,87,0.02,17.8699999999998
8879,879,"Thompson Sampling","Ad_C","Mobile","Evening",0,0.12,87,0,17.8699999999998
8880,880,"Thompson Sampling","Ad_D","Desktop","Evening",0,0.1,87,0.02,17.8899999999998
8881,881,"Thompson Sampling","Ad_D","Mobile","Afternoon",0,0.1,87,0.02,17.9099999999998
8882,882,"Thompson Sampling","Ad_C","Mobile","Evening",0,0.12,87,0,17.9099999999998
8883,883,"Thompson Sampling","Ad_D","Tablet","Afternoon",0,0.1,87,0.02,17.9299999999998
8884,884,"Thompson Sampling","Ad_B","Desktop","Evening",0,0.08,87,0.04,17.9699999999998
8885,885,"Thompson Sampling","Ad_C","Tablet","Morning",0,0.12,87,0,17.9699999999998
8886,886,"Thompson Sampling","Ad_D","Tablet","Morning",0,0.1,87,0.02,17.9899999999998
8887,887,"Thompson Sampling","Ad_C","Mobile","Afternoon",0,0.12,87,0,17.9899999999998
8888,888,"Thompson Sampling","Ad_D","Desktop","Morning",0,0.1,87,0.02,18.0099999999998
8889,889,"Thompson Sampling","Ad_C","Tablet","Afternoon",0,0.12,87,0,18.0099999999998
8890,890,"Thompson Sampling","Ad_D","Tablet","Afternoon",0,0.1,87,0.02,18.0299999999998
8891,891,"Thompson Sampling","Ad_D","Mobile","Evening",0,0.1,87,0.02,18.0499999999998
8892,892,"Thompson Sampling","Ad_C","Desktop","Afternoon",0,0.12,87,0,18.0499999999998
8893,893,"Thompson Sampling","Ad_C","Desktop","Morning",1,0.12,88,0,18.0499999999998
8894,894,"Thompson Sampling","Ad_C","Mobile","Morning",0,0.12,88,0,18.0499999999998
8895,895,"Thompson Sampling","Ad_C","Desktop","Evening",0,0.12,88,0,18.0499999999998
8896,896,"Thompson Sampling","Ad_D","Desktop","Morning",0,0.1,88,0.02,18.0699999999998
8897,897,"Thompson Sampling","Ad_D","Mobile","Evening",0,0.1,88,0.02,18.0899999999998
8898,898,"Thompson Sampling","Ad_D","Desktop","Afternoon",0,0.1,88,0.02,18.1099999999998
8899,899,"Thompson Sampling","Ad_D","Desktop","Evening",0,0.1,88,0.02,18.1299999999998
8900,900,"Thompson Sampling","Ad_D","Tablet","Evening",0,0.1,88,0.02,18.1499999999998
8901,901,"Thompson Sampling","Ad_C","Mobile","Evening",0,0.12,88,0,18.1499999999998
8902,902,"Thompson Sampling","Ad_D","Mobile","Afternoon",0,0.1,88,0.02,18.1699999999998
8903,903,"Thompson Sampling","Ad_D","Mobile","Evening",1,0.1,89,0.02,18.1899999999998
8904,904,"Thompson Sampling","Ad_D","Desktop","Morning",0,0.1,89,0.02,18.2099999999998
8905,905,"Thompson Sampling","Ad_D","Tablet","Afternoon",0,0.1,89,0.02,18.2299999999998
8906,906,"Thompson Sampling","Ad_D","Desktop","Morning",0,0.1,89,0.02,18.2499999999998
8907,907,"Thompson Sampling","Ad_B","Mobile","Afternoon",0,0.08,89,0.04,18.2899999999998
8908,908,"Thompson Sampling","Ad_C","Tablet","Evening",0,0.12,89,0,18.2899999999998
8909,909,"Thompson Sampling","Ad_D","Mobile","Evening",0,0.1,89,0.02,18.3099999999998
8910,910,"Thompson Sampling","Ad_A","Desktop","Evening",1,0.05,90,0.07,18.3799999999998
8911,911,"Thompson Sampling","Ad_D","Tablet","Morning",0,0.1,90,0.02,18.3999999999998
8912,912,"Thompson Sampling","Ad_D","Tablet","Evening",0,0.1,90,0.02,18.4199999999998
8913,913,"Thompson Sampling","Ad_D","Desktop","Evening",0,0.1,90,0.02,18.4399999999998
8914,914,"Thompson Sampling","Ad_B","Desktop","Morning",0,0.08,90,0.04,18.4799999999998
8915,915,"Thompson Sampling","Ad_D","Tablet","Afternoon",0,0.1,90,0.02,18.4999999999998
8916,916,"Thompson Sampling","Ad_D","Tablet","Afternoon",0,0.1,90,0.02,18.5199999999998
8917,917,"Thompson Sampling","Ad_C","Tablet","Morning",0,0.12,90,0,18.5199999999998
8918,918,"Thompson Sampling","Ad_C","Mobile","Morning",0,0.12,90,0,18.5199999999998
8919,919,"Thompson Sampling","Ad_D","Mobile","Afternoon",0,0.1,90,0.02,18.5399999999998
8920,920,"Thompson Sampling","Ad_D","Mobile","Evening",0,0.1,90,0.02,18.5599999999998
8921,921,"Thompson Sampling","Ad_D","Mobile","Afternoon",0,0.1,90,0.02,18.5799999999998
8922,922,"Thompson Sampling","Ad_C","Desktop","Evening",1,0.12,91,0,18.5799999999998
8923,923,"Thompson Sampling","Ad_C","Desktop","Afternoon",0,0.12,91,0,18.5799999999998
8924,924,"Thompson Sampling","Ad_C","Desktop","Afternoon",0,0.12,91,0,18.5799999999998
8925,925,"Thompson Sampling","Ad_D","Mobile","Evening",1,0.1,92,0.02,18.5999999999998
8926,926,"Thompson Sampling","Ad_A","Desktop","Evening",0,0.05,92,0.07,18.6699999999998
8927,927,"Thompson Sampling","Ad_D","Desktop","Morning",0,0.1,92,0.02,18.6899999999998
8928,928,"Thompson Sampling","Ad_D","Desktop","Afternoon",0,0.1,92,0.02,18.7099999999998
8929,929,"Thompson Sampling","Ad_A","Desktop","Afternoon",0,0.05,92,0.07,18.7799999999998
8930,930,"Thompson Sampling","Ad_D","Mobile","Afternoon",0,0.1,92,0.02,18.7999999999998
8931,931,"Thompson Sampling","Ad_D","Desktop","Morning",0,0.1,92,0.02,18.8199999999998
8932,932,"Thompson Sampling","Ad_D","Desktop","Evening",0,0.1,92,0.02,18.8399999999998
8933,933,"Thompson Sampling","Ad_C","Tablet","Afternoon",0,0.12,92,0,18.8399999999998
8934,934,"Thompson Sampling","Ad_B","Tablet","Evening",0,0.08,92,0.04,18.8799999999998
8935,935,"Thompson Sampling","Ad_C","Desktop","Morning",0,0.12,92,0,18.8799999999998
8936,936,"Thompson Sampling","Ad_D","Desktop","Morning",1,0.1,93,0.02,18.8999999999998
8937,937,"Thompson Sampling","Ad_D","Mobile","Evening",1,0.1,94,0.02,18.9199999999998
8938,938,"Thompson Sampling","Ad_A","Tablet","Afternoon",0,0.05,94,0.07,18.9899999999998
8939,939,"Thompson Sampling","Ad_C","Tablet","Morning",0,0.12,94,0,18.9899999999998
8940,940,"Thompson Sampling","Ad_A","Tablet","Evening",0,0.05,94,0.07,19.0599999999998
8941,941,"Thompson Sampling","Ad_A","Desktop","Afternoon",0,0.05,94,0.07,19.1299999999998
8942,942,"Thompson Sampling","Ad_D","Tablet","Evening",1,0.1,95,0.02,19.1499999999998
8943,943,"Thompson Sampling","Ad_D","Desktop","Morning",0,0.1,95,0.02,19.1699999999998
8944,944,"Thompson Sampling","Ad_C","Tablet","Evening",0,0.12,95,0,19.1699999999998
8945,945,"Thompson Sampling","Ad_A","Desktop","Evening",0,0.05,95,0.07,19.2399999999998
8946,946,"Thompson Sampling","Ad_C","Desktop","Afternoon",0,0.12,95,0,19.2399999999998
8947,947,"Thompson Sampling","Ad_D","Desktop","Evening",0,0.1,95,0.02,19.2599999999998
8948,948,"Thompson Sampling","Ad_C","Desktop","Morning",0,0.12,95,0,19.2599999999998
8949,949,"Thompson Sampling","Ad_D","Mobile","Afternoon",0,0.1,95,0.02,19.2799999999998
8950,950,"Thompson Sampling","Ad_A","Tablet","Morning",0,0.05,95,0.07,19.3499999999998
8951,951,"Thompson Sampling","Ad_D","Desktop","Afternoon",0,0.1,95,0.02,19.3699999999998
8952,952,"Thompson Sampling","Ad_C","Desktop","Afternoon",0,0.12,95,0,19.3699999999998
8953,953,"Thompson Sampling","Ad_C","Tablet","Evening",0,0.12,95,0,19.3699999999998
8954,954,"Thompson Sampling","Ad_D","Mobile","Evening",0,0.1,95,0.02,19.3899999999998
8955,955,"Thompson Sampling","Ad_C","Desktop","Evening",0,0.12,95,0,19.3899999999998
8956,956,"Thompson Sampling","Ad_D","Tablet","Morning",0,0.1,95,0.02,19.4099999999998
8957,957,"Thompson Sampling","Ad_D","Tablet","Morning",0,0.1,95,0.02,19.4299999999998
8958,958,"Thompson Sampling","Ad_D","Desktop","Afternoon",0,0.1,95,0.02,19.4499999999998
8959,959,"Thompson Sampling","Ad_D","Mobile","Afternoon",0,0.1,95,0.02,19.4699999999998
8960,960,"Thompson Sampling","Ad_D","Desktop","Evening",0,0.1,95,0.02,19.4899999999998
8961,961,"Thompson Sampling","Ad_C","Tablet","Afternoon",0,0.12,95,0,19.4899999999998
8962,962,"Thompson Sampling","Ad_D","Mobile","Afternoon",0,0.1,95,0.02,19.5099999999998
8963,963,"Thompson Sampling","Ad_D","Tablet","Evening",0,0.1,95,0.02,19.5299999999998
8964,964,"Thompson Sampling","Ad_D","Desktop","Morning",0,0.1,95,0.02,19.5499999999998
8965,965,"Thompson Sampling","Ad_D","Mobile","Morning",0,0.1,95,0.02,19.5699999999998
8966,966,"Thompson Sampling","Ad_C","Tablet","Evening",0,0.12,95,0,19.5699999999998
8967,967,"Thompson Sampling","Ad_D","Mobile","Afternoon",0,0.1,95,0.02,19.5899999999998
8968,968,"Thompson Sampling","Ad_C","Mobile","Morning",1,0.12,96,0,19.5899999999998
8969,969,"Thompson Sampling","Ad_C","Mobile","Evening",0,0.12,96,0,19.5899999999998
8970,970,"Thompson Sampling","Ad_D","Mobile","Morning",0,0.1,96,0.02,19.6099999999998
8971,971,"Thompson Sampling","Ad_C","Desktop","Morning",0,0.12,96,0,19.6099999999998
8972,972,"Thompson Sampling","Ad_C","Mobile","Evening",0,0.12,96,0,19.6099999999998
8973,973,"Thompson Sampling","Ad_D","Desktop","Morning",0,0.1,96,0.02,19.6299999999998
8974,974,"Thompson Sampling","Ad_C","Mobile","Afternoon",0,0.12,96,0,19.6299999999998
8975,975,"Thompson Sampling","Ad_C","Tablet","Evening",0,0.12,96,0,19.6299999999998
8976,976,"Thompson Sampling","Ad_D","Tablet","Morning",0,0.1,96,0.02,19.6499999999998
8977,977,"Thompson Sampling","Ad_D","Desktop","Morning",0,0.1,96,0.02,19.6699999999998
8978,978,"Thompson Sampling","Ad_D","Desktop","Morning",0,0.1,96,0.02,19.6899999999998
8979,979,"Thompson Sampling","Ad_C","Tablet","Morning",0,0.12,96,0,19.6899999999998
8980,980,"Thompson Sampling","Ad_D","Mobile","Evening",0,0.1,96,0.02,19.7099999999998
8981,981,"Thompson Sampling","Ad_D","Desktop","Evening",0,0.1,96,0.02,19.7299999999998
8982,982,"Thompson Sampling","Ad_C","Mobile","Evening",0,0.12,96,0,19.7299999999998
8983,983,"Thompson Sampling","Ad_C","Mobile","Evening",0,0.12,96,0,19.7299999999998
8984,984,"Thompson Sampling","Ad_D","Desktop","Morning",0,0.1,96,0.02,19.7499999999998
8985,985,"Thompson Sampling","Ad_C","Mobile","Afternoon",0,0.12,96,0,19.7499999999998
8986,986,"Thompson Sampling","Ad_D","Desktop","Afternoon",0,0.1,96,0.02,19.7699999999998
8987,987,"Thompson Sampling","Ad_D","Mobile","Evening",0,0.1,96,0.02,19.7899999999998
8988,988,"Thompson Sampling","Ad_C","Desktop","Afternoon",0,0.12,96,0,19.7899999999998
8989,989,"Thompson Sampling","Ad_A","Tablet","Afternoon",0,0.05,96,0.07,19.8599999999998
8990,990,"Thompson Sampling","Ad_C","Mobile","Afternoon",0,0.12,96,0,19.8599999999998
8991,991,"Thompson Sampling","Ad_C","Tablet","Evening",0,0.12,96,0,19.8599999999998
8992,992,"Thompson Sampling","Ad_C","Desktop","Afternoon",0,0.12,96,0,19.8599999999998
8993,993,"Thompson Sampling","Ad_C","Tablet","Morning",0,0.12,96,0,19.8599999999998
8994,994,"Thompson Sampling","Ad_A","Tablet","Afternoon",0,0.05,96,0.07,19.9299999999998
8995,995,"Thompson Sampling","Ad_D","Mobile","Morning",0,0.1,96,0.02,19.9499999999998
8996,996,"Thompson Sampling","Ad_D","Mobile","Morning",0,0.1,96,0.02,19.9699999999998
8997,997,"Thompson Sampling","Ad_D","Tablet","Afternoon",0,0.1,96,0.02,19.9899999999998
8998,998,"Thompson Sampling","Ad_D","Desktop","Evening",0,0.1,96,0.02,20.0099999999998
8999,999,"Thompson Sampling","Ad_C","Desktop","Morning",0,0.12,96,0,20.0099999999998
9000,1000,"Thompson Sampling","Ad_D","Desktop","Evening",0,0.1,96,0.02,20.0299999999998
9001,1001,"Thompson Sampling","Ad_B","Tablet","Afternoon",0,0.08,96,0.04,20.0699999999998
9002,1002,"Thompson Sampling","Ad_D","Mobile","Evening",0,0.1,96,0.02,20.0899999999998
9003,1003,"Thompson Sampling","Ad_A","Tablet","Morning",0,0.05,96,0.07,20.1599999999998
9004,1004,"Thompson Sampling","Ad_C","Desktop","Afternoon",0,0.12,96,0,20.1599999999998
9005,1005,"Thompson Sampling","Ad_B","Tablet","Evening",0,0.08,96,0.04,20.1999999999998
9006,1006,"Thompson Sampling","Ad_D","Desktop","Afternoon",0,0.1,96,0.02,20.2199999999998
9007,1007,"Thompson Sampling","Ad_D","Mobile","Evening",0,0.1,96,0.02,20.2399999999998
9008,1008,"Thompson Sampling","Ad_D","Tablet","Morning",0,0.1,96,0.02,20.2599999999998
9009,1009,"Thompson Sampling","Ad_C","Desktop","Evening",0,0.12,96,0,20.2599999999998
9010,1010,"Thompson Sampling","Ad_D","Desktop","Afternoon",0,0.1,96,0.02,20.2799999999998
9011,1011,"Thompson Sampling","Ad_D","Desktop","Morning",0,0.1,96,0.02,20.2999999999998
9012,1012,"Thompson Sampling","Ad_C","Mobile","Evening",1,0.12,97,0,20.2999999999998
9013,1013,"Thompson Sampling","Ad_C","Mobile","Evening",0,0.12,97,0,20.2999999999998
9014,1014,"Thompson Sampling","Ad_C","Desktop","Evening",0,0.12,97,0,20.2999999999998
9015,1015,"Thompson Sampling","Ad_C","Tablet","Evening",0,0.12,97,0,20.2999999999998
9016,1016,"Thompson Sampling","Ad_D","Mobile","Afternoon",0,0.1,97,0.02,20.3199999999998
9017,1017,"Thompson Sampling","Ad_D","Mobile","Evening",0,0.1,97,0.02,20.3399999999998
9018,1018,"Thompson Sampling","Ad_C","Tablet","Morning",0,0.12,97,0,20.3399999999998
9019,1019,"Thompson Sampling","Ad_D","Tablet","Evening",1,0.1,98,0.02,20.3599999999998
9020,1020,"Thompson Sampling","Ad_B","Mobile","Afternoon",0,0.08,98,0.04,20.3999999999998
9021,1021,"Thompson Sampling","Ad_D","Desktop","Evening",0,0.1,98,0.02,20.4199999999998
9022,1022,"Thompson Sampling","Ad_C","Mobile","Morning",0,0.12,98,0,20.4199999999998
9023,1023,"Thompson Sampling","Ad_D","Desktop","Afternoon",1,0.1,99,0.02,20.4399999999998
9024,1024,"Thompson Sampling","Ad_D","Desktop","Morning",0,0.1,99,0.02,20.4599999999998
9025,1025,"Thompson Sampling","Ad_D","Tablet","Afternoon",0,0.1,99,0.02,20.4799999999998
9026,1026,"Thompson Sampling","Ad_D","Desktop","Afternoon",0,0.1,99,0.02,20.4999999999998
9027,1027,"Thompson Sampling","Ad_D","Desktop","Morning",0,0.1,99,0.02,20.5199999999998
9028,1028,"Thompson Sampling","Ad_C","Tablet","Morning",0,0.12,99,0,20.5199999999998
9029,1029,"Thompson Sampling","Ad_D","Tablet","Afternoon",0,0.1,99,0.02,20.5399999999998
9030,1030,"Thompson Sampling","Ad_D","Desktop","Morning",0,0.1,99,0.02,20.5599999999998
9031,1031,"Thompson Sampling","Ad_D","Mobile","Evening",0,0.1,99,0.02,20.5799999999998
9032,1032,"Thompson Sampling","Ad_D","Tablet","Morning",0,0.1,99,0.02,20.5999999999998
9033,1033,"Thompson Sampling","Ad_C","Desktop","Morning",0,0.12,99,0,20.5999999999998
9034,1034,"Thompson Sampling","Ad_C","Mobile","Morning",0,0.12,99,0,20.5999999999998
9035,1035,"Thompson Sampling","Ad_C","Desktop","Afternoon",0,0.12,99,0,20.5999999999998
9036,1036,"Thompson Sampling","Ad_D","Tablet","Afternoon",0,0.1,99,0.02,20.6199999999998
9037,1037,"Thompson Sampling","Ad_D","Desktop","Afternoon",0,0.1,99,0.02,20.6399999999998
9038,1038,"Thompson Sampling","Ad_A","Tablet","Morning",0,0.05,99,0.07,20.7099999999998
9039,1039,"Thompson Sampling","Ad_D","Mobile","Afternoon",0,0.1,99,0.02,20.7299999999998
9040,1040,"Thompson Sampling","Ad_C","Tablet","Afternoon",0,0.12,99,0,20.7299999999998
9041,1041,"Thompson Sampling","Ad_D","Tablet","Afternoon",0,0.1,99,0.02,20.7499999999998
9042,1042,"Thompson Sampling","Ad_C","Desktop","Afternoon",0,0.12,99,0,20.7499999999998
9043,1043,"Thompson Sampling","Ad_D","Desktop","Afternoon",0,0.1,99,0.02,20.7699999999998
9044,1044,"Thompson Sampling","Ad_D","Desktop","Afternoon",1,0.1,100,0.02,20.7899999999998
9045,1045,"Thompson Sampling","Ad_D","Mobile","Afternoon",0,0.1,100,0.02,20.8099999999998
9046,1046,"Thompson Sampling","Ad_C","Desktop","Morning",0,0.12,100,0,20.8099999999998
9047,1047,"Thompson Sampling","Ad_C","Mobile","Morning",0,0.12,100,0,20.8099999999998
9048,1048,"Thompson Sampling","Ad_D","Mobile","Evening",0,0.1,100,0.02,20.8299999999998
9049,1049,"Thompson Sampling","Ad_D","Mobile","Afternoon",0,0.1,100,0.02,20.8499999999998
9050,1050,"Thompson Sampling","Ad_C","Mobile","Morning",0,0.12,100,0,20.8499999999998
9051,1051,"Thompson Sampling","Ad_D","Tablet","Afternoon",0,0.1,100,0.02,20.8699999999998
9052,1052,"Thompson Sampling","Ad_C","Mobile","Afternoon",0,0.12,100,0,20.8699999999998
9053,1053,"Thompson Sampling","Ad_D","Mobile","Evening",0,0.1,100,0.02,20.8899999999998
9054,1054,"Thompson Sampling","Ad_B","Desktop","Morning",0,0.08,100,0.04,20.9299999999998
9055,1055,"Thompson Sampling","Ad_C","Desktop","Afternoon",0,0.12,100,0,20.9299999999998
9056,1056,"Thompson Sampling","Ad_D","Mobile","Morning",0,0.1,100,0.02,20.9499999999998
9057,1057,"Thompson Sampling","Ad_D","Mobile","Morning",0,0.1,100,0.02,20.9699999999998
9058,1058,"Thompson Sampling","Ad_D","Tablet","Morning",0,0.1,100,0.02,20.9899999999998
9059,1059,"Thompson Sampling","Ad_D","Desktop","Evening",0,0.1,100,0.02,21.0099999999998
9060,1060,"Thompson Sampling","Ad_D","Desktop","Evening",0,0.1,100,0.02,21.0299999999998
9061,1061,"Thompson Sampling","Ad_C","Tablet","Afternoon",0,0.12,100,0,21.0299999999998
9062,1062,"Thompson Sampling","Ad_D","Mobile","Evening",0,0.1,100,0.02,21.0499999999998
9063,1063,"Thompson Sampling","Ad_D","Tablet","Afternoon",0,0.1,100,0.02,21.0699999999998
9064,1064,"Thompson Sampling","Ad_D","Desktop","Morning",0,0.1,100,0.02,21.0899999999998
9065,1065,"Thompson Sampling","Ad_D","Tablet","Morning",0,0.1,100,0.02,21.1099999999998
9066,1066,"Thompson Sampling","Ad_C","Desktop","Evening",0,0.12,100,0,21.1099999999998
9067,1067,"Thompson Sampling","Ad_D","Tablet","Morning",0,0.1,100,0.02,21.1299999999998
9068,1068,"Thompson Sampling","Ad_C","Mobile","Afternoon",0,0.12,100,0,21.1299999999998
9069,1069,"Thompson Sampling","Ad_D","Mobile","Afternoon",0,0.1,100,0.02,21.1499999999998
9070,1070,"Thompson Sampling","Ad_D","Mobile","Evening",1,0.1,101,0.02,21.1699999999998
9071,1071,"Thompson Sampling","Ad_C","Mobile","Evening",0,0.12,101,0,21.1699999999998
9072,1072,"Thompson Sampling","Ad_C","Tablet","Evening",0,0.12,101,0,21.1699999999998
9073,1073,"Thompson Sampling","Ad_D","Tablet","Evening",0,0.1,101,0.02,21.1899999999998
9074,1074,"Thompson Sampling","Ad_D","Mobile","Afternoon",0,0.1,101,0.02,21.2099999999998
9075,1075,"Thompson Sampling","Ad_C","Tablet","Morning",0,0.12,101,0,21.2099999999998
9076,1076,"Thompson Sampling","Ad_D","Desktop","Afternoon",0,0.1,101,0.02,21.2299999999998
9077,1077,"Thompson Sampling","Ad_D","Mobile","Evening",0,0.1,101,0.02,21.2499999999998
9078,1078,"Thompson Sampling","Ad_C","Tablet","Afternoon",0,0.12,101,0,21.2499999999998
9079,1079,"Thompson Sampling","Ad_C","Mobile","Evening",0,0.12,101,0,21.2499999999998
9080,1080,"Thompson Sampling","Ad_D","Desktop","Afternoon",0,0.1,101,0.02,21.2699999999998
9081,1081,"Thompson Sampling","Ad_A","Tablet","Afternoon",0,0.05,101,0.07,21.3399999999998
9082,1082,"Thompson Sampling","Ad_D","Mobile","Evening",0,0.1,101,0.02,21.3599999999998
9083,1083,"Thompson Sampling","Ad_D","Desktop","Morning",0,0.1,101,0.02,21.3799999999998
9084,1084,"Thompson Sampling","Ad_A","Desktop","Afternoon",0,0.05,101,0.07,21.4499999999998
9085,1085,"Thompson Sampling","Ad_C","Mobile","Afternoon",0,0.12,101,0,21.4499999999998
9086,1086,"Thompson Sampling","Ad_D","Mobile","Evening",0,0.1,101,0.02,21.4699999999998
9087,1087,"Thompson Sampling","Ad_C","Mobile","Morning",0,0.12,101,0,21.4699999999998
9088,1088,"Thompson Sampling","Ad_D","Desktop","Evening",0,0.1,101,0.02,21.4899999999998
9089,1089,"Thompson Sampling","Ad_D","Tablet","Afternoon",0,0.1,101,0.02,21.5099999999998
9090,1090,"Thompson Sampling","Ad_D","Desktop","Morning",0,0.1,101,0.02,21.5299999999998
9091,1091,"Thompson Sampling","Ad_D","Mobile","Evening",0,0.1,101,0.02,21.5499999999998
9092,1092,"Thompson Sampling","Ad_D","Tablet","Evening",0,0.1,101,0.02,21.5699999999998
9093,1093,"Thompson Sampling","Ad_D","Desktop","Afternoon",0,0.1,101,0.02,21.5899999999998
9094,1094,"Thompson Sampling","Ad_D","Desktop","Evening",1,0.1,102,0.02,21.6099999999998
9095,1095,"Thompson Sampling","Ad_D","Tablet","Afternoon",1,0.1,103,0.02,21.6299999999998
9096,1096,"Thompson Sampling","Ad_C","Mobile","Evening",0,0.12,103,0,21.6299999999998
9097,1097,"Thompson Sampling","Ad_D","Tablet","Morning",0,0.1,103,0.02,21.6499999999998
9098,1098,"Thompson Sampling","Ad_D","Tablet","Morning",0,0.1,103,0.02,21.6699999999998
9099,1099,"Thompson Sampling","Ad_D","Desktop","Evening",0,0.1,103,0.02,21.6899999999998
9100,1100,"Thompson Sampling","Ad_D","Tablet","Evening",0,0.1,103,0.02,21.7099999999998
9101,1101,"Thompson Sampling","Ad_C","Mobile","Afternoon",0,0.12,103,0,21.7099999999998
9102,1102,"Thompson Sampling","Ad_A","Tablet","Evening",0,0.05,103,0.07,21.7799999999998
9103,1103,"Thompson Sampling","Ad_C","Tablet","Morning",0,0.12,103,0,21.7799999999998
9104,1104,"Thompson Sampling","Ad_D","Tablet","Afternoon",0,0.1,103,0.02,21.7999999999998
9105,1105,"Thompson Sampling","Ad_D","Mobile","Morning",0,0.1,103,0.02,21.8199999999998
9106,1106,"Thompson Sampling","Ad_D","Desktop","Afternoon",1,0.1,104,0.02,21.8399999999998
9107,1107,"Thompson Sampling","Ad_D","Mobile","Morning",0,0.1,104,0.02,21.8599999999998
9108,1108,"Thompson Sampling","Ad_C","Mobile","Morning",0,0.12,104,0,21.8599999999998
9109,1109,"Thompson Sampling","Ad_D","Mobile","Evening",0,0.1,104,0.02,21.8799999999998
9110,1110,"Thompson Sampling","Ad_D","Desktop","Evening",0,0.1,104,0.02,21.8999999999998
9111,1111,"Thompson Sampling","Ad_C","Desktop","Evening",0,0.12,104,0,21.8999999999998
9112,1112,"Thompson Sampling","Ad_D","Tablet","Evening",1,0.1,105,0.02,21.9199999999998
9113,1113,"Thompson Sampling","Ad_D","Desktop","Afternoon",0,0.1,105,0.02,21.9399999999998
9114,1114,"Thompson Sampling","Ad_D","Tablet","Morning",0,0.1,105,0.02,21.9599999999998
9115,1115,"Thompson Sampling","Ad_D","Tablet","Morning",0,0.1,105,0.02,21.9799999999998
9116,1116,"Thompson Sampling","Ad_B","Mobile","Afternoon",0,0.08,105,0.04,22.0199999999998
9117,1117,"Thompson Sampling","Ad_D","Tablet","Afternoon",0,0.1,105,0.02,22.0399999999998
9118,1118,"Thompson Sampling","Ad_D","Desktop","Evening",0,0.1,105,0.02,22.0599999999998
9119,1119,"Thompson Sampling","Ad_D","Mobile","Evening",0,0.1,105,0.02,22.0799999999998
9120,1120,"Thompson Sampling","Ad_C","Mobile","Evening",0,0.12,105,0,22.0799999999998
9121,1121,"Thompson Sampling","Ad_D","Desktop","Morning",0,0.1,105,0.02,22.0999999999998
9122,1122,"Thompson Sampling","Ad_D","Desktop","Afternoon",1,0.1,106,0.02,22.1199999999998
9123,1123,"Thompson Sampling","Ad_C","Desktop","Afternoon",0,0.12,106,0,22.1199999999998
9124,1124,"Thompson Sampling","Ad_D","Desktop","Afternoon",0,0.1,106,0.02,22.1399999999998
9125,1125,"Thompson Sampling","Ad_A","Tablet","Morning",0,0.05,106,0.07,22.2099999999998
9126,1126,"Thompson Sampling","Ad_D","Tablet","Morning",0,0.1,106,0.02,22.2299999999998
9127,1127,"Thompson Sampling","Ad_D","Tablet","Morning",0,0.1,106,0.02,22.2499999999998
9128,1128,"Thompson Sampling","Ad_D","Tablet","Evening",0,0.1,106,0.02,22.2699999999998
9129,1129,"Thompson Sampling","Ad_D","Tablet","Evening",0,0.1,106,0.02,22.2899999999998
9130,1130,"Thompson Sampling","Ad_C","Desktop","Evening",1,0.12,107,0,22.2899999999998
9131,1131,"Thompson Sampling","Ad_D","Tablet","Evening",0,0.1,107,0.02,22.3099999999998
9132,1132,"Thompson Sampling","Ad_D","Mobile","Evening",0,0.1,107,0.02,22.3299999999998
9133,1133,"Thompson Sampling","Ad_A","Desktop","Morning",0,0.05,107,0.07,22.3999999999998
9134,1134,"Thompson Sampling","Ad_A","Mobile","Afternoon",0,0.05,107,0.07,22.4699999999998
9135,1135,"Thompson Sampling","Ad_D","Mobile","Morning",0,0.1,107,0.02,22.4899999999998
9136,1136,"Thompson Sampling","Ad_B","Desktop","Afternoon",0,0.08,107,0.04,22.5299999999998
9137,1137,"Thompson Sampling","Ad_D","Desktop","Afternoon",0,0.1,107,0.02,22.5499999999998
9138,1138,"Thompson Sampling","Ad_D","Desktop","Evening",0,0.1,107,0.02,22.5699999999998
9139,1139,"Thompson Sampling","Ad_D","Mobile","Evening",0,0.1,107,0.02,22.5899999999998
9140,1140,"Thompson Sampling","Ad_D","Desktop","Afternoon",0,0.1,107,0.02,22.6099999999998
9141,1141,"Thompson Sampling","Ad_A","Desktop","Morning",0,0.05,107,0.07,22.6799999999998
9142,1142,"Thompson Sampling","Ad_C","Desktop","Morning",0,0.12,107,0,22.6799999999998
9143,1143,"Thompson Sampling","Ad_D","Desktop","Morning",0,0.1,107,0.02,22.6999999999998
9144,1144,"Thompson Sampling","Ad_D","Tablet","Afternoon",0,0.1,107,0.02,22.7199999999998
9145,1145,"Thompson Sampling","Ad_C","Mobile","Evening",1,0.12,108,0,22.7199999999998
9146,1146,"Thompson Sampling","Ad_D","Mobile","Morning",1,0.1,109,0.02,22.7399999999998
9147,1147,"Thompson Sampling","Ad_D","Tablet","Afternoon",0,0.1,109,0.02,22.7599999999998
9148,1148,"Thompson Sampling","Ad_D","Mobile","Evening",0,0.1,109,0.02,22.7799999999998
9149,1149,"Thompson Sampling","Ad_C","Mobile","Evening",0,0.12,109,0,22.7799999999998
9150,1150,"Thompson Sampling","Ad_D","Desktop","Morning",1,0.1,110,0.02,22.7999999999998
9151,1151,"Thompson Sampling","Ad_D","Tablet","Morning",0,0.1,110,0.02,22.8199999999998
9152,1152,"Thompson Sampling","Ad_C","Desktop","Afternoon",0,0.12,110,0,22.8199999999998
9153,1153,"Thompson Sampling","Ad_C","Mobile","Evening",0,0.12,110,0,22.8199999999998
9154,1154,"Thompson Sampling","Ad_D","Desktop","Morning",0,0.1,110,0.02,22.8399999999998
9155,1155,"Thompson Sampling","Ad_D","Desktop","Afternoon",0,0.1,110,0.02,22.8599999999998
9156,1156,"Thompson Sampling","Ad_C","Tablet","Evening",0,0.12,110,0,22.8599999999998
9157,1157,"Thompson Sampling","Ad_D","Mobile","Evening",1,0.1,111,0.02,22.8799999999998
9158,1158,"Thompson Sampling","Ad_C","Tablet","Evening",0,0.12,111,0,22.8799999999998
9159,1159,"Thompson Sampling","Ad_D","Desktop","Evening",1,0.1,112,0.02,22.8999999999998
9160,1160,"Thompson Sampling","Ad_C","Mobile","Afternoon",1,0.12,113,0,22.8999999999998
9161,1161,"Thompson Sampling","Ad_D","Desktop","Afternoon",0,0.1,113,0.02,22.9199999999998
9162,1162,"Thompson Sampling","Ad_D","Mobile","Evening",0,0.1,113,0.02,22.9399999999998
9163,1163,"Thompson Sampling","Ad_D","Desktop","Afternoon",1,0.1,114,0.02,22.9599999999998
9164,1164,"Thompson Sampling","Ad_C","Desktop","Morning",1,0.12,115,0,22.9599999999998
9165,1165,"Thompson Sampling","Ad_D","Desktop","Afternoon",0,0.1,115,0.02,22.9799999999998
9166,1166,"Thompson Sampling","Ad_D","Mobile","Afternoon",0,0.1,115,0.02,22.9999999999998
9167,1167,"Thompson Sampling","Ad_D","Tablet","Morning",0,0.1,115,0.02,23.0199999999998
9168,1168,"Thompson Sampling","Ad_A","Tablet","Evening",0,0.05,115,0.07,23.0899999999998
9169,1169,"Thompson Sampling","Ad_D","Desktop","Evening",0,0.1,115,0.02,23.1099999999998
9170,1170,"Thompson Sampling","Ad_C","Desktop","Morning",0,0.12,115,0,23.1099999999998
9171,1171,"Thompson Sampling","Ad_D","Tablet","Afternoon",0,0.1,115,0.02,23.1299999999998
9172,1172,"Thompson Sampling","Ad_D","Mobile","Afternoon",0,0.1,115,0.02,23.1499999999998
9173,1173,"Thompson Sampling","Ad_D","Desktop","Afternoon",0,0.1,115,0.02,23.1699999999998
9174,1174,"Thompson Sampling","Ad_C","Desktop","Evening",0,0.12,115,0,23.1699999999998
9175,1175,"Thompson Sampling","Ad_D","Mobile","Morning",0,0.1,115,0.02,23.1899999999998
9176,1176,"Thompson Sampling","Ad_D","Tablet","Morning",0,0.1,115,0.02,23.2099999999998
9177,1177,"Thompson Sampling","Ad_D","Desktop","Morning",0,0.1,115,0.02,23.2299999999998
9178,1178,"Thompson Sampling","Ad_C","Mobile","Evening",0,0.12,115,0,23.2299999999998
9179,1179,"Thompson Sampling","Ad_D","Desktop","Evening",0,0.1,115,0.02,23.2499999999998
9180,1180,"Thompson Sampling","Ad_D","Mobile","Evening",0,0.1,115,0.02,23.2699999999998
9181,1181,"Thompson Sampling","Ad_B","Desktop","Evening",0,0.08,115,0.04,23.3099999999998
9182,1182,"Thompson Sampling","Ad_D","Tablet","Evening",0,0.1,115,0.02,23.3299999999998
9183,1183,"Thompson Sampling","Ad_D","Desktop","Evening",1,0.1,116,0.02,23.3499999999998
9184,1184,"Thompson Sampling","Ad_C","Desktop","Afternoon",0,0.12,116,0,23.3499999999998
9185,1185,"Thompson Sampling","Ad_D","Tablet","Evening",0,0.1,116,0.02,23.3699999999998
9186,1186,"Thompson Sampling","Ad_B","Mobile","Evening",0,0.08,116,0.04,23.4099999999998
9187,1187,"Thompson Sampling","Ad_D","Tablet","Evening",0,0.1,116,0.02,23.4299999999998
9188,1188,"Thompson Sampling","Ad_D","Tablet","Afternoon",0,0.1,116,0.02,23.4499999999998
9189,1189,"Thompson Sampling","Ad_C","Desktop","Afternoon",0,0.12,116,0,23.4499999999998
9190,1190,"Thompson Sampling","Ad_D","Tablet","Afternoon",0,0.1,116,0.02,23.4699999999998
9191,1191,"Thompson Sampling","Ad_D","Tablet","Morning",1,0.1,117,0.02,23.4899999999997
9192,1192,"Thompson Sampling","Ad_D","Mobile","Morning",0,0.1,117,0.02,23.5099999999997
9193,1193,"Thompson Sampling","Ad_C","Mobile","Morning",0,0.12,117,0,23.5099999999997
9194,1194,"Thompson Sampling","Ad_C","Tablet","Morning",0,0.12,117,0,23.5099999999997
9195,1195,"Thompson Sampling","Ad_C","Desktop","Evening",1,0.12,118,0,23.5099999999997
9196,1196,"Thompson Sampling","Ad_D","Desktop","Afternoon",0,0.1,118,0.02,23.5299999999997
9197,1197,"Thompson Sampling","Ad_C","Desktop","Evening",0,0.12,118,0,23.5299999999997
9198,1198,"Thompson Sampling","Ad_D","Tablet","Morning",0,0.1,118,0.02,23.5499999999997
9199,1199,"Thompson Sampling","Ad_C","Tablet","Evening",1,0.12,119,0,23.5499999999997
9200,1200,"Thompson Sampling","Ad_D","Tablet","Evening",0,0.1,119,0.02,23.5699999999997
9201,1201,"Thompson Sampling","Ad_D","Tablet","Morning",0,0.1,119,0.02,23.5899999999997
9202,1202,"Thompson Sampling","Ad_D","Desktop","Evening",0,0.1,119,0.02,23.6099999999997
9203,1203,"Thompson Sampling","Ad_D","Tablet","Morning",0,0.1,119,0.02,23.6299999999997
9204,1204,"Thompson Sampling","Ad_D","Mobile","Afternoon",0,0.1,119,0.02,23.6499999999997
9205,1205,"Thompson Sampling","Ad_C","Tablet","Morning",0,0.12,119,0,23.6499999999997
9206,1206,"Thompson Sampling","Ad_C","Mobile","Evening",0,0.12,119,0,23.6499999999997
9207,1207,"Thompson Sampling","Ad_D","Mobile","Morning",0,0.1,119,0.02,23.6699999999997
9208,1208,"Thompson Sampling","Ad_D","Tablet","Evening",0,0.1,119,0.02,23.6899999999997
9209,1209,"Thompson Sampling","Ad_B","Tablet","Morning",0,0.08,119,0.04,23.7299999999997
9210,1210,"Thompson Sampling","Ad_D","Mobile","Afternoon",0,0.1,119,0.02,23.7499999999997
9211,1211,"Thompson Sampling","Ad_D","Desktop","Morning",0,0.1,119,0.02,23.7699999999997
9212,1212,"Thompson Sampling","Ad_C","Mobile","Afternoon",0,0.12,119,0,23.7699999999997
9213,1213,"Thompson Sampling","Ad_D","Mobile","Evening",0,0.1,119,0.02,23.7899999999997
9214,1214,"Thompson Sampling","Ad_C","Desktop","Afternoon",0,0.12,119,0,23.7899999999997
9215,1215,"Thompson Sampling","Ad_C","Mobile","Morning",0,0.12,119,0,23.7899999999997
9216,1216,"Thompson Sampling","Ad_D","Desktop","Evening",0,0.1,119,0.02,23.8099999999997
9217,1217,"Thompson Sampling","Ad_C","Tablet","Afternoon",1,0.12,120,0,23.8099999999997
9218,1218,"Thompson Sampling","Ad_D","Desktop","Afternoon",0,0.1,120,0.02,23.8299999999997
9219,1219,"Thompson Sampling","Ad_C","Mobile","Afternoon",0,0.12,120,0,23.8299999999997
9220,1220,"Thompson Sampling","Ad_D","Tablet","Afternoon",0,0.1,120,0.02,23.8499999999997
9221,1221,"Thompson Sampling","Ad_D","Desktop","Morning",0,0.1,120,0.02,23.8699999999997
9222,1222,"Thompson Sampling","Ad_C","Tablet","Afternoon",1,0.12,121,0,23.8699999999997
9223,1223,"Thompson Sampling","Ad_C","Desktop","Afternoon",0,0.12,121,0,23.8699999999997
9224,1224,"Thompson Sampling","Ad_D","Tablet","Afternoon",0,0.1,121,0.02,23.8899999999997
9225,1225,"Thompson Sampling","Ad_C","Mobile","Afternoon",0,0.12,121,0,23.8899999999997
9226,1226,"Thompson Sampling","Ad_C","Mobile","Morning",0,0.12,121,0,23.8899999999997
9227,1227,"Thompson Sampling","Ad_D","Tablet","Evening",0,0.1,121,0.02,23.9099999999997
9228,1228,"Thompson Sampling","Ad_D","Mobile","Morning",0,0.1,121,0.02,23.9299999999997
9229,1229,"Thompson Sampling","Ad_C","Desktop","Morning",0,0.12,121,0,23.9299999999997
9230,1230,"Thompson Sampling","Ad_C","Mobile","Evening",0,0.12,121,0,23.9299999999997
9231,1231,"Thompson Sampling","Ad_C","Tablet","Evening",0,0.12,121,0,23.9299999999997
9232,1232,"Thompson Sampling","Ad_A","Desktop","Evening",0,0.05,121,0.07,23.9999999999997
9233,1233,"Thompson Sampling","Ad_C","Tablet","Evening",0,0.12,121,0,23.9999999999997
9234,1234,"Thompson Sampling","Ad_D","Tablet","Evening",0,0.1,121,0.02,24.0199999999997
9235,1235,"Thompson Sampling","Ad_D","Mobile","Morning",0,0.1,121,0.02,24.0399999999997
9236,1236,"Thompson Sampling","Ad_D","Tablet","Afternoon",0,0.1,121,0.02,24.0599999999997
9237,1237,"Thompson Sampling","Ad_D","Desktop","Afternoon",0,0.1,121,0.02,24.0799999999997
9238,1238,"Thompson Sampling","Ad_C","Desktop","Evening",0,0.12,121,0,24.0799999999997
9239,1239,"Thompson Sampling","Ad_D","Mobile","Afternoon",0,0.1,121,0.02,24.0999999999997
9240,1240,"Thompson Sampling","Ad_D","Desktop","Evening",0,0.1,121,0.02,24.1199999999997
9241,1241,"Thompson Sampling","Ad_D","Tablet","Morning",0,0.1,121,0.02,24.1399999999997
9242,1242,"Thompson Sampling","Ad_B","Mobile","Afternoon",0,0.08,121,0.04,24.1799999999997
9243,1243,"Thompson Sampling","Ad_D","Mobile","Morning",0,0.1,121,0.02,24.1999999999997
9244,1244,"Thompson Sampling","Ad_C","Mobile","Morning",0,0.12,121,0,24.1999999999997
9245,1245,"Thompson Sampling","Ad_C","Desktop","Afternoon",1,0.12,122,0,24.1999999999997
9246,1246,"Thompson Sampling","Ad_C","Desktop","Morning",0,0.12,122,0,24.1999999999997
9247,1247,"Thompson Sampling","Ad_D","Mobile","Evening",1,0.1,123,0.02,24.2199999999997
9248,1248,"Thompson Sampling","Ad_C","Mobile","Morning",0,0.12,123,0,24.2199999999997
9249,1249,"Thompson Sampling","Ad_A","Tablet","Afternoon",0,0.05,123,0.07,24.2899999999997
9250,1250,"Thompson Sampling","Ad_C","Tablet","Morning",0,0.12,123,0,24.2899999999997
9251,1251,"Thompson Sampling","Ad_D","Tablet","Evening",0,0.1,123,0.02,24.3099999999997
9252,1252,"Thompson Sampling","Ad_D","Tablet","Afternoon",0,0.1,123,0.02,24.3299999999997
9253,1253,"Thompson Sampling","Ad_C","Desktop","Evening",0,0.12,123,0,24.3299999999997
9254,1254,"Thompson Sampling","Ad_D","Desktop","Afternoon",0,0.1,123,0.02,24.3499999999997
9255,1255,"Thompson Sampling","Ad_D","Desktop","Evening",1,0.1,124,0.02,24.3699999999997
9256,1256,"Thompson Sampling","Ad_D","Tablet","Morning",0,0.1,124,0.02,24.3899999999997
9257,1257,"Thompson Sampling","Ad_C","Tablet","Afternoon",0,0.12,124,0,24.3899999999997
9258,1258,"Thompson Sampling","Ad_C","Tablet","Morning",0,0.12,124,0,24.3899999999997
9259,1259,"Thompson Sampling","Ad_D","Tablet","Afternoon",1,0.1,125,0.02,24.4099999999997
9260,1260,"Thompson Sampling","Ad_D","Mobile","Evening",0,0.1,125,0.02,24.4299999999997
9261,1261,"Thompson Sampling","Ad_D","Mobile","Evening",0,0.1,125,0.02,24.4499999999997
9262,1262,"Thompson Sampling","Ad_C","Mobile","Evening",0,0.12,125,0,24.4499999999997
9263,1263,"Thompson Sampling","Ad_C","Tablet","Morning",0,0.12,125,0,24.4499999999997
9264,1264,"Thompson Sampling","Ad_C","Mobile","Evening",0,0.12,125,0,24.4499999999997
9265,1265,"Thompson Sampling","Ad_D","Desktop","Afternoon",0,0.1,125,0.02,24.4699999999997
9266,1266,"Thompson Sampling","Ad_D","Desktop","Afternoon",0,0.1,125,0.02,24.4899999999997
9267,1267,"Thompson Sampling","Ad_D","Tablet","Evening",0,0.1,125,0.02,24.5099999999997
9268,1268,"Thompson Sampling","Ad_C","Mobile","Afternoon",0,0.12,125,0,24.5099999999997
9269,1269,"Thompson Sampling","Ad_C","Mobile","Morning",0,0.12,125,0,24.5099999999997
9270,1270,"Thompson Sampling","Ad_D","Tablet","Afternoon",0,0.1,125,0.02,24.5299999999997
9271,1271,"Thompson Sampling","Ad_C","Tablet","Afternoon",1,0.12,126,0,24.5299999999997
9272,1272,"Thompson Sampling","Ad_D","Tablet","Afternoon",0,0.1,126,0.02,24.5499999999997
9273,1273,"Thompson Sampling","Ad_D","Mobile","Morning",0,0.1,126,0.02,24.5699999999997
9274,1274,"Thompson Sampling","Ad_C","Tablet","Evening",0,0.12,126,0,24.5699999999997
9275,1275,"Thompson Sampling","Ad_C","Tablet","Morning",0,0.12,126,0,24.5699999999997
9276,1276,"Thompson Sampling","Ad_C","Tablet","Evening",0,0.12,126,0,24.5699999999997
9277,1277,"Thompson Sampling","Ad_D","Tablet","Afternoon",1,0.1,127,0.02,24.5899999999997
9278,1278,"Thompson Sampling","Ad_D","Mobile","Morning",0,0.1,127,0.02,24.6099999999997
9279,1279,"Thompson Sampling","Ad_C","Tablet","Evening",0,0.12,127,0,24.6099999999997
9280,1280,"Thompson Sampling","Ad_C","Mobile","Morning",1,0.12,128,0,24.6099999999997
9281,1281,"Thompson Sampling","Ad_C","Desktop","Afternoon",0,0.12,128,0,24.6099999999997
9282,1282,"Thompson Sampling","Ad_C","Mobile","Evening",0,0.12,128,0,24.6099999999997
9283,1283,"Thompson Sampling","Ad_D","Desktop","Afternoon",0,0.1,128,0.02,24.6299999999997
9284,1284,"Thompson Sampling","Ad_D","Desktop","Morning",0,0.1,128,0.02,24.6499999999997
9285,1285,"Thompson Sampling","Ad_D","Tablet","Morning",0,0.1,128,0.02,24.6699999999997
9286,1286,"Thompson Sampling","Ad_D","Mobile","Morning",0,0.1,128,0.02,24.6899999999997
9287,1287,"Thompson Sampling","Ad_D","Tablet","Morning",1,0.1,129,0.02,24.7099999999997
9288,1288,"Thompson Sampling","Ad_D","Mobile","Evening",0,0.1,129,0.02,24.7299999999997
9289,1289,"Thompson Sampling","Ad_D","Mobile","Evening",0,0.1,129,0.02,24.7499999999997
9290,1290,"Thompson Sampling","Ad_D","Tablet","Morning",0,0.1,129,0.02,24.7699999999997
9291,1291,"Thompson Sampling","Ad_D","Mobile","Evening",1,0.1,130,0.02,24.7899999999997
9292,1292,"Thompson Sampling","Ad_D","Mobile","Afternoon",1,0.1,131,0.02,24.8099999999997
9293,1293,"Thompson Sampling","Ad_C","Tablet","Afternoon",0,0.12,131,0,24.8099999999997
9294,1294,"Thompson Sampling","Ad_D","Tablet","Afternoon",0,0.1,131,0.02,24.8299999999997
9295,1295,"Thompson Sampling","Ad_D","Tablet","Afternoon",0,0.1,131,0.02,24.8499999999997
9296,1296,"Thompson Sampling","Ad_C","Tablet","Morning",1,0.12,132,0,24.8499999999997
9297,1297,"Thompson Sampling","Ad_C","Desktop","Afternoon",0,0.12,132,0,24.8499999999997
9298,1298,"Thompson Sampling","Ad_D","Desktop","Morning",0,0.1,132,0.02,24.8699999999997
9299,1299,"Thompson Sampling","Ad_C","Desktop","Evening",0,0.12,132,0,24.8699999999997
9300,1300,"Thompson Sampling","Ad_C","Mobile","Evening",0,0.12,132,0,24.8699999999997
9301,1301,"Thompson Sampling","Ad_D","Tablet","Morning",0,0.1,132,0.02,24.8899999999997
9302,1302,"Thompson Sampling","Ad_C","Desktop","Morning",0,0.12,132,0,24.8899999999997
9303,1303,"Thompson Sampling","Ad_D","Tablet","Afternoon",1,0.1,133,0.02,24.9099999999997
9304,1304,"Thompson Sampling","Ad_D","Desktop","Morning",0,0.1,133,0.02,24.9299999999997
9305,1305,"Thompson Sampling","Ad_D","Desktop","Afternoon",0,0.1,133,0.02,24.9499999999997
9306,1306,"Thompson Sampling","Ad_D","Mobile","Morning",1,0.1,134,0.02,24.9699999999997
9307,1307,"Thompson Sampling","Ad_C","Mobile","Afternoon",1,0.12,135,0,24.9699999999997
9308,1308,"Thompson Sampling","Ad_C","Mobile","Evening",0,0.12,135,0,24.9699999999997
9309,1309,"Thompson Sampling","Ad_D","Desktop","Evening",0,0.1,135,0.02,24.9899999999997
9310,1310,"Thompson Sampling","Ad_C","Tablet","Morning",0,0.12,135,0,24.9899999999997
9311,1311,"Thompson Sampling","Ad_C","Tablet","Evening",0,0.12,135,0,24.9899999999997
9312,1312,"Thompson Sampling","Ad_D","Desktop","Morning",0,0.1,135,0.02,25.0099999999997
9313,1313,"Thompson Sampling","Ad_D","Desktop","Evening",0,0.1,135,0.02,25.0299999999997
9314,1314,"Thompson Sampling","Ad_D","Tablet","Afternoon",0,0.1,135,0.02,25.0499999999997
9315,1315,"Thompson Sampling","Ad_D","Tablet","Evening",0,0.1,135,0.02,25.0699999999997
9316,1316,"Thompson Sampling","Ad_D","Desktop","Evening",0,0.1,135,0.02,25.0899999999997
9317,1317,"Thompson Sampling","Ad_D","Mobile","Afternoon",1,0.1,136,0.02,25.1099999999997
9318,1318,"Thompson Sampling","Ad_D","Desktop","Morning",0,0.1,136,0.02,25.1299999999997
9319,1319,"Thompson Sampling","Ad_C","Tablet","Morning",0,0.12,136,0,25.1299999999997
9320,1320,"Thompson Sampling","Ad_D","Mobile","Morning",0,0.1,136,0.02,25.1499999999997
9321,1321,"Thompson Sampling","Ad_D","Tablet","Afternoon",0,0.1,136,0.02,25.1699999999997
9322,1322,"Thompson Sampling","Ad_B","Mobile","Morning",0,0.08,136,0.04,25.2099999999997
9323,1323,"Thompson Sampling","Ad_D","Tablet","Evening",0,0.1,136,0.02,25.2299999999997
9324,1324,"Thompson Sampling","Ad_D","Mobile","Evening",1,0.1,137,0.02,25.2499999999997
9325,1325,"Thompson Sampling","Ad_C","Desktop","Evening",0,0.12,137,0,25.2499999999997
9326,1326,"Thompson Sampling","Ad_D","Mobile","Morning",0,0.1,137,0.02,25.2699999999997
9327,1327,"Thompson Sampling","Ad_D","Tablet","Evening",0,0.1,137,0.02,25.2899999999997
9328,1328,"Thompson Sampling","Ad_C","Mobile","Evening",0,0.12,137,0,25.2899999999997
9329,1329,"Thompson Sampling","Ad_D","Mobile","Afternoon",0,0.1,137,0.02,25.3099999999997
9330,1330,"Thompson Sampling","Ad_D","Desktop","Afternoon",0,0.1,137,0.02,25.3299999999997
9331,1331,"Thompson Sampling","Ad_D","Desktop","Afternoon",0,0.1,137,0.02,25.3499999999997
9332,1332,"Thompson Sampling","Ad_D","Tablet","Morning",1,0.1,138,0.02,25.3699999999997
9333,1333,"Thompson Sampling","Ad_D","Tablet","Afternoon",0,0.1,138,0.02,25.3899999999997
9334,1334,"Thompson Sampling","Ad_C","Tablet","Morning",0,0.12,138,0,25.3899999999997
9335,1335,"Thompson Sampling","Ad_D","Mobile","Evening",0,0.1,138,0.02,25.4099999999997
9336,1336,"Thompson Sampling","Ad_A","Tablet","Evening",0,0.05,138,0.07,25.4799999999997
9337,1337,"Thompson Sampling","Ad_C","Mobile","Evening",0,0.12,138,0,25.4799999999997
9338,1338,"Thompson Sampling","Ad_D","Mobile","Evening",0,0.1,138,0.02,25.4999999999997
9339,1339,"Thompson Sampling","Ad_D","Mobile","Evening",0,0.1,138,0.02,25.5199999999997
9340,1340,"Thompson Sampling","Ad_D","Desktop","Morning",0,0.1,138,0.02,25.5399999999997
9341,1341,"Thompson Sampling","Ad_C","Mobile","Evening",0,0.12,138,0,25.5399999999997
9342,1342,"Thompson Sampling","Ad_C","Mobile","Evening",0,0.12,138,0,25.5399999999997
9343,1343,"Thompson Sampling","Ad_D","Desktop","Evening",1,0.1,139,0.02,25.5599999999997
9344,1344,"Thompson Sampling","Ad_B","Desktop","Afternoon",0,0.08,139,0.04,25.5999999999997
9345,1345,"Thompson Sampling","Ad_D","Desktop","Afternoon",0,0.1,139,0.02,25.6199999999997
9346,1346,"Thompson Sampling","Ad_D","Desktop","Afternoon",0,0.1,139,0.02,25.6399999999997
9347,1347,"Thompson Sampling","Ad_D","Tablet","Evening",0,0.1,139,0.02,25.6599999999997
9348,1348,"Thompson Sampling","Ad_B","Desktop","Morning",1,0.08,140,0.04,25.6999999999997
9349,1349,"Thompson Sampling","Ad_D","Tablet","Evening",0,0.1,140,0.02,25.7199999999997
9350,1350,"Thompson Sampling","Ad_C","Desktop","Evening",0,0.12,140,0,25.7199999999997
9351,1351,"Thompson Sampling","Ad_C","Mobile","Evening",1,0.12,141,0,25.7199999999997
9352,1352,"Thompson Sampling","Ad_D","Tablet","Afternoon",0,0.1,141,0.02,25.7399999999997
9353,1353,"Thompson Sampling","Ad_D","Mobile","Evening",0,0.1,141,0.02,25.7599999999997
9354,1354,"Thompson Sampling","Ad_D","Mobile","Evening",0,0.1,141,0.02,25.7799999999997
9355,1355,"Thompson Sampling","Ad_D","Mobile","Afternoon",0,0.1,141,0.02,25.7999999999997
9356,1356,"Thompson Sampling","Ad_D","Tablet","Afternoon",0,0.1,141,0.02,25.8199999999997
9357,1357,"Thompson Sampling","Ad_C","Mobile","Morning",0,0.12,141,0,25.8199999999997
9358,1358,"Thompson Sampling","Ad_D","Desktop","Morning",0,0.1,141,0.02,25.8399999999997
9359,1359,"Thompson Sampling","Ad_C","Mobile","Morning",0,0.12,141,0,25.8399999999997
9360,1360,"Thompson Sampling","Ad_A","Desktop","Afternoon",0,0.05,141,0.07,25.9099999999997
9361,1361,"Thompson Sampling","Ad_D","Mobile","Evening",0,0.1,141,0.02,25.9299999999997
9362,1362,"Thompson Sampling","Ad_D","Desktop","Morning",0,0.1,141,0.02,25.9499999999997
9363,1363,"Thompson Sampling","Ad_D","Desktop","Afternoon",0,0.1,141,0.02,25.9699999999997
9364,1364,"Thompson Sampling","Ad_D","Desktop","Morning",0,0.1,141,0.02,25.9899999999997
9365,1365,"Thompson Sampling","Ad_D","Mobile","Morning",0,0.1,141,0.02,26.0099999999997
9366,1366,"Thompson Sampling","Ad_D","Tablet","Afternoon",0,0.1,141,0.02,26.0299999999997
9367,1367,"Thompson Sampling","Ad_D","Desktop","Evening",0,0.1,141,0.02,26.0499999999997
9368,1368,"Thompson Sampling","Ad_B","Mobile","Evening",0,0.08,141,0.04,26.0899999999997
9369,1369,"Thompson Sampling","Ad_C","Desktop","Morning",0,0.12,141,0,26.0899999999997
9370,1370,"Thompson Sampling","Ad_C","Tablet","Morning",0,0.12,141,0,26.0899999999997
9371,1371,"Thompson Sampling","Ad_C","Tablet","Afternoon",1,0.12,142,0,26.0899999999997
9372,1372,"Thompson Sampling","Ad_C","Tablet","Morning",0,0.12,142,0,26.0899999999997
9373,1373,"Thompson Sampling","Ad_D","Desktop","Morning",0,0.1,142,0.02,26.1099999999997
9374,1374,"Thompson Sampling","Ad_C","Tablet","Morning",0,0.12,142,0,26.1099999999997
9375,1375,"Thompson Sampling","Ad_D","Tablet","Evening",0,0.1,142,0.02,26.1299999999997
9376,1376,"Thompson Sampling","Ad_D","Desktop","Evening",0,0.1,142,0.02,26.1499999999997
9377,1377,"Thompson Sampling","Ad_D","Desktop","Afternoon",0,0.1,142,0.02,26.1699999999997
9378,1378,"Thompson Sampling","Ad_D","Desktop","Morning",0,0.1,142,0.02,26.1899999999997
9379,1379,"Thompson Sampling","Ad_C","Desktop","Evening",0,0.12,142,0,26.1899999999997
9380,1380,"Thompson Sampling","Ad_C","Desktop","Evening",0,0.12,142,0,26.1899999999997
9381,1381,"Thompson Sampling","Ad_D","Tablet","Evening",0,0.1,142,0.02,26.2099999999997
9382,1382,"Thompson Sampling","Ad_D","Desktop","Evening",0,0.1,142,0.02,26.2299999999997
9383,1383,"Thompson Sampling","Ad_C","Desktop","Afternoon",0,0.12,142,0,26.2299999999997
9384,1384,"Thompson Sampling","Ad_C","Desktop","Afternoon",0,0.12,142,0,26.2299999999997
9385,1385,"Thompson Sampling","Ad_D","Tablet","Morning",0,0.1,142,0.02,26.2499999999997
9386,1386,"Thompson Sampling","Ad_C","Desktop","Morning",1,0.12,143,0,26.2499999999997
9387,1387,"Thompson Sampling","Ad_D","Desktop","Afternoon",0,0.1,143,0.02,26.2699999999997
9388,1388,"Thompson Sampling","Ad_D","Tablet","Evening",0,0.1,143,0.02,26.2899999999997
9389,1389,"Thompson Sampling","Ad_C","Mobile","Morning",0,0.12,143,0,26.2899999999997
9390,1390,"Thompson Sampling","Ad_D","Tablet","Evening",0,0.1,143,0.02,26.3099999999997
9391,1391,"Thompson Sampling","Ad_D","Tablet","Evening",0,0.1,143,0.02,26.3299999999997
9392,1392,"Thompson Sampling","Ad_D","Desktop","Afternoon",0,0.1,143,0.02,26.3499999999997
9393,1393,"Thompson Sampling","Ad_C","Desktop","Afternoon",0,0.12,143,0,26.3499999999997
9394,1394,"Thompson Sampling","Ad_C","Desktop","Evening",0,0.12,143,0,26.3499999999997
9395,1395,"Thompson Sampling","Ad_D","Desktop","Afternoon",0,0.1,143,0.02,26.3699999999997
9396,1396,"Thompson Sampling","Ad_C","Mobile","Afternoon",0,0.12,143,0,26.3699999999997
9397,1397,"Thompson Sampling","Ad_D","Mobile","Afternoon",0,0.1,143,0.02,26.3899999999997
9398,1398,"Thompson Sampling","Ad_D","Desktop","Evening",0,0.1,143,0.02,26.4099999999997
9399,1399,"Thompson Sampling","Ad_C","Mobile","Afternoon",0,0.12,143,0,26.4099999999997
9400,1400,"Thompson Sampling","Ad_C","Mobile","Evening",1,0.12,144,0,26.4099999999997
9401,1401,"Thompson Sampling","Ad_C","Desktop","Evening",0,0.12,144,0,26.4099999999997
9402,1402,"Thompson Sampling","Ad_D","Mobile","Morning",0,0.1,144,0.02,26.4299999999997
9403,1403,"Thompson Sampling","Ad_D","Desktop","Afternoon",1,0.1,145,0.02,26.4499999999997
9404,1404,"Thompson Sampling","Ad_C","Tablet","Afternoon",0,0.12,145,0,26.4499999999997
9405,1405,"Thompson Sampling","Ad_D","Tablet","Evening",1,0.1,146,0.02,26.4699999999997
9406,1406,"Thompson Sampling","Ad_C","Desktop","Evening",0,0.12,146,0,26.4699999999997
9407,1407,"Thompson Sampling","Ad_C","Tablet","Afternoon",0,0.12,146,0,26.4699999999997
9408,1408,"Thompson Sampling","Ad_D","Desktop","Evening",0,0.1,146,0.02,26.4899999999997
9409,1409,"Thompson Sampling","Ad_C","Desktop","Afternoon",0,0.12,146,0,26.4899999999997
9410,1410,"Thompson Sampling","Ad_C","Tablet","Afternoon",0,0.12,146,0,26.4899999999997
9411,1411,"Thompson Sampling","Ad_D","Tablet","Afternoon",0,0.1,146,0.02,26.5099999999997
9412,1412,"Thompson Sampling","Ad_D","Mobile","Afternoon",0,0.1,146,0.02,26.5299999999997
9413,1413,"Thompson Sampling","Ad_C","Mobile","Evening",0,0.12,146,0,26.5299999999997
9414,1414,"Thompson Sampling","Ad_D","Mobile","Morning",0,0.1,146,0.02,26.5499999999997
9415,1415,"Thompson Sampling","Ad_C","Tablet","Morning",0,0.12,146,0,26.5499999999997
9416,1416,"Thompson Sampling","Ad_C","Mobile","Evening",0,0.12,146,0,26.5499999999997
9417,1417,"Thompson Sampling","Ad_D","Desktop","Evening",0,0.1,146,0.02,26.5699999999997
9418,1418,"Thompson Sampling","Ad_C","Tablet","Morning",0,0.12,146,0,26.5699999999997
9419,1419,"Thompson Sampling","Ad_C","Desktop","Afternoon",1,0.12,147,0,26.5699999999997
9420,1420,"Thompson Sampling","Ad_D","Tablet","Afternoon",0,0.1,147,0.02,26.5899999999997
9421,1421,"Thompson Sampling","Ad_C","Tablet","Morning",0,0.12,147,0,26.5899999999997
9422,1422,"Thompson Sampling","Ad_C","Mobile","Morning",0,0.12,147,0,26.5899999999997
9423,1423,"Thompson Sampling","Ad_D","Mobile","Afternoon",0,0.1,147,0.02,26.6099999999997
9424,1424,"Thompson Sampling","Ad_C","Tablet","Afternoon",0,0.12,147,0,26.6099999999997
9425,1425,"Thompson Sampling","Ad_C","Tablet","Morning",0,0.12,147,0,26.6099999999997
9426,1426,"Thompson Sampling","Ad_D","Desktop","Afternoon",0,0.1,147,0.02,26.6299999999997
9427,1427,"Thompson Sampling","Ad_C","Tablet","Morning",0,0.12,147,0,26.6299999999997
9428,1428,"Thompson Sampling","Ad_D","Tablet","Evening",0,0.1,147,0.02,26.6499999999997
9429,1429,"Thompson Sampling","Ad_C","Desktop","Morning",0,0.12,147,0,26.6499999999997
9430,1430,"Thompson Sampling","Ad_D","Desktop","Morning",1,0.1,148,0.02,26.6699999999997
9431,1431,"Thompson Sampling","Ad_C","Tablet","Evening",0,0.12,148,0,26.6699999999997
9432,1432,"Thompson Sampling","Ad_D","Desktop","Morning",0,0.1,148,0.02,26.6899999999997
9433,1433,"Thompson Sampling","Ad_D","Desktop","Morning",0,0.1,148,0.02,26.7099999999997
9434,1434,"Thompson Sampling","Ad_C","Mobile","Morning",0,0.12,148,0,26.7099999999997
9435,1435,"Thompson Sampling","Ad_D","Mobile","Morning",0,0.1,148,0.02,26.7299999999997
9436,1436,"Thompson Sampling","Ad_D","Tablet","Evening",0,0.1,148,0.02,26.7499999999997
9437,1437,"Thompson Sampling","Ad_D","Mobile","Evening",0,0.1,148,0.02,26.7699999999997
9438,1438,"Thompson Sampling","Ad_D","Desktop","Afternoon",0,0.1,148,0.02,26.7899999999997
9439,1439,"Thompson Sampling","Ad_D","Mobile","Afternoon",0,0.1,148,0.02,26.8099999999997
9440,1440,"Thompson Sampling","Ad_D","Tablet","Morning",0,0.1,148,0.02,26.8299999999997
9441,1441,"Thompson Sampling","Ad_D","Mobile","Afternoon",0,0.1,148,0.02,26.8499999999997
9442,1442,"Thompson Sampling","Ad_D","Desktop","Evening",0,0.1,148,0.02,26.8699999999997
9443,1443,"Thompson Sampling","Ad_D","Desktop","Morning",0,0.1,148,0.02,26.8899999999997
9444,1444,"Thompson Sampling","Ad_C","Mobile","Morning",0,0.12,148,0,26.8899999999997
9445,1445,"Thompson Sampling","Ad_C","Tablet","Evening",0,0.12,148,0,26.8899999999997
9446,1446,"Thompson Sampling","Ad_D","Mobile","Afternoon",0,0.1,148,0.02,26.9099999999997
9447,1447,"Thompson Sampling","Ad_D","Desktop","Morning",0,0.1,148,0.02,26.9299999999997
9448,1448,"Thompson Sampling","Ad_D","Tablet","Evening",0,0.1,148,0.02,26.9499999999997
9449,1449,"Thompson Sampling","Ad_D","Tablet","Evening",0,0.1,148,0.02,26.9699999999997
9450,1450,"Thompson Sampling","Ad_D","Desktop","Afternoon",0,0.1,148,0.02,26.9899999999997
9451,1451,"Thompson Sampling","Ad_C","Desktop","Evening",1,0.12,149,0,26.9899999999997
9452,1452,"Thompson Sampling","Ad_C","Tablet","Morning",0,0.12,149,0,26.9899999999997
9453,1453,"Thompson Sampling","Ad_D","Mobile","Afternoon",0,0.1,149,0.02,27.0099999999997
9454,1454,"Thompson Sampling","Ad_D","Tablet","Afternoon",0,0.1,149,0.02,27.0299999999997
9455,1455,"Thompson Sampling","Ad_D","Mobile","Evening",0,0.1,149,0.02,27.0499999999997
9456,1456,"Thompson Sampling","Ad_C","Tablet","Afternoon",0,0.12,149,0,27.0499999999997
9457,1457,"Thompson Sampling","Ad_D","Tablet","Afternoon",0,0.1,149,0.02,27.0699999999997
9458,1458,"Thompson Sampling","Ad_D","Mobile","Afternoon",0,0.1,149,0.02,27.0899999999997
9459,1459,"Thompson Sampling","Ad_C","Mobile","Morning",1,0.12,150,0,27.0899999999997
9460,1460,"Thompson Sampling","Ad_D","Tablet","Evening",0,0.1,150,0.02,27.1099999999997
9461,1461,"Thompson Sampling","Ad_B","Desktop","Afternoon",0,0.08,150,0.04,27.1499999999997
9462,1462,"Thompson Sampling","Ad_D","Tablet","Morning",0,0.1,150,0.02,27.1699999999997
9463,1463,"Thompson Sampling","Ad_C","Mobile","Morning",0,0.12,150,0,27.1699999999997
9464,1464,"Thompson Sampling","Ad_C","Mobile","Afternoon",0,0.12,150,0,27.1699999999997
9465,1465,"Thompson Sampling","Ad_C","Mobile","Evening",0,0.12,150,0,27.1699999999997
9466,1466,"Thompson Sampling","Ad_C","Tablet","Morning",0,0.12,150,0,27.1699999999997
9467,1467,"Thompson Sampling","Ad_C","Mobile","Morning",0,0.12,150,0,27.1699999999997
9468,1468,"Thompson Sampling","Ad_D","Tablet","Afternoon",0,0.1,150,0.02,27.1899999999997
9469,1469,"Thompson Sampling","Ad_D","Tablet","Afternoon",1,0.1,151,0.02,27.2099999999997
9470,1470,"Thompson Sampling","Ad_D","Desktop","Afternoon",0,0.1,151,0.02,27.2299999999997
9471,1471,"Thompson Sampling","Ad_C","Desktop","Morning",0,0.12,151,0,27.2299999999997
9472,1472,"Thompson Sampling","Ad_C","Mobile","Morning",0,0.12,151,0,27.2299999999997
9473,1473,"Thompson Sampling","Ad_D","Tablet","Evening",0,0.1,151,0.02,27.2499999999997
9474,1474,"Thompson Sampling","Ad_D","Mobile","Evening",0,0.1,151,0.02,27.2699999999997
9475,1475,"Thompson Sampling","Ad_D","Mobile","Evening",0,0.1,151,0.02,27.2899999999997
9476,1476,"Thompson Sampling","Ad_D","Desktop","Morning",0,0.1,151,0.02,27.3099999999997
9477,1477,"Thompson Sampling","Ad_C","Desktop","Evening",0,0.12,151,0,27.3099999999997
9478,1478,"Thompson Sampling","Ad_C","Desktop","Evening",0,0.12,151,0,27.3099999999997
9479,1479,"Thompson Sampling","Ad_C","Tablet","Afternoon",0,0.12,151,0,27.3099999999997
9480,1480,"Thompson Sampling","Ad_D","Mobile","Afternoon",0,0.1,151,0.02,27.3299999999997
9481,1481,"Thompson Sampling","Ad_D","Tablet","Afternoon",0,0.1,151,0.02,27.3499999999997
9482,1482,"Thompson Sampling","Ad_B","Tablet","Afternoon",0,0.08,151,0.04,27.3899999999997
9483,1483,"Thompson Sampling","Ad_D","Tablet","Evening",0,0.1,151,0.02,27.4099999999997
9484,1484,"Thompson Sampling","Ad_D","Mobile","Morning",0,0.1,151,0.02,27.4299999999997
9485,1485,"Thompson Sampling","Ad_C","Mobile","Evening",0,0.12,151,0,27.4299999999997
9486,1486,"Thompson Sampling","Ad_B","Tablet","Evening",0,0.08,151,0.04,27.4699999999997
9487,1487,"Thompson Sampling","Ad_A","Tablet","Morning",0,0.05,151,0.07,27.5399999999997
9488,1488,"Thompson Sampling","Ad_C","Mobile","Afternoon",0,0.12,151,0,27.5399999999997
9489,1489,"Thompson Sampling","Ad_C","Tablet","Morning",0,0.12,151,0,27.5399999999997
9490,1490,"Thompson Sampling","Ad_D","Tablet","Afternoon",0,0.1,151,0.02,27.5599999999997
9491,1491,"Thompson Sampling","Ad_C","Desktop","Afternoon",0,0.12,151,0,27.5599999999997
9492,1492,"Thompson Sampling","Ad_D","Desktop","Afternoon",1,0.1,152,0.02,27.5799999999997
9493,1493,"Thompson Sampling","Ad_D","Desktop","Afternoon",0,0.1,152,0.02,27.5999999999997
9494,1494,"Thompson Sampling","Ad_C","Tablet","Evening",0,0.12,152,0,27.5999999999997
9495,1495,"Thompson Sampling","Ad_C","Desktop","Evening",0,0.12,152,0,27.5999999999997
9496,1496,"Thompson Sampling","Ad_C","Tablet","Morning",0,0.12,152,0,27.5999999999997
9497,1497,"Thompson Sampling","Ad_D","Desktop","Morning",0,0.1,152,0.02,27.6199999999997
9498,1498,"Thompson Sampling","Ad_D","Tablet","Afternoon",0,0.1,152,0.02,27.6399999999997
9499,1499,"Thompson Sampling","Ad_C","Tablet","Afternoon",0,0.12,152,0,27.6399999999997
9500,1500,"Thompson Sampling","Ad_D","Tablet","Morning",0,0.1,152,0.02,27.6599999999997
9501,1501,"Thompson Sampling","Ad_C","Tablet","Evening",0,0.12,152,0,27.6599999999997
9502,1502,"Thompson Sampling","Ad_D","Tablet","Morning",0,0.1,152,0.02,27.6799999999997
9503,1503,"Thompson Sampling","Ad_D","Tablet","Morning",1,0.1,153,0.02,27.6999999999997
9504,1504,"Thompson Sampling","Ad_C","Tablet","Morning",0,0.12,153,0,27.6999999999997
9505,1505,"Thompson Sampling","Ad_C","Mobile","Morning",0,0.12,153,0,27.6999999999997
9506,1506,"Thompson Sampling","Ad_C","Mobile","Afternoon",0,0.12,153,0,27.6999999999997
9507,1507,"Thompson Sampling","Ad_D","Mobile","Morning",0,0.1,153,0.02,27.7199999999997
9508,1508,"Thompson Sampling","Ad_C","Mobile","Morning",0,0.12,153,0,27.7199999999997
9509,1509,"Thompson Sampling","Ad_D","Tablet","Morning",0,0.1,153,0.02,27.7399999999997
9510,1510,"Thompson Sampling","Ad_D","Tablet","Morning",0,0.1,153,0.02,27.7599999999997
9511,1511,"Thompson Sampling","Ad_D","Desktop","Morning",0,0.1,153,0.02,27.7799999999997
9512,1512,"Thompson Sampling","Ad_B","Desktop","Afternoon",0,0.08,153,0.04,27.8199999999997
9513,1513,"Thompson Sampling","Ad_D","Mobile","Morning",0,0.1,153,0.02,27.8399999999997
9514,1514,"Thompson Sampling","Ad_C","Mobile","Morning",0,0.12,153,0,27.8399999999997
9515,1515,"Thompson Sampling","Ad_B","Tablet","Evening",0,0.08,153,0.04,27.8799999999997
9516,1516,"Thompson Sampling","Ad_D","Desktop","Morning",0,0.1,153,0.02,27.8999999999997
9517,1517,"Thompson Sampling","Ad_C","Desktop","Afternoon",0,0.12,153,0,27.8999999999997
9518,1518,"Thompson Sampling","Ad_C","Desktop","Evening",0,0.12,153,0,27.8999999999997
9519,1519,"Thompson Sampling","Ad_D","Desktop","Afternoon",0,0.1,153,0.02,27.9199999999997
9520,1520,"Thompson Sampling","Ad_D","Mobile","Evening",0,0.1,153,0.02,27.9399999999997
9521,1521,"Thompson Sampling","Ad_D","Mobile","Morning",0,0.1,153,0.02,27.9599999999997
9522,1522,"Thompson Sampling","Ad_D","Desktop","Afternoon",1,0.1,154,0.02,27.9799999999997
9523,1523,"Thompson Sampling","Ad_C","Mobile","Morning",0,0.12,154,0,27.9799999999997
9524,1524,"Thompson Sampling","Ad_D","Tablet","Morning",0,0.1,154,0.02,27.9999999999997
9525,1525,"Thompson Sampling","Ad_C","Desktop","Morning",0,0.12,154,0,27.9999999999997
9526,1526,"Thompson Sampling","Ad_D","Desktop","Morning",0,0.1,154,0.02,28.0199999999997
9527,1527,"Thompson Sampling","Ad_D","Tablet","Evening",0,0.1,154,0.02,28.0399999999997
9528,1528,"Thompson Sampling","Ad_D","Mobile","Morning",0,0.1,154,0.02,28.0599999999997
9529,1529,"Thompson Sampling","Ad_C","Mobile","Afternoon",0,0.12,154,0,28.0599999999997
9530,1530,"Thompson Sampling","Ad_C","Mobile","Afternoon",0,0.12,154,0,28.0599999999997
9531,1531,"Thompson Sampling","Ad_D","Mobile","Afternoon",0,0.1,154,0.02,28.0799999999997
9532,1532,"Thompson Sampling","Ad_C","Mobile","Afternoon",0,0.12,154,0,28.0799999999997
9533,1533,"Thompson Sampling","Ad_D","Tablet","Morning",1,0.1,155,0.02,28.0999999999997
9534,1534,"Thompson Sampling","Ad_C","Desktop","Evening",0,0.12,155,0,28.0999999999997
9535,1535,"Thompson Sampling","Ad_D","Desktop","Afternoon",0,0.1,155,0.02,28.1199999999997
9536,1536,"Thompson Sampling","Ad_D","Mobile","Evening",0,0.1,155,0.02,28.1399999999997
9537,1537,"Thompson Sampling","Ad_A","Desktop","Afternoon",0,0.05,155,0.07,28.2099999999997
9538,1538,"Thompson Sampling","Ad_D","Tablet","Morning",1,0.1,156,0.02,28.2299999999997
9539,1539,"Thompson Sampling","Ad_C","Mobile","Evening",0,0.12,156,0,28.2299999999997
9540,1540,"Thompson Sampling","Ad_D","Tablet","Afternoon",0,0.1,156,0.02,28.2499999999997
9541,1541,"Thompson Sampling","Ad_D","Tablet","Evening",0,0.1,156,0.02,28.2699999999997
9542,1542,"Thompson Sampling","Ad_D","Desktop","Afternoon",0,0.1,156,0.02,28.2899999999997
9543,1543,"Thompson Sampling","Ad_C","Tablet","Morning",0,0.12,156,0,28.2899999999997
9544,1544,"Thompson Sampling","Ad_C","Tablet","Afternoon",0,0.12,156,0,28.2899999999997
9545,1545,"Thompson Sampling","Ad_C","Mobile","Morning",0,0.12,156,0,28.2899999999997
9546,1546,"Thompson Sampling","Ad_C","Tablet","Morning",0,0.12,156,0,28.2899999999997
9547,1547,"Thompson Sampling","Ad_C","Desktop","Morning",0,0.12,156,0,28.2899999999997
9548,1548,"Thompson Sampling","Ad_D","Tablet","Evening",0,0.1,156,0.02,28.3099999999997
9549,1549,"Thompson Sampling","Ad_C","Tablet","Afternoon",0,0.12,156,0,28.3099999999997
9550,1550,"Thompson Sampling","Ad_D","Mobile","Morning",0,0.1,156,0.02,28.3299999999997
9551,1551,"Thompson Sampling","Ad_D","Tablet","Morning",0,0.1,156,0.02,28.3499999999997
9552,1552,"Thompson Sampling","Ad_D","Tablet","Afternoon",0,0.1,156,0.02,28.3699999999997
9553,1553,"Thompson Sampling","Ad_D","Mobile","Afternoon",0,0.1,156,0.02,28.3899999999997
9554,1554,"Thompson Sampling","Ad_D","Tablet","Morning",0,0.1,156,0.02,28.4099999999997
9555,1555,"Thompson Sampling","Ad_C","Mobile","Evening",0,0.12,156,0,28.4099999999997
9556,1556,"Thompson Sampling","Ad_D","Desktop","Evening",0,0.1,156,0.02,28.4299999999997
9557,1557,"Thompson Sampling","Ad_D","Mobile","Morning",0,0.1,156,0.02,28.4499999999997
9558,1558,"Thompson Sampling","Ad_D","Tablet","Evening",1,0.1,157,0.02,28.4699999999997
9559,1559,"Thompson Sampling","Ad_D","Desktop","Evening",0,0.1,157,0.02,28.4899999999997
9560,1560,"Thompson Sampling","Ad_D","Mobile","Afternoon",0,0.1,157,0.02,28.5099999999997
9561,1561,"Thompson Sampling","Ad_C","Desktop","Afternoon",1,0.12,158,0,28.5099999999997
9562,1562,"Thompson Sampling","Ad_D","Mobile","Morning",0,0.1,158,0.02,28.5299999999997
9563,1563,"Thompson Sampling","Ad_D","Tablet","Morning",0,0.1,158,0.02,28.5499999999997
9564,1564,"Thompson Sampling","Ad_D","Tablet","Afternoon",0,0.1,158,0.02,28.5699999999997
9565,1565,"Thompson Sampling","Ad_D","Mobile","Evening",0,0.1,158,0.02,28.5899999999997
9566,1566,"Thompson Sampling","Ad_D","Tablet","Morning",0,0.1,158,0.02,28.6099999999997
9567,1567,"Thompson Sampling","Ad_D","Tablet","Morning",0,0.1,158,0.02,28.6299999999997
9568,1568,"Thompson Sampling","Ad_D","Mobile","Evening",0,0.1,158,0.02,28.6499999999997
9569,1569,"Thompson Sampling","Ad_C","Mobile","Evening",0,0.12,158,0,28.6499999999997
9570,1570,"Thompson Sampling","Ad_C","Desktop","Afternoon",0,0.12,158,0,28.6499999999997
9571,1571,"Thompson Sampling","Ad_C","Tablet","Evening",0,0.12,158,0,28.6499999999997
9572,1572,"Thompson Sampling","Ad_D","Mobile","Morning",0,0.1,158,0.02,28.6699999999996
9573,1573,"Thompson Sampling","Ad_D","Mobile","Morning",0,0.1,158,0.02,28.6899999999996
9574,1574,"Thompson Sampling","Ad_D","Tablet","Evening",0,0.1,158,0.02,28.7099999999996
9575,1575,"Thompson Sampling","Ad_D","Desktop","Afternoon",0,0.1,158,0.02,28.7299999999996
9576,1576,"Thompson Sampling","Ad_D","Desktop","Morning",0,0.1,158,0.02,28.7499999999996
9577,1577,"Thompson Sampling","Ad_D","Tablet","Evening",0,0.1,158,0.02,28.7699999999996
9578,1578,"Thompson Sampling","Ad_D","Mobile","Afternoon",0,0.1,158,0.02,28.7899999999996
9579,1579,"Thompson Sampling","Ad_C","Desktop","Evening",0,0.12,158,0,28.7899999999996
9580,1580,"Thompson Sampling","Ad_C","Desktop","Afternoon",0,0.12,158,0,28.7899999999996
9581,1581,"Thompson Sampling","Ad_D","Desktop","Evening",0,0.1,158,0.02,28.8099999999996
9582,1582,"Thompson Sampling","Ad_D","Tablet","Morning",0,0.1,158,0.02,28.8299999999996
9583,1583,"Thompson Sampling","Ad_C","Mobile","Afternoon",0,0.12,158,0,28.8299999999996
9584,1584,"Thompson Sampling","Ad_C","Mobile","Afternoon",0,0.12,158,0,28.8299999999996
9585,1585,"Thompson Sampling","Ad_D","Tablet","Evening",0,0.1,158,0.02,28.8499999999996
9586,1586,"Thompson Sampling","Ad_D","Mobile","Afternoon",0,0.1,158,0.02,28.8699999999996
9587,1587,"Thompson Sampling","Ad_D","Mobile","Afternoon",0,0.1,158,0.02,28.8899999999996
9588,1588,"Thompson Sampling","Ad_D","Desktop","Afternoon",0,0.1,158,0.02,28.9099999999996
9589,1589,"Thompson Sampling","Ad_D","Mobile","Morning",0,0.1,158,0.02,28.9299999999996
9590,1590,"Thompson Sampling","Ad_D","Tablet","Morning",0,0.1,158,0.02,28.9499999999996
9591,1591,"Thompson Sampling","Ad_D","Desktop","Morning",0,0.1,158,0.02,28.9699999999996
9592,1592,"Thompson Sampling","Ad_C","Desktop","Evening",0,0.12,158,0,28.9699999999996
9593,1593,"Thompson Sampling","Ad_D","Mobile","Morning",0,0.1,158,0.02,28.9899999999996
9594,1594,"Thompson Sampling","Ad_D","Tablet","Evening",0,0.1,158,0.02,29.0099999999996
9595,1595,"Thompson Sampling","Ad_D","Mobile","Evening",0,0.1,158,0.02,29.0299999999996
9596,1596,"Thompson Sampling","Ad_C","Desktop","Evening",0,0.12,158,0,29.0299999999996
9597,1597,"Thompson Sampling","Ad_C","Desktop","Evening",0,0.12,158,0,29.0299999999996
9598,1598,"Thompson Sampling","Ad_D","Desktop","Evening",0,0.1,158,0.02,29.0499999999996
9599,1599,"Thompson Sampling","Ad_C","Tablet","Afternoon",0,0.12,158,0,29.0499999999996
9600,1600,"Thompson Sampling","Ad_A","Tablet","Evening",0,0.05,158,0.07,29.1199999999996
9601,1601,"Thompson Sampling","Ad_D","Tablet","Evening",0,0.1,158,0.02,29.1399999999996
9602,1602,"Thompson Sampling","Ad_C","Tablet","Afternoon",0,0.12,158,0,29.1399999999996
9603,1603,"Thompson Sampling","Ad_C","Tablet","Afternoon",0,0.12,158,0,29.1399999999996
9604,1604,"Thompson Sampling","Ad_D","Desktop","Morning",1,0.1,159,0.02,29.1599999999996
9605,1605,"Thompson Sampling","Ad_D","Desktop","Afternoon",0,0.1,159,0.02,29.1799999999996
9606,1606,"Thompson Sampling","Ad_D","Tablet","Afternoon",0,0.1,159,0.02,29.1999999999996
9607,1607,"Thompson Sampling","Ad_D","Tablet","Evening",0,0.1,159,0.02,29.2199999999996
9608,1608,"Thompson Sampling","Ad_D","Mobile","Evening",0,0.1,159,0.02,29.2399999999996
9609,1609,"Thompson Sampling","Ad_C","Mobile","Morning",0,0.12,159,0,29.2399999999996
9610,1610,"Thompson Sampling","Ad_D","Mobile","Afternoon",0,0.1,159,0.02,29.2599999999996
9611,1611,"Thompson Sampling","Ad_D","Desktop","Morning",0,0.1,159,0.02,29.2799999999996
9612,1612,"Thompson Sampling","Ad_D","Tablet","Evening",0,0.1,159,0.02,29.2999999999996
9613,1613,"Thompson Sampling","Ad_D","Mobile","Afternoon",0,0.1,159,0.02,29.3199999999996
9614,1614,"Thompson Sampling","Ad_B","Desktop","Afternoon",0,0.08,159,0.04,29.3599999999996
9615,1615,"Thompson Sampling","Ad_C","Mobile","Afternoon",0,0.12,159,0,29.3599999999996
9616,1616,"Thompson Sampling","Ad_D","Mobile","Morning",0,0.1,159,0.02,29.3799999999996
9617,1617,"Thompson Sampling","Ad_D","Tablet","Morning",0,0.1,159,0.02,29.3999999999996
9618,1618,"Thompson Sampling","Ad_A","Tablet","Morning",0,0.05,159,0.07,29.4699999999996
9619,1619,"Thompson Sampling","Ad_D","Desktop","Evening",0,0.1,159,0.02,29.4899999999996
9620,1620,"Thompson Sampling","Ad_D","Tablet","Evening",0,0.1,159,0.02,29.5099999999996
9621,1621,"Thompson Sampling","Ad_D","Tablet","Afternoon",0,0.1,159,0.02,29.5299999999996
9622,1622,"Thompson Sampling","Ad_D","Desktop","Evening",0,0.1,159,0.02,29.5499999999996
9623,1623,"Thompson Sampling","Ad_D","Desktop","Evening",0,0.1,159,0.02,29.5699999999996
9624,1624,"Thompson Sampling","Ad_D","Tablet","Afternoon",0,0.1,159,0.02,29.5899999999996
9625,1625,"Thompson Sampling","Ad_C","Mobile","Morning",0,0.12,159,0,29.5899999999996
9626,1626,"Thompson Sampling","Ad_D","Tablet","Morning",0,0.1,159,0.02,29.6099999999996
9627,1627,"Thompson Sampling","Ad_D","Desktop","Evening",0,0.1,159,0.02,29.6299999999996
9628,1628,"Thompson Sampling","Ad_D","Mobile","Afternoon",0,0.1,159,0.02,29.6499999999996
9629,1629,"Thompson Sampling","Ad_C","Tablet","Afternoon",0,0.12,159,0,29.6499999999996
9630,1630,"Thompson Sampling","Ad_D","Tablet","Evening",0,0.1,159,0.02,29.6699999999996
9631,1631,"Thompson Sampling","Ad_C","Mobile","Evening",1,0.12,160,0,29.6699999999996
9632,1632,"Thompson Sampling","Ad_D","Desktop","Afternoon",0,0.1,160,0.02,29.6899999999996
9633,1633,"Thompson Sampling","Ad_C","Mobile","Afternoon",0,0.12,160,0,29.6899999999996
9634,1634,"Thompson Sampling","Ad_C","Tablet","Afternoon",0,0.12,160,0,29.6899999999996
9635,1635,"Thompson Sampling","Ad_D","Tablet","Afternoon",0,0.1,160,0.02,29.7099999999996
9636,1636,"Thompson Sampling","Ad_D","Mobile","Morning",0,0.1,160,0.02,29.7299999999996
9637,1637,"Thompson Sampling","Ad_D","Mobile","Afternoon",0,0.1,160,0.02,29.7499999999996
9638,1638,"Thompson Sampling","Ad_C","Tablet","Evening",0,0.12,160,0,29.7499999999996
9639,1639,"Thompson Sampling","Ad_C","Tablet","Morning",0,0.12,160,0,29.7499999999996
9640,1640,"Thompson Sampling","Ad_D","Desktop","Afternoon",1,0.1,161,0.02,29.7699999999996
9641,1641,"Thompson Sampling","Ad_D","Mobile","Evening",0,0.1,161,0.02,29.7899999999996
9642,1642,"Thompson Sampling","Ad_C","Mobile","Afternoon",0,0.12,161,0,29.7899999999996
9643,1643,"Thompson Sampling","Ad_D","Mobile","Morning",1,0.1,162,0.02,29.8099999999996
9644,1644,"Thompson Sampling","Ad_D","Desktop","Evening",0,0.1,162,0.02,29.8299999999996
9645,1645,"Thompson Sampling","Ad_D","Tablet","Morning",0,0.1,162,0.02,29.8499999999996
9646,1646,"Thompson Sampling","Ad_C","Mobile","Morning",0,0.12,162,0,29.8499999999996
9647,1647,"Thompson Sampling","Ad_D","Tablet","Evening",0,0.1,162,0.02,29.8699999999996
9648,1648,"Thompson Sampling","Ad_D","Desktop","Evening",0,0.1,162,0.02,29.8899999999996
9649,1649,"Thompson Sampling","Ad_C","Mobile","Evening",0,0.12,162,0,29.8899999999996
9650,1650,"Thompson Sampling","Ad_D","Desktop","Morning",0,0.1,162,0.02,29.9099999999996
9651,1651,"Thompson Sampling","Ad_D","Tablet","Evening",0,0.1,162,0.02,29.9299999999996
9652,1652,"Thompson Sampling","Ad_C","Mobile","Afternoon",0,0.12,162,0,29.9299999999996
9653,1653,"Thompson Sampling","Ad_D","Mobile","Afternoon",0,0.1,162,0.02,29.9499999999996
9654,1654,"Thompson Sampling","Ad_D","Tablet","Evening",0,0.1,162,0.02,29.9699999999996
9655,1655,"Thompson Sampling","Ad_D","Tablet","Morning",0,0.1,162,0.02,29.9899999999996
9656,1656,"Thompson Sampling","Ad_D","Desktop","Evening",0,0.1,162,0.02,30.0099999999996
9657,1657,"Thompson Sampling","Ad_D","Tablet","Evening",0,0.1,162,0.02,30.0299999999996
9658,1658,"Thompson Sampling","Ad_D","Tablet","Morning",0,0.1,162,0.02,30.0499999999996
9659,1659,"Thompson Sampling","Ad_C","Desktop","Morning",0,0.12,162,0,30.0499999999996
9660,1660,"Thompson Sampling","Ad_D","Mobile","Evening",0,0.1,162,0.02,30.0699999999996
9661,1661,"Thompson Sampling","Ad_D","Desktop","Afternoon",0,0.1,162,0.02,30.0899999999996
9662,1662,"Thompson Sampling","Ad_A","Tablet","Afternoon",0,0.05,162,0.07,30.1599999999996
9663,1663,"Thompson Sampling","Ad_D","Mobile","Evening",0,0.1,162,0.02,30.1799999999996
9664,1664,"Thompson Sampling","Ad_D","Mobile","Morning",0,0.1,162,0.02,30.1999999999996
9665,1665,"Thompson Sampling","Ad_C","Mobile","Morning",0,0.12,162,0,30.1999999999996
9666,1666,"Thompson Sampling","Ad_C","Desktop","Morning",0,0.12,162,0,30.1999999999996
9667,1667,"Thompson Sampling","Ad_D","Tablet","Afternoon",1,0.1,163,0.02,30.2199999999996
9668,1668,"Thompson Sampling","Ad_C","Desktop","Afternoon",0,0.12,163,0,30.2199999999996
9669,1669,"Thompson Sampling","Ad_D","Tablet","Morning",0,0.1,163,0.02,30.2399999999996
9670,1670,"Thompson Sampling","Ad_D","Mobile","Afternoon",1,0.1,164,0.02,30.2599999999996
9671,1671,"Thompson Sampling","Ad_C","Tablet","Afternoon",0,0.12,164,0,30.2599999999996
9672,1672,"Thompson Sampling","Ad_D","Desktop","Evening",0,0.1,164,0.02,30.2799999999996
9673,1673,"Thompson Sampling","Ad_C","Mobile","Evening",0,0.12,164,0,30.2799999999996
9674,1674,"Thompson Sampling","Ad_C","Mobile","Morning",0,0.12,164,0,30.2799999999996
9675,1675,"Thompson Sampling","Ad_D","Desktop","Afternoon",0,0.1,164,0.02,30.2999999999996
9676,1676,"Thompson Sampling","Ad_D","Mobile","Evening",0,0.1,164,0.02,30.3199999999996
9677,1677,"Thompson Sampling","Ad_D","Mobile","Afternoon",1,0.1,165,0.02,30.3399999999996
9678,1678,"Thompson Sampling","Ad_D","Tablet","Morning",0,0.1,165,0.02,30.3599999999996
9679,1679,"Thompson Sampling","Ad_C","Desktop","Evening",0,0.12,165,0,30.3599999999996
9680,1680,"Thompson Sampling","Ad_D","Desktop","Evening",0,0.1,165,0.02,30.3799999999996
9681,1681,"Thompson Sampling","Ad_D","Mobile","Morning",0,0.1,165,0.02,30.3999999999996
9682,1682,"Thompson Sampling","Ad_D","Tablet","Morning",0,0.1,165,0.02,30.4199999999996
9683,1683,"Thompson Sampling","Ad_D","Tablet","Afternoon",0,0.1,165,0.02,30.4399999999996
9684,1684,"Thompson Sampling","Ad_D","Desktop","Afternoon",0,0.1,165,0.02,30.4599999999996
9685,1685,"Thompson Sampling","Ad_D","Tablet","Evening",0,0.1,165,0.02,30.4799999999996
9686,1686,"Thompson Sampling","Ad_C","Mobile","Morning",0,0.12,165,0,30.4799999999996
9687,1687,"Thompson Sampling","Ad_C","Mobile","Afternoon",1,0.12,166,0,30.4799999999996
9688,1688,"Thompson Sampling","Ad_C","Mobile","Morning",0,0.12,166,0,30.4799999999996
9689,1689,"Thompson Sampling","Ad_B","Desktop","Evening",0,0.08,166,0.04,30.5199999999996
9690,1690,"Thompson Sampling","Ad_D","Tablet","Morning",0,0.1,166,0.02,30.5399999999996
9691,1691,"Thompson Sampling","Ad_B","Mobile","Afternoon",0,0.08,166,0.04,30.5799999999996
9692,1692,"Thompson Sampling","Ad_D","Mobile","Afternoon",0,0.1,166,0.02,30.5999999999996
9693,1693,"Thompson Sampling","Ad_D","Mobile","Evening",0,0.1,166,0.02,30.6199999999996
9694,1694,"Thompson Sampling","Ad_D","Desktop","Afternoon",1,0.1,167,0.02,30.6399999999996
9695,1695,"Thompson Sampling","Ad_D","Tablet","Afternoon",1,0.1,168,0.02,30.6599999999996
9696,1696,"Thompson Sampling","Ad_D","Mobile","Morning",0,0.1,168,0.02,30.6799999999996
9697,1697,"Thompson Sampling","Ad_D","Desktop","Afternoon",0,0.1,168,0.02,30.6999999999996
9698,1698,"Thompson Sampling","Ad_D","Desktop","Evening",0,0.1,168,0.02,30.7199999999996
9699,1699,"Thompson Sampling","Ad_C","Desktop","Evening",0,0.12,168,0,30.7199999999996
9700,1700,"Thompson Sampling","Ad_D","Tablet","Morning",0,0.1,168,0.02,30.7399999999996
9701,1701,"Thompson Sampling","Ad_D","Tablet","Evening",0,0.1,168,0.02,30.7599999999996
9702,1702,"Thompson Sampling","Ad_D","Mobile","Evening",0,0.1,168,0.02,30.7799999999996
9703,1703,"Thompson Sampling","Ad_D","Desktop","Afternoon",0,0.1,168,0.02,30.7999999999996
9704,1704,"Thompson Sampling","Ad_C","Mobile","Afternoon",0,0.12,168,0,30.7999999999996
9705,1705,"Thompson Sampling","Ad_C","Mobile","Evening",0,0.12,168,0,30.7999999999996
9706,1706,"Thompson Sampling","Ad_C","Desktop","Evening",0,0.12,168,0,30.7999999999996
9707,1707,"Thompson Sampling","Ad_C","Tablet","Evening",0,0.12,168,0,30.7999999999996
9708,1708,"Thompson Sampling","Ad_D","Desktop","Evening",1,0.1,169,0.02,30.8199999999996
9709,1709,"Thompson Sampling","Ad_C","Mobile","Afternoon",0,0.12,169,0,30.8199999999996
9710,1710,"Thompson Sampling","Ad_C","Desktop","Afternoon",0,0.12,169,0,30.8199999999996
9711,1711,"Thompson Sampling","Ad_D","Tablet","Morning",0,0.1,169,0.02,30.8399999999996
9712,1712,"Thompson Sampling","Ad_D","Desktop","Evening",0,0.1,169,0.02,30.8599999999996
9713,1713,"Thompson Sampling","Ad_D","Tablet","Morning",0,0.1,169,0.02,30.8799999999996
9714,1714,"Thompson Sampling","Ad_C","Desktop","Morning",0,0.12,169,0,30.8799999999996
9715,1715,"Thompson Sampling","Ad_D","Mobile","Afternoon",0,0.1,169,0.02,30.8999999999996
9716,1716,"Thompson Sampling","Ad_D","Tablet","Morning",0,0.1,169,0.02,30.9199999999996
9717,1717,"Thompson Sampling","Ad_D","Desktop","Morning",0,0.1,169,0.02,30.9399999999996
9718,1718,"Thompson Sampling","Ad_D","Tablet","Evening",0,0.1,169,0.02,30.9599999999996
9719,1719,"Thompson Sampling","Ad_D","Mobile","Evening",0,0.1,169,0.02,30.9799999999996
9720,1720,"Thompson Sampling","Ad_D","Tablet","Evening",0,0.1,169,0.02,30.9999999999996
9721,1721,"Thompson Sampling","Ad_C","Tablet","Afternoon",1,0.12,170,0,30.9999999999996
9722,1722,"Thompson Sampling","Ad_B","Tablet","Evening",0,0.08,170,0.04,31.0399999999996
9723,1723,"Thompson Sampling","Ad_D","Desktop","Evening",0,0.1,170,0.02,31.0599999999996
9724,1724,"Thompson Sampling","Ad_D","Desktop","Afternoon",0,0.1,170,0.02,31.0799999999996
9725,1725,"Thompson Sampling","Ad_C","Tablet","Evening",0,0.12,170,0,31.0799999999996
9726,1726,"Thompson Sampling","Ad_D","Tablet","Morning",1,0.1,171,0.02,31.0999999999996
9727,1727,"Thompson Sampling","Ad_C","Mobile","Morning",0,0.12,171,0,31.0999999999996
9728,1728,"Thompson Sampling","Ad_C","Mobile","Evening",0,0.12,171,0,31.0999999999996
9729,1729,"Thompson Sampling","Ad_D","Mobile","Evening",1,0.1,172,0.02,31.1199999999996
9730,1730,"Thompson Sampling","Ad_D","Mobile","Morning",0,0.1,172,0.02,31.1399999999996
9731,1731,"Thompson Sampling","Ad_D","Mobile","Afternoon",0,0.1,172,0.02,31.1599999999996
9732,1732,"Thompson Sampling","Ad_C","Desktop","Morning",0,0.12,172,0,31.1599999999996
9733,1733,"Thompson Sampling","Ad_D","Desktop","Morning",0,0.1,172,0.02,31.1799999999996
9734,1734,"Thompson Sampling","Ad_D","Desktop","Evening",1,0.1,173,0.02,31.1999999999996
9735,1735,"Thompson Sampling","Ad_D","Mobile","Evening",0,0.1,173,0.02,31.2199999999996
9736,1736,"Thompson Sampling","Ad_D","Mobile","Morning",1,0.1,174,0.02,31.2399999999996
9737,1737,"Thompson Sampling","Ad_B","Tablet","Afternoon",0,0.08,174,0.04,31.2799999999996
9738,1738,"Thompson Sampling","Ad_D","Mobile","Morning",0,0.1,174,0.02,31.2999999999996
9739,1739,"Thompson Sampling","Ad_C","Mobile","Evening",0,0.12,174,0,31.2999999999996
9740,1740,"Thompson Sampling","Ad_D","Mobile","Evening",0,0.1,174,0.02,31.3199999999996
9741,1741,"Thompson Sampling","Ad_D","Desktop","Evening",0,0.1,174,0.02,31.3399999999996
9742,1742,"Thompson Sampling","Ad_D","Desktop","Evening",0,0.1,174,0.02,31.3599999999996
9743,1743,"Thompson Sampling","Ad_D","Tablet","Morning",0,0.1,174,0.02,31.3799999999996
9744,1744,"Thompson Sampling","Ad_D","Tablet","Morning",0,0.1,174,0.02,31.3999999999996
9745,1745,"Thompson Sampling","Ad_D","Tablet","Evening",1,0.1,175,0.02,31.4199999999996
9746,1746,"Thompson Sampling","Ad_C","Tablet","Morning",0,0.12,175,0,31.4199999999996
9747,1747,"Thompson Sampling","Ad_B","Tablet","Morning",0,0.08,175,0.04,31.4599999999996
9748,1748,"Thompson Sampling","Ad_D","Tablet","Evening",0,0.1,175,0.02,31.4799999999996
9749,1749,"Thompson Sampling","Ad_D","Mobile","Afternoon",0,0.1,175,0.02,31.4999999999996
9750,1750,"Thompson Sampling","Ad_D","Desktop","Evening",1,0.1,176,0.02,31.5199999999996
9751,1751,"Thompson Sampling","Ad_D","Desktop","Evening",1,0.1,177,0.02,31.5399999999996
9752,1752,"Thompson Sampling","Ad_D","Tablet","Evening",0,0.1,177,0.02,31.5599999999996
9753,1753,"Thompson Sampling","Ad_D","Mobile","Evening",0,0.1,177,0.02,31.5799999999996
9754,1754,"Thompson Sampling","Ad_D","Desktop","Evening",1,0.1,178,0.02,31.5999999999996
9755,1755,"Thompson Sampling","Ad_D","Tablet","Evening",1,0.1,179,0.02,31.6199999999996
9756,1756,"Thompson Sampling","Ad_D","Mobile","Afternoon",0,0.1,179,0.02,31.6399999999996
9757,1757,"Thompson Sampling","Ad_C","Tablet","Morning",0,0.12,179,0,31.6399999999996
9758,1758,"Thompson Sampling","Ad_C","Tablet","Afternoon",0,0.12,179,0,31.6399999999996
9759,1759,"Thompson Sampling","Ad_D","Mobile","Afternoon",0,0.1,179,0.02,31.6599999999996
9760,1760,"Thompson Sampling","Ad_D","Mobile","Morning",0,0.1,179,0.02,31.6799999999996
9761,1761,"Thompson Sampling","Ad_B","Desktop","Morning",0,0.08,179,0.04,31.7199999999996
9762,1762,"Thompson Sampling","Ad_D","Desktop","Evening",0,0.1,179,0.02,31.7399999999996
9763,1763,"Thompson Sampling","Ad_D","Tablet","Morning",0,0.1,179,0.02,31.7599999999996
9764,1764,"Thompson Sampling","Ad_D","Desktop","Evening",0,0.1,179,0.02,31.7799999999996
9765,1765,"Thompson Sampling","Ad_C","Desktop","Afternoon",0,0.12,179,0,31.7799999999996
9766,1766,"Thompson Sampling","Ad_D","Tablet","Evening",0,0.1,179,0.02,31.7999999999996
9767,1767,"Thompson Sampling","Ad_D","Desktop","Morning",0,0.1,179,0.02,31.8199999999996
9768,1768,"Thompson Sampling","Ad_D","Desktop","Evening",0,0.1,179,0.02,31.8399999999996
9769,1769,"Thompson Sampling","Ad_D","Desktop","Evening",0,0.1,179,0.02,31.8599999999996
9770,1770,"Thompson Sampling","Ad_D","Mobile","Evening",0,0.1,179,0.02,31.8799999999996
9771,1771,"Thompson Sampling","Ad_D","Mobile","Afternoon",0,0.1,179,0.02,31.8999999999996
9772,1772,"Thompson Sampling","Ad_C","Tablet","Afternoon",0,0.12,179,0,31.8999999999996
9773,1773,"Thompson Sampling","Ad_C","Mobile","Afternoon",0,0.12,179,0,31.8999999999996
9774,1774,"Thompson Sampling","Ad_D","Mobile","Evening",0,0.1,179,0.02,31.9199999999996
9775,1775,"Thompson Sampling","Ad_D","Mobile","Morning",0,0.1,179,0.02,31.9399999999996
9776,1776,"Thompson Sampling","Ad_D","Mobile","Afternoon",0,0.1,179,0.02,31.9599999999996
9777,1777,"Thompson Sampling","Ad_D","Mobile","Morning",0,0.1,179,0.02,31.9799999999996
9778,1778,"Thompson Sampling","Ad_D","Mobile","Evening",0,0.1,179,0.02,31.9999999999996
9779,1779,"Thompson Sampling","Ad_D","Tablet","Afternoon",0,0.1,179,0.02,32.0199999999996
9780,1780,"Thompson Sampling","Ad_D","Mobile","Morning",0,0.1,179,0.02,32.0399999999996
9781,1781,"Thompson Sampling","Ad_D","Desktop","Morning",0,0.1,179,0.02,32.0599999999996
9782,1782,"Thompson Sampling","Ad_D","Mobile","Afternoon",0,0.1,179,0.02,32.0799999999996
9783,1783,"Thompson Sampling","Ad_D","Mobile","Morning",0,0.1,179,0.02,32.0999999999996
9784,1784,"Thompson Sampling","Ad_D","Mobile","Evening",0,0.1,179,0.02,32.1199999999996
9785,1785,"Thompson Sampling","Ad_D","Mobile","Morning",0,0.1,179,0.02,32.1399999999996
9786,1786,"Thompson Sampling","Ad_D","Desktop","Afternoon",0,0.1,179,0.02,32.1599999999996
9787,1787,"Thompson Sampling","Ad_D","Mobile","Evening",0,0.1,179,0.02,32.1799999999996
9788,1788,"Thompson Sampling","Ad_C","Mobile","Evening",0,0.12,179,0,32.1799999999996
9789,1789,"Thompson Sampling","Ad_D","Desktop","Morning",0,0.1,179,0.02,32.1999999999996
9790,1790,"Thompson Sampling","Ad_D","Desktop","Evening",0,0.1,179,0.02,32.2199999999996
9791,1791,"Thompson Sampling","Ad_D","Mobile","Morning",0,0.1,179,0.02,32.2399999999996
9792,1792,"Thompson Sampling","Ad_D","Tablet","Afternoon",1,0.1,180,0.02,32.2599999999996
9793,1793,"Thompson Sampling","Ad_D","Mobile","Afternoon",0,0.1,180,0.02,32.2799999999996
9794,1794,"Thompson Sampling","Ad_D","Tablet","Morning",0,0.1,180,0.02,32.2999999999996
9795,1795,"Thompson Sampling","Ad_D","Tablet","Morning",0,0.1,180,0.02,32.3199999999996
9796,1796,"Thompson Sampling","Ad_D","Tablet","Evening",0,0.1,180,0.02,32.3399999999996
9797,1797,"Thompson Sampling","Ad_C","Desktop","Morning",0,0.12,180,0,32.3399999999996
9798,1798,"Thompson Sampling","Ad_D","Mobile","Morning",0,0.1,180,0.02,32.3599999999996
9799,1799,"Thompson Sampling","Ad_D","Mobile","Afternoon",1,0.1,181,0.02,32.3799999999996
9800,1800,"Thompson Sampling","Ad_D","Desktop","Evening",0,0.1,181,0.02,32.3999999999996
9801,1801,"Thompson Sampling","Ad_D","Tablet","Morning",0,0.1,181,0.02,32.4199999999996
9802,1802,"Thompson Sampling","Ad_C","Tablet","Afternoon",0,0.12,181,0,32.4199999999996
9803,1803,"Thompson Sampling","Ad_B","Desktop","Morning",0,0.08,181,0.04,32.4599999999996
9804,1804,"Thompson Sampling","Ad_D","Mobile","Morning",0,0.1,181,0.02,32.4799999999996
9805,1805,"Thompson Sampling","Ad_D","Mobile","Morning",0,0.1,181,0.02,32.4999999999997
9806,1806,"Thompson Sampling","Ad_B","Mobile","Evening",0,0.08,181,0.04,32.5399999999997
9807,1807,"Thompson Sampling","Ad_D","Desktop","Afternoon",1,0.1,182,0.02,32.5599999999997
9808,1808,"Thompson Sampling","Ad_D","Tablet","Morning",1,0.1,183,0.02,32.5799999999997
9809,1809,"Thompson Sampling","Ad_D","Tablet","Morning",0,0.1,183,0.02,32.5999999999997
9810,1810,"Thompson Sampling","Ad_D","Tablet","Afternoon",0,0.1,183,0.02,32.6199999999997
9811,1811,"Thompson Sampling","Ad_D","Mobile","Afternoon",1,0.1,184,0.02,32.6399999999997
9812,1812,"Thompson Sampling","Ad_D","Tablet","Afternoon",0,0.1,184,0.02,32.6599999999997
9813,1813,"Thompson Sampling","Ad_D","Desktop","Evening",0,0.1,184,0.02,32.6799999999997
9814,1814,"Thompson Sampling","Ad_D","Desktop","Afternoon",0,0.1,184,0.02,32.6999999999997
9815,1815,"Thompson Sampling","Ad_D","Mobile","Evening",0,0.1,184,0.02,32.7199999999997
9816,1816,"Thompson Sampling","Ad_C","Desktop","Evening",0,0.12,184,0,32.7199999999997
9817,1817,"Thompson Sampling","Ad_C","Mobile","Morning",0,0.12,184,0,32.7199999999997
9818,1818,"Thompson Sampling","Ad_C","Tablet","Afternoon",0,0.12,184,0,32.7199999999997
9819,1819,"Thompson Sampling","Ad_D","Desktop","Evening",1,0.1,185,0.02,32.7399999999997
9820,1820,"Thompson Sampling","Ad_D","Tablet","Afternoon",0,0.1,185,0.02,32.7599999999997
9821,1821,"Thompson Sampling","Ad_D","Mobile","Evening",0,0.1,185,0.02,32.7799999999997
9822,1822,"Thompson Sampling","Ad_D","Desktop","Evening",0,0.1,185,0.02,32.7999999999997
9823,1823,"Thompson Sampling","Ad_D","Mobile","Afternoon",0,0.1,185,0.02,32.8199999999997
9824,1824,"Thompson Sampling","Ad_D","Tablet","Evening",0,0.1,185,0.02,32.8399999999997
9825,1825,"Thompson Sampling","Ad_D","Desktop","Afternoon",0,0.1,185,0.02,32.8599999999997
9826,1826,"Thompson Sampling","Ad_D","Mobile","Evening",1,0.1,186,0.02,32.8799999999997
9827,1827,"Thompson Sampling","Ad_D","Tablet","Morning",0,0.1,186,0.02,32.8999999999997
9828,1828,"Thompson Sampling","Ad_D","Desktop","Afternoon",0,0.1,186,0.02,32.9199999999997
9829,1829,"Thompson Sampling","Ad_C","Tablet","Morning",0,0.12,186,0,32.9199999999997
9830,1830,"Thompson Sampling","Ad_C","Tablet","Morning",0,0.12,186,0,32.9199999999997
9831,1831,"Thompson Sampling","Ad_D","Mobile","Afternoon",0,0.1,186,0.02,32.9399999999997
9832,1832,"Thompson Sampling","Ad_D","Tablet","Afternoon",0,0.1,186,0.02,32.9599999999997
9833,1833,"Thompson Sampling","Ad_B","Desktop","Morning",0,0.08,186,0.04,32.9999999999997
9834,1834,"Thompson Sampling","Ad_C","Tablet","Afternoon",0,0.12,186,0,32.9999999999997
9835,1835,"Thompson Sampling","Ad_D","Tablet","Morning",0,0.1,186,0.02,33.0199999999997
9836,1836,"Thompson Sampling","Ad_D","Tablet","Evening",0,0.1,186,0.02,33.0399999999997
9837,1837,"Thompson Sampling","Ad_D","Mobile","Evening",0,0.1,186,0.02,33.0599999999997
9838,1838,"Thompson Sampling","Ad_D","Tablet","Morning",0,0.1,186,0.02,33.0799999999997
9839,1839,"Thompson Sampling","Ad_D","Desktop","Morning",0,0.1,186,0.02,33.0999999999997
9840,1840,"Thompson Sampling","Ad_D","Mobile","Morning",1,0.1,187,0.02,33.1199999999997
9841,1841,"Thompson Sampling","Ad_D","Mobile","Afternoon",0,0.1,187,0.02,33.1399999999997
9842,1842,"Thompson Sampling","Ad_D","Tablet","Afternoon",0,0.1,187,0.02,33.1599999999997
9843,1843,"Thompson Sampling","Ad_D","Mobile","Morning",0,0.1,187,0.02,33.1799999999997
9844,1844,"Thompson Sampling","Ad_D","Desktop","Afternoon",0,0.1,187,0.02,33.1999999999997
9845,1845,"Thompson Sampling","Ad_C","Mobile","Afternoon",0,0.12,187,0,33.1999999999997
9846,1846,"Thompson Sampling","Ad_C","Tablet","Evening",0,0.12,187,0,33.1999999999997
9847,1847,"Thompson Sampling","Ad_D","Desktop","Afternoon",1,0.1,188,0.02,33.2199999999998
9848,1848,"Thompson Sampling","Ad_D","Mobile","Evening",0,0.1,188,0.02,33.2399999999998
9849,1849,"Thompson Sampling","Ad_D","Mobile","Evening",0,0.1,188,0.02,33.2599999999998
9850,1850,"Thompson Sampling","Ad_D","Tablet","Morning",0,0.1,188,0.02,33.2799999999998
9851,1851,"Thompson Sampling","Ad_D","Desktop","Morning",0,0.1,188,0.02,33.2999999999998
9852,1852,"Thompson Sampling","Ad_D","Desktop","Afternoon",0,0.1,188,0.02,33.3199999999998
9853,1853,"Thompson Sampling","Ad_D","Tablet","Afternoon",0,0.1,188,0.02,33.3399999999998
9854,1854,"Thompson Sampling","Ad_D","Desktop","Afternoon",0,0.1,188,0.02,33.3599999999998
9855,1855,"Thompson Sampling","Ad_D","Tablet","Morning",0,0.1,188,0.02,33.3799999999998
9856,1856,"Thompson Sampling","Ad_D","Tablet","Morning",0,0.1,188,0.02,33.3999999999998
9857,1857,"Thompson Sampling","Ad_D","Desktop","Afternoon",0,0.1,188,0.02,33.4199999999998
9858,1858,"Thompson Sampling","Ad_D","Desktop","Morning",0,0.1,188,0.02,33.4399999999998
9859,1859,"Thompson Sampling","Ad_D","Mobile","Morning",0,0.1,188,0.02,33.4599999999998
9860,1860,"Thompson Sampling","Ad_D","Mobile","Morning",0,0.1,188,0.02,33.4799999999998
9861,1861,"Thompson Sampling","Ad_D","Mobile","Afternoon",0,0.1,188,0.02,33.4999999999998
9862,1862,"Thompson Sampling","Ad_D","Desktop","Morning",1,0.1,189,0.02,33.5199999999998
9863,1863,"Thompson Sampling","Ad_D","Desktop","Morning",0,0.1,189,0.02,33.5399999999998
9864,1864,"Thompson Sampling","Ad_D","Desktop","Morning",0,0.1,189,0.02,33.5599999999998
9865,1865,"Thompson Sampling","Ad_D","Desktop","Morning",0,0.1,189,0.02,33.5799999999998
9866,1866,"Thompson Sampling","Ad_C","Tablet","Morning",1,0.12,190,0,33.5799999999998
9867,1867,"Thompson Sampling","Ad_B","Tablet","Afternoon",0,0.08,190,0.04,33.6199999999998
9868,1868,"Thompson Sampling","Ad_D","Tablet","Afternoon",0,0.1,190,0.02,33.6399999999998
9869,1869,"Thompson Sampling","Ad_D","Desktop","Morning",0,0.1,190,0.02,33.6599999999998
9870,1870,"Thompson Sampling","Ad_C","Desktop","Afternoon",0,0.12,190,0,33.6599999999998
9871,1871,"Thompson Sampling","Ad_D","Desktop","Afternoon",0,0.1,190,0.02,33.6799999999998
9872,1872,"Thompson Sampling","Ad_D","Tablet","Afternoon",0,0.1,190,0.02,33.6999999999998
9873,1873,"Thompson Sampling","Ad_D","Desktop","Afternoon",0,0.1,190,0.02,33.7199999999998
9874,1874,"Thompson Sampling","Ad_C","Mobile","Morning",0,0.12,190,0,33.7199999999998
9875,1875,"Thompson Sampling","Ad_D","Mobile","Morning",0,0.1,190,0.02,33.7399999999998
9876,1876,"Thompson Sampling","Ad_D","Tablet","Evening",1,0.1,191,0.02,33.7599999999998
9877,1877,"Thompson Sampling","Ad_D","Tablet","Afternoon",0,0.1,191,0.02,33.7799999999998
9878,1878,"Thompson Sampling","Ad_D","Desktop","Afternoon",0,0.1,191,0.02,33.7999999999998
9879,1879,"Thompson Sampling","Ad_D","Tablet","Evening",0,0.1,191,0.02,33.8199999999998
9880,1880,"Thompson Sampling","Ad_C","Desktop","Morning",0,0.12,191,0,33.8199999999998
9881,1881,"Thompson Sampling","Ad_D","Desktop","Afternoon",0,0.1,191,0.02,33.8399999999998
9882,1882,"Thompson Sampling","Ad_C","Mobile","Morning",0,0.12,191,0,33.8399999999998
9883,1883,"Thompson Sampling","Ad_D","Mobile","Morning",0,0.1,191,0.02,33.8599999999998
9884,1884,"Thompson Sampling","Ad_D","Desktop","Morning",0,0.1,191,0.02,33.8799999999998
9885,1885,"Thompson Sampling","Ad_C","Mobile","Evening",1,0.12,192,0,33.8799999999998
9886,1886,"Thompson Sampling","Ad_D","Desktop","Afternoon",0,0.1,192,0.02,33.8999999999998
9887,1887,"Thompson Sampling","Ad_C","Mobile","Morning",1,0.12,193,0,33.8999999999998
9888,1888,"Thompson Sampling","Ad_D","Desktop","Afternoon",0,0.1,193,0.02,33.9199999999999
9889,1889,"Thompson Sampling","Ad_D","Mobile","Afternoon",0,0.1,193,0.02,33.9399999999999
9890,1890,"Thompson Sampling","Ad_D","Desktop","Morning",0,0.1,193,0.02,33.9599999999999
9891,1891,"Thompson Sampling","Ad_D","Tablet","Morning",1,0.1,194,0.02,33.9799999999999
9892,1892,"Thompson Sampling","Ad_D","Tablet","Afternoon",1,0.1,195,0.02,33.9999999999999
9893,1893,"Thompson Sampling","Ad_D","Tablet","Afternoon",0,0.1,195,0.02,34.0199999999999
9894,1894,"Thompson Sampling","Ad_C","Mobile","Evening",0,0.12,195,0,34.0199999999999
9895,1895,"Thompson Sampling","Ad_D","Mobile","Evening",0,0.1,195,0.02,34.0399999999999
9896,1896,"Thompson Sampling","Ad_D","Tablet","Evening",0,0.1,195,0.02,34.0599999999999
9897,1897,"Thompson Sampling","Ad_D","Tablet","Evening",0,0.1,195,0.02,34.0799999999999
9898,1898,"Thompson Sampling","Ad_D","Desktop","Afternoon",0,0.1,195,0.02,34.0999999999999
9899,1899,"Thompson Sampling","Ad_D","Mobile","Evening",1,0.1,196,0.02,34.1199999999999
9900,1900,"Thompson Sampling","Ad_D","Tablet","Afternoon",0,0.1,196,0.02,34.1399999999999
9901,1901,"Thompson Sampling","Ad_D","Mobile","Afternoon",0,0.1,196,0.02,34.1599999999999
9902,1902,"Thompson Sampling","Ad_C","Mobile","Evening",0,0.12,196,0,34.1599999999999
9903,1903,"Thompson Sampling","Ad_C","Mobile","Morning",0,0.12,196,0,34.1599999999999
9904,1904,"Thompson Sampling","Ad_D","Mobile","Morning",0,0.1,196,0.02,34.1799999999999
9905,1905,"Thompson Sampling","Ad_D","Desktop","Afternoon",0,0.1,196,0.02,34.1999999999999
9906,1906,"Thompson Sampling","Ad_A","Tablet","Evening",0,0.05,196,0.07,34.2699999999999
9907,1907,"Thompson Sampling","Ad_D","Desktop","Morning",0,0.1,196,0.02,34.2899999999999
9908,1908,"Thompson Sampling","Ad_D","Mobile","Morning",0,0.1,196,0.02,34.3099999999999
9909,1909,"Thompson Sampling","Ad_D","Desktop","Afternoon",0,0.1,196,0.02,34.3299999999999
9910,1910,"Thompson Sampling","Ad_D","Tablet","Afternoon",0,0.1,196,0.02,34.3499999999999
9911,1911,"Thompson Sampling","Ad_D","Tablet","Morning",0,0.1,196,0.02,34.3699999999999
9912,1912,"Thompson Sampling","Ad_D","Desktop","Evening",0,0.1,196,0.02,34.3899999999999
9913,1913,"Thompson Sampling","Ad_C","Mobile","Afternoon",0,0.12,196,0,34.3899999999999
9914,1914,"Thompson Sampling","Ad_D","Tablet","Morning",0,0.1,196,0.02,34.4099999999999
9915,1915,"Thompson Sampling","Ad_C","Mobile","Evening",0,0.12,196,0,34.4099999999999
9916,1916,"Thompson Sampling","Ad_D","Desktop","Evening",0,0.1,196,0.02,34.4299999999999
9917,1917,"Thompson Sampling","Ad_D","Mobile","Evening",0,0.1,196,0.02,34.4499999999999
9918,1918,"Thompson Sampling","Ad_D","Tablet","Afternoon",0,0.1,196,0.02,34.4699999999999
9919,1919,"Thompson Sampling","Ad_C","Desktop","Evening",0,0.12,196,0,34.4699999999999
9920,1920,"Thompson Sampling","Ad_C","Tablet","Morning",1,0.12,197,0,34.4699999999999
9921,1921,"Thompson Sampling","Ad_C","Mobile","Morning",0,0.12,197,0,34.4699999999999
9922,1922,"Thompson Sampling","Ad_C","Desktop","Evening",0,0.12,197,0,34.4699999999999
9923,1923,"Thompson Sampling","Ad_D","Tablet","Morning",0,0.1,197,0.02,34.4899999999999
9924,1924,"Thompson Sampling","Ad_D","Tablet","Afternoon",1,0.1,198,0.02,34.5099999999999
9925,1925,"Thompson Sampling","Ad_C","Mobile","Afternoon",0,0.12,198,0,34.5099999999999
9926,1926,"Thompson Sampling","Ad_D","Mobile","Evening",0,0.1,198,0.02,34.5299999999999
9927,1927,"Thompson Sampling","Ad_D","Tablet","Morning",0,0.1,198,0.02,34.5499999999999
9928,1928,"Thompson Sampling","Ad_D","Mobile","Afternoon",0,0.1,198,0.02,34.5699999999999
9929,1929,"Thompson Sampling","Ad_D","Mobile","Afternoon",0,0.1,198,0.02,34.5899999999999
9930,1930,"Thompson Sampling","Ad_D","Tablet","Evening",0,0.1,198,0.02,34.6099999999999
9931,1931,"Thompson Sampling","Ad_D","Desktop","Afternoon",0,0.1,198,0.02,34.63
9932,1932,"Thompson Sampling","Ad_D","Desktop","Morning",0,0.1,198,0.02,34.65
9933,1933,"Thompson Sampling","Ad_D","Tablet","Evening",0,0.1,198,0.02,34.67
9934,1934,"Thompson Sampling","Ad_D","Desktop","Evening",0,0.1,198,0.02,34.69
9935,1935,"Thompson Sampling","Ad_D","Desktop","Morning",0,0.1,198,0.02,34.71
9936,1936,"Thompson Sampling","Ad_C","Tablet","Morning",0,0.12,198,0,34.71
9937,1937,"Thompson Sampling","Ad_D","Mobile","Morning",0,0.1,198,0.02,34.73
9938,1938,"Thompson Sampling","Ad_D","Desktop","Afternoon",0,0.1,198,0.02,34.75
9939,1939,"Thompson Sampling","Ad_C","Desktop","Evening",0,0.12,198,0,34.75
9940,1940,"Thompson Sampling","Ad_D","Mobile","Afternoon",1,0.1,199,0.02,34.77
9941,1941,"Thompson Sampling","Ad_D","Desktop","Evening",0,0.1,199,0.02,34.79
9942,1942,"Thompson Sampling","Ad_D","Desktop","Evening",0,0.1,199,0.02,34.81
9943,1943,"Thompson Sampling","Ad_D","Desktop","Afternoon",0,0.1,199,0.02,34.83
9944,1944,"Thompson Sampling","Ad_D","Tablet","Afternoon",0,0.1,199,0.02,34.85
9945,1945,"Thompson Sampling","Ad_B","Desktop","Evening",0,0.08,199,0.04,34.89
9946,1946,"Thompson Sampling","Ad_D","Desktop","Morning",0,0.1,199,0.02,34.91
9947,1947,"Thompson Sampling","Ad_D","Desktop","Afternoon",0,0.1,199,0.02,34.93
9948,1948,"Thompson Sampling","Ad_D","Desktop","Morning",0,0.1,199,0.02,34.95
9949,1949,"Thompson Sampling","Ad_D","Desktop","Afternoon",0,0.1,199,0.02,34.97
9950,1950,"Thompson Sampling","Ad_D","Desktop","Morning",0,0.1,199,0.02,34.99
9951,1951,"Thompson Sampling","Ad_D","Mobile","Evening",0,0.1,199,0.02,35.01
9952,1952,"Thompson Sampling","Ad_D","Mobile","Afternoon",0,0.1,199,0.02,35.03
9953,1953,"Thompson Sampling","Ad_D","Tablet","Evening",0,0.1,199,0.02,35.05
9954,1954,"Thompson Sampling","Ad_D","Mobile","Morning",0,0.1,199,0.02,35.07
9955,1955,"Thompson Sampling","Ad_C","Mobile","Evening",0,0.12,199,0,35.07
9956,1956,"Thompson Sampling","Ad_D","Tablet","Evening",0,0.1,199,0.02,35.09
9957,1957,"Thompson Sampling","Ad_C","Desktop","Morning",0,0.12,199,0,35.09
9958,1958,"Thompson Sampling","Ad_D","Mobile","Evening",1,0.1,200,0.02,35.11
9959,1959,"Thompson Sampling","Ad_C","Desktop","Evening",0,0.12,200,0,35.11
9960,1960,"Thompson Sampling","Ad_D","Desktop","Evening",0,0.1,200,0.02,35.13
9961,1961,"Thompson Sampling","Ad_D","Tablet","Morning",0,0.1,200,0.02,35.15
9962,1962,"Thompson Sampling","Ad_C","Tablet","Evening",0,0.12,200,0,35.15
9963,1963,"Thompson Sampling","Ad_C","Tablet","Morning",0,0.12,200,0,35.15
9964,1964,"Thompson Sampling","Ad_D","Mobile","Morning",0,0.1,200,0.02,35.17
9965,1965,"Thompson Sampling","Ad_D","Desktop","Afternoon",0,0.1,200,0.02,35.19
9966,1966,"Thompson Sampling","Ad_D","Desktop","Morning",1,0.1,201,0.02,35.21
9967,1967,"Thompson Sampling","Ad_D","Desktop","Evening",1,0.1,202,0.02,35.23
9968,1968,"Thompson Sampling","Ad_C","Desktop","Afternoon",0,0.12,202,0,35.23
9969,1969,"Thompson Sampling","Ad_C","Mobile","Afternoon",0,0.12,202,0,35.23
9970,1970,"Thompson Sampling","Ad_D","Desktop","Morning",0,0.1,202,0.02,35.25
9971,1971,"Thompson Sampling","Ad_D","Desktop","Morning",0,0.1,202,0.02,35.27
9972,1972,"Thompson Sampling","Ad_C","Tablet","Morning",0,0.12,202,0,35.27
9973,1973,"Thompson Sampling","Ad_D","Tablet","Afternoon",0,0.1,202,0.02,35.29
9974,1974,"Thompson Sampling","Ad_D","Desktop","Morning",0,0.1,202,0.02,35.3100000000001
9975,1975,"Thompson Sampling","Ad_D","Mobile","Evening",0,0.1,202,0.02,35.3300000000001
9976,1976,"Thompson Sampling","Ad_C","Mobile","Evening",1,0.12,203,0,35.3300000000001
9977,1977,"Thompson Sampling","Ad_D","Tablet","Evening",0,0.1,203,0.02,35.3500000000001
9978,1978,"Thompson Sampling","Ad_C","Desktop","Afternoon",0,0.12,203,0,35.3500000000001
9979,1979,"Thompson Sampling","Ad_C","Mobile","Evening",0,0.12,203,0,35.3500000000001
9980,1980,"Thompson Sampling","Ad_D","Tablet","Evening",0,0.1,203,0.02,35.3700000000001
9981,1981,"Thompson Sampling","Ad_D","Mobile","Evening",0,0.1,203,0.02,35.3900000000001
9982,1982,"Thompson Sampling","Ad_D","Tablet","Evening",0,0.1,203,0.02,35.4100000000001
9983,1983,"Thompson Sampling","Ad_D","Mobile","Evening",0,0.1,203,0.02,35.4300000000001
9984,1984,"Thompson Sampling","Ad_D","Desktop","Morning",0,0.1,203,0.02,35.4500000000001
9985,1985,"Thompson Sampling","Ad_C","Desktop","Morning",0,0.12,203,0,35.4500000000001
9986,1986,"Thompson Sampling","Ad_D","Desktop","Afternoon",0,0.1,203,0.02,35.4700000000001
9987,1987,"Thompson Sampling","Ad_D","Mobile","Morning",0,0.1,203,0.02,35.4900000000001
9988,1988,"Thompson Sampling","Ad_D","Tablet","Afternoon",0,0.1,203,0.02,35.5100000000001
9989,1989,"Thompson Sampling","Ad_C","Tablet","Evening",0,0.12,203,0,35.5100000000001
9990,1990,"Thompson Sampling","Ad_D","Mobile","Afternoon",0,0.1,203,0.02,35.5300000000001
9991,1991,"Thompson Sampling","Ad_D","Desktop","Afternoon",1,0.1,204,0.02,35.5500000000001
9992,1992,"Thompson Sampling","Ad_D","Mobile","Afternoon",0,0.1,204,0.02,35.5700000000001
9993,1993,"Thompson Sampling","Ad_D","Desktop","Morning",0,0.1,204,0.02,35.5900000000001
9994,1994,"Thompson Sampling","Ad_D","Desktop","Afternoon",0,0.1,204,0.02,35.6100000000001
9995,1995,"Thompson Sampling","Ad_D","Desktop","Afternoon",0,0.1,204,0.02,35.6300000000001
9996,1996,"Thompson Sampling","Ad_D","Tablet","Morning",0,0.1,204,0.02,35.6500000000001
9997,1997,"Thompson Sampling","Ad_D","Desktop","Afternoon",0,0.1,204,0.02,35.6700000000001
9998,1998,"Thompson Sampling","Ad_D","Desktop","Evening",0,0.1,204,0.02,35.6900000000001
9999,1999,"Thompson Sampling","Ad_C","Tablet","Morning",0,0.12,204,0,35.6900000000001
10000,2000,"Thompson Sampling","Ad_D","Desktop","Morning",0,0.1,204,0.02,35.7100000000001
